<Index dataContractVersion="2013" xmlns="http://www.sdltridion.com/ContentManager/ImportExport/Package/2013">
  <Item id="tcm:0-0-0" selected="false" exported="true">
    <ApplicationIds>
      <ApplicationId>http://www.sdl.com/tridion/SemanticMapping/vocabularies</ApplicationId>
    </ApplicationIds>
    <Item id="tcm:0-28-1" title="000%20Empty" itemType="Publication" selected="false" exported="true">
      <Item id="tcm:28-704-2" title="Building%20Blocks" itemType="Folder" blueprintStatus="LocalItem" selected="true" exported="true">
        <Item id="d8ac2b96ba2847c38345ac62544105ad" title="Default%20Templates" itemType="Folder" selected="false" exported="false">
          <Item id="dd0fe027a46f44488de451bbd8ea6ae4" title="Default%20Component%20Template" extension="tctcmp" itemType="ComponentTemplate" selected="false" exported="false" />
          <Item id="af1201529d0545f8b6ad70889cb38db0" title="Default%20Dreamweaver%20Page%20Design" extension="dwt" itemType="TemplateBuildingBlock" selected="false" exported="false" />
          <Item id="370c31abfa2846698b50856b1bcf5416" title="Default%20Page%20Template" extension="tptcmp" itemType="PageTemplate" selected="false" exported="false" />
        </Item>
        <Item id="1954c8c5e3104f059aefa598dedc809c" title="Default%20Multimedia%20Schema" extension="xsd" itemType="Schema" selected="false" exported="false" />
      </Item>
      <Item id="tcm:28-707-4" title="Home" itemType="StructureGroup" blueprintStatus="LocalItem" selected="true" exported="true" />
      <Item id="0c9d5aace0e94cba91e0364dc1c4a591" title="Task%20Process" extension="tpd" itemType="ProcessDefinition" selected="false" exported="false" />
    </Item>
    <Item id="tcm:0-29-1" title="100%20Master" itemType="Publication" selected="false" exported="true">
      <Item id="tcm:29-704-2" title="Building%20Blocks" itemType="Folder" blueprintStatus="SharedItem" selected="false" exported="true">
        <Item id="729d3ff7c40d4ec6bfcb0ac6935820c6" title="Default%20Templates" itemType="Folder" selected="false" exported="false">
          <Item id="6b216a13bd8a46c8ad9e88f606bffbad" title="Default%20Component%20Template" extension="tctcmp" itemType="ComponentTemplate" selected="false" exported="false" />
          <Item id="26aeca9dd484484a886d1ee43b36dd44" title="Default%20Dreamweaver%20Page%20Design" extension="dwt" itemType="TemplateBuildingBlock" selected="false" exported="false" />
          <Item id="eadd5249023d467283724b017605f2b3" title="Default%20Page%20Template" extension="tptcmp" itemType="PageTemplate" selected="false" exported="false" />
        </Item>
        <Item id="tcm:29-708-2" title="Modules" itemType="Folder" blueprintStatus="LocalItem" selected="false" exported="true">
          <Item id="cd841e1889ae4bb9a17acd4054269f94" title="Core" itemType="Folder" selected="false" exported="false">
            <Item id="45d314fd5c434082950a009eddc69f63" title="Developer" itemType="Folder" selected="false" exported="false">
              <Item id="c640ab05dd6446688cf67af35ab10e1f" title="Templates" itemType="Folder" selected="false" exported="false">
                <Item id="ae3dc841d7514bc5b53c597506339e73" title="JSON" extension="tptcmp" itemType="PageTemplate" selected="false" exported="false" />
              </Item>
            </Item>
            <Item id="800a15acf7804600bcf63c414f187e29" title="Site%20Manager" itemType="Folder" selected="false" exported="false">
              <Item id="917fe7346b85425a8e641a6eb1907e1c" title="Schemas" itemType="Folder" selected="false" exported="false">
                <Item id="a0916530cb604afabe6bacab80440bb4" title="Metadata" itemType="Folder" selected="false" exported="false">
                  <Item id="b2f6159fef1745c1a5f8bd699e6fb549" title="Publication%20Metadata" extension="xsd" itemType="Schema" selected="false" exported="false" />
                </Item>
                <Item id="ccd6b93040cd4e2783e018c45a02d698" title="Language%20Selector%20Configuration" extension="xsd" itemType="Schema" selected="false" exported="false" />
              </Item>
              <Item id="4f3ec8652f7b4d9182a72cc4516bab36" title="Templates" itemType="Folder" selected="false" exported="false">
                <Item id="3b64b9817f11478e989c79603aa3255f" title="Include%20Page" extension="tptcmp" itemType="PageTemplate" selected="false" exported="false" />
              </Item>
            </Item>
          </Item>
          <Item id="tcm:29-768-2" title="E-Commerce" itemType="Folder" blueprintStatus="LocalItem" selected="false" exported="true">
            <Item id="fab24f45db46464cbd39c0e902f79025" title="Editor" itemType="Folder" selected="false" exported="false">
              <Item id="b336f4ee98fe4b7a9edc31c224a14b8d" title="Schemas" itemType="Folder" selected="false" exported="false">
                <Item id="abeb46eec0674269b382ab94b737056c" title="ECommerce%20-%20Cart%20Widget" extension="xsd" itemType="Schema" selected="false" exported="false" />
                <Item id="63bb09ee4198439384ed67146bdba5d4" title="ECommerce%20-%20Search%20Box" extension="xsd" itemType="Schema" selected="false" exported="false" />
              </Item>
            </Item>
            <Item id="tcm:29-769-2" title="Site%20Manager" itemType="Folder" blueprintStatus="LocalItem" selected="false" exported="true">
              <Item id="tcm:29-770-2" title="Default%20Widgets" itemType="Folder" blueprintStatus="LocalItem" selected="false" exported="true">
                <Item id="tcm:29-4076" title="Cart" extension="xml" itemType="Component" blueprintStatus="LocalItem" selected="false" exported="true" />
                <Item id="tcm:29-4078" title="Search%20Box" extension="xml" itemType="Component" blueprintStatus="LocalItem" selected="false" exported="true" />
              </Item>
            </Item>
          </Item>
        </Item>
        <Item id="tcm:29-725-2" title="Settings" itemType="Folder" blueprintStatus="LocalItem" selected="false" exported="true">
          <Item id="tcm:29-726-2" title="Core" itemType="Folder" blueprintStatus="LocalItem" selected="false" exported="true">
            <Item id="tcm:29-727-2" title="Site%20Manager" itemType="Folder" blueprintStatus="LocalItem" selected="false" exported="true">
              <Item id="tcm:29-3928" title="Language%20Selector%20Configuration" extension="xml" itemType="Component" blueprintStatus="LocalItem" selected="false" exported="true" />
            </Item>
          </Item>
        </Item>
        <Item id="70a1caff086d41d6aa3ebbdcdf52089c" title="Default%20Multimedia%20Schema" extension="xsd" itemType="Schema" selected="false" exported="false" />
      </Item>
      <Item id="tcm:29-733-512" title="Content%20Type" itemType="Category" blueprintStatus="LocalItem" selected="false" exported="true">
        <Item id="tcm:29-3886-1024" title="Article" extension="tkw" itemType="Keyword" blueprintStatus="LocalItem" selected="false" exported="true" />
      </Item>
      <Item id="tcm:29-707-4" title="Home" itemType="StructureGroup" blueprintStatus="SharedItem" selected="false" exported="true">
        <Item id="tcm:29-723-4" title="_System" itemType="StructureGroup" blueprintStatus="LocalItem" selected="true" exported="true">
          <Item id="tcm:29-737-4" title="include" itemType="StructureGroup" blueprintStatus="LocalItem" selected="true" exported="true" />
        </Item>
      </Item>
      <Item id="tcm:29-734-512" title="List%20Sort%20Type" itemType="Category" blueprintStatus="LocalItem" selected="false" exported="true">
        <Item id="tcm:29-3931-1024" title="Last%20Published%20Date" extension="tkw" itemType="Keyword" blueprintStatus="LocalItem" selected="false" exported="true" />
      </Item>
      <Item id="dcbdc11facb840af87871e562f0e2fff" title="Task%20Process" extension="tpd" itemType="ProcessDefinition" selected="false" exported="false" />
    </Item>
    <Item id="tcm:0-30-1" title="110%20DXA%20Site%20Type" itemType="Publication" selected="false" exported="true">
      <ApplicationIds>
        <ApplicationId>SiteEdit</ApplicationId>
      </ApplicationIds>
      <Item id="tcm:30-704-2" title="Building%20Blocks" itemType="Folder" blueprintStatus="SharedItem" selected="false" exported="true">
        <Item id="tcm:30-743-2" title="Content" itemType="Folder" blueprintStatus="LocalizedItem" selected="true" exported="true">
          <Item id="tcm:30-750-2" title="Articles" itemType="Folder" blueprintStatus="LocalItem" selected="false" exported="true" />
          <Item id="tcm:30-794-2" title="E-Commerce" itemType="Folder" blueprintStatus="LocalItem" selected="true" exported="true">
            <Item id="698425c358384239864976d3dc465069" title="Detail" itemType="Folder" selected="false" exported="false" />
          </Item>
          <Item id="tcm:30-757-2" title="Images" itemType="Folder" blueprintStatus="LocalItem" selected="false" exported="true" />
          <Item id="tcm:30-755-2" title="Video" itemType="Folder" blueprintStatus="LocalItem" selected="false" exported="true" />
          <Item id="0ec16db55b1749d8b64d57f3c1cda60a" title="_Cloneable%20Content" itemType="Folder" selected="false" exported="false">
            <Item id="12ca4e926381426584a66c84904f50de" title="Article" extension="xml" itemType="Component" selected="false" exported="false" />
            <Item id="4d0c68a3e06d45909b56c5599a6e54fe" title="Content%20List" extension="xml" itemType="Component" selected="false" exported="false" />
            <Item id="7e62f26f244d4a3daab0a58cf8659ea9" title="Content%20Query" extension="xml" itemType="Component" selected="false" exported="false" />
            <Item id="40b4d2c22ecc4e7fb2c14ed9d0dda471" title="E-Commerce%20Product%20Detail" extension="xml" itemType="Component" selected="false" exported="false" />
            <Item id="7e7de47f2d2145de8b689eeb76a18443" title="Image%20List" extension="xml" itemType="Component" selected="false" exported="false" />
            <Item id="fe81ffff410d4bfeaad576e81c494544" title="Large%20Image" extension="jpg" itemType="Component" selected="false" exported="false" />
            <Item id="ee7946844ee94840a778b479b8257f5f" title="News%20Article" extension="xml" itemType="Component" selected="false" exported="false" />
            <Item id="00e1d4f225ec4bc79b115063636b1524" title="Place" extension="xml" itemType="Component" selected="false" exported="false" />
            <Item id="fe65bf60ec1a4a7988fca9e4878c8a65" title="YouTube%20Video" extension="jpg" itemType="Component" selected="false" exported="false" />
          </Item>
          <Item id="tcm:30-747-2" title="_Structure" itemType="Folder" blueprintStatus="LocalItem" selected="false" exported="true">
            <Item id="tcm:30-748-2" title="Header" itemType="Folder" blueprintStatus="LocalItem" selected="false" exported="true">
              <Item id="tcm:30-3962" title="Old%20Browser%20bar" extension="xml" itemType="Component" blueprintStatus="LocalItem" selected="false" exported="true" />
            </Item>
            <Item id="tcm:30-804-2" title="MegaNavigation" itemType="Folder" blueprintStatus="LocalItem" selected="false" exported="true" />
          </Item>
        </Item>
        <Item id="09f41771b6ef4fec92727c9e4d97a5d7" title="Default%20Templates" itemType="Folder" selected="false" exported="false">
          <Item id="37311bce0db741ca8efd9d9a879b6cb3" title="Default%20Component%20Template" extension="tctcmp" itemType="ComponentTemplate" selected="false" exported="false" />
          <Item id="1da556eae5524b2ba8952f89aecfa0cd" title="Default%20Dreamweaver%20Page%20Design" extension="dwt" itemType="TemplateBuildingBlock" selected="false" exported="false" />
        </Item>
        <Item id="0eecd27435f1479a895870f9f8a8d5da" title="Modules" itemType="Folder" selected="false" exported="false">
          <Item id="81e42212b4754e46961560b6f499e149" title="Core" itemType="Folder" selected="false" exported="false">
            <Item id="896b993ddb7d4335bd385a8ea9e1651a" title="Editor" itemType="Folder" selected="false" exported="false">
              <Item id="48fc7a48141248ebba1e8429c8454a92" title="Schemas" itemType="Folder" selected="false" exported="false">
                <Item id="aadfe60875c449fb9bb79d9a9b4d631a" title="Article" extension="xsd" itemType="Schema" selected="false" exported="false" />
                <Item id="9a32d42f8f0041d9a084bee69f519aea" title="Image" extension="xsd" itemType="Schema" selected="false" exported="false" />
                <Item id="dd8dfdf50d244f77acabf95126c7709f" title="YouTube%20Video" extension="xsd" itemType="Schema" selected="false" exported="false" />
              </Item>
              <Item id="9ffdcea760db49b9abaea51f8397464a" title="Templates" itemType="Folder" selected="false" exported="false">
                <Item id="6cd6224855e24aa798889c5f96aa9991" title="Accordion" extension="tctcmp" itemType="ComponentTemplate" selected="false" exported="false" />
                <Item id="b7daba7d89164a1a8fe478a9835f12b4" title="Article" extension="tctcmp" itemType="ComponentTemplate" selected="false" exported="false" />
                <Item id="82e9a93adc4845beafe66a216dc4a552" title="Content%20Page%20Without%20Navigation" extension="tptcmp" itemType="PageTemplate" selected="false" exported="false" />
                <Item id="281b096ab6d04fb0b9d0271a74570160" title="Content%20Page" extension="tptcmp" itemType="PageTemplate" selected="false" exported="false" />
                <Item id="6f0f75a7d8ef499d8490f996407c5234" title="Download" extension="tctcmp" itemType="ComponentTemplate" selected="false" exported="false" />
                <Item id="80efca99a3544282b7665b0c2cabc388" title="Home%20Page" extension="tptcmp" itemType="PageTemplate" selected="false" exported="false" />
                <Item id="7a104b1da7ed4a4eab6104d32ede5dd9" title="Paged%20List" extension="tctcmp" itemType="ComponentTemplate" selected="false" exported="false" />
                <Item id="dd6b2874496d4da099b699e69ad176e1" title="Place" extension="tctcmp" itemType="ComponentTemplate" selected="false" exported="false" />
                <Item id="cd9be478206d42e488a6fb9b79c71cd1" title="Redirect%20Page" extension="tptcmp" itemType="PageTemplate" selected="false" exported="false" />
                <Item id="61bd936b8c0943f4b29f641cbd465db1" title="Section%20Page" extension="tptcmp" itemType="PageTemplate" selected="false" exported="false" />
                <Item id="36ae4ba30b4942c5a1f764054d005045" title="Thumbnail%20List" extension="tctcmp" itemType="ComponentTemplate" selected="false" exported="false" />
                <Item id="4e9b21135384450bbd7fb65d1760ec35" title="YouTube%20Video" extension="tctcmp" itemType="ComponentTemplate" selected="false" exported="false" />
              </Item>
            </Item>
            <Item id="7047bb1eb60d4989b09ff3d8380600f7" title="Site%20Manager" itemType="Folder" selected="false" exported="false">
              <Item id="50275bcabe214cdeb901dea5f9fe1c56" title="Schemas" itemType="Folder" selected="false" exported="false">
                <Item id="6115d35d6feb44d69cda76a0e95a0799" title="Notification%20Bar" extension="xsd" itemType="Schema" selected="false" exported="false" />
              </Item>
            </Item>
          </Item>
          <Item id="bcd95061f95247628777fcc1b2a30c2c" title="E-Commerce" itemType="Folder" selected="false" exported="false">
            <Item id="aed32d41f46541f893d61015fb28a4b7" title="Editor" itemType="Folder" selected="false" exported="false">
              <Item id="ffdbac648b244419a11062ab3ba3bd05" title="Templates" itemType="Folder" selected="false" exported="false">
                <Item id="8e29dc7e70fe4a67adb157bd5553f74b" title="Product%20Detail%20Widget" extension="tctcmp" itemType="ComponentTemplate" selected="false" exported="false" />
              </Item>
            </Item>
            <Item id="87efe096a0d5410baf75db7d735f7f6d" title="Site%20Manager" itemType="Folder" selected="false" exported="false">
              <Item id="70d7c86848854aa8801747691edd423c" title="Default%20Widgets" itemType="Folder" selected="false" exported="false">
                <Item id="af2dfc91e0f74d9cb6f0bfefbc60525d" title="Product%20Detail" extension="xml" itemType="Component" selected="false" exported="false" />
              </Item>
            </Item>
          </Item>
        </Item>
        <Item id="30e5e27dfc6749d99383ee99a2755d6f" title="Default%20Multimedia%20Schema" extension="xsd" itemType="Schema" selected="false" exported="false" />
      </Item>
      <Item id="2874f7ec0d96444fb18f1f0d420de146" title="Task%20Process" extension="tpd" itemType="ProcessDefinition" selected="false" exported="false" />
    </Item>
    <Item id="tcm:0-31-1" title="200%20Example%20Content" itemType="Publication" selected="true" exported="true">
      <Item id="tcm:31-704-2" title="Building%20Blocks" itemType="Folder" blueprintStatus="SharedItem" selected="true" exported="true">
        <Item id="tcm:31-743-2" title="Content" itemType="Folder" blueprintStatus="SharedItem" selected="true" exported="true">
          <Item id="tcm:31-759-2" title="About" itemType="Folder" blueprintStatus="LocalItem" selected="false" exported="true">
            <Item id="tcm:31-4000" title="Company%20Information" extension="xml" itemType="Component" blueprintStatus="LocalItem" selected="false" exported="true" />
            <Item id="tcm:31-3997" title="Contact%20Tab%20Content" extension="xml" itemType="Component" blueprintStatus="LocalItem" selected="false" exported="true" />
            <Item id="tcm:31-4026" title="Privacy%20Policy" extension="xml" itemType="Component" blueprintStatus="LocalItem" selected="false" exported="true" />
          </Item>
          <Item id="tcm:31-750-2" title="Articles" itemType="Folder" blueprintStatus="SharedItem" selected="false" exported="true">
            <Item id="tcm:31-4015" title="All%20Articles%20Index" extension="xml" itemType="Component" blueprintStatus="LocalItem" selected="false" exported="true" />
            <Item id="tcm:31-4020" title="News%20Intro" extension="xml" itemType="Component" blueprintStatus="LocalItem" selected="false" exported="true" />
          </Item>
          <Item id="tcm:31-794-2" title="E-Commerce" itemType="Folder" blueprintStatus="SharedItem" selected="true" exported="true">
            <Item id="tcm:31-803-2" title="Mega%20Navigation" itemType="Folder" blueprintStatus="LocalItem" selected="true" exported="true">
              <Item id="tcm:31-807-2" title="Hybris" itemType="Folder" blueprintStatus="LocalItem" selected="true" exported="true">
                <Item id="tcm:31-4142" title="Accessories%20Section" extension="xml" itemType="Component" blueprintStatus="LocalItem" selected="true" exported="true" />
                <Item id="tcm:31-4143" title="Accessories%20women%20Section" extension="xml" itemType="Component" blueprintStatus="LocalItem" selected="true" exported="true" />
                <Item id="tcm:31-4140" title="Cameras%20Section" extension="xml" itemType="Component" blueprintStatus="LocalItem" selected="true" exported="true" />
                <Item id="tcm:31-4139" title="Clothes%20Section" extension="xml" itemType="Component" blueprintStatus="LocalItem" selected="true" exported="true" />
                <Item id="tcm:31-4141" title="Data%20storage%20Section" extension="xml" itemType="Component" blueprintStatus="LocalItem" selected="true" exported="true" />
              </Item>
            </Item>
          </Item>
          <Item id="tcm:31-763-2" title="Homepage" itemType="Folder" blueprintStatus="LocalItem" selected="false" exported="true">
            <Item id="tcm:31-4023" title="Homepage%20Welcome" extension="xml" itemType="Component" blueprintStatus="LocalItem" selected="false" exported="true" />
          </Item>
          <Item id="tcm:31-757-2" title="Images" itemType="Folder" blueprintStatus="SharedItem" selected="false" exported="true">
            <Item id="tcm:31-760-2" title="Large" itemType="Folder" blueprintStatus="LocalItem" selected="false" exported="true">
              <Item id="tcm:31-4014" title="bridge" extension="jpg" itemType="Component" subtype="1" blueprintStatus="LocalItem" selected="false" exported="true" />
              <Item id="tcm:31-3999" title="planes" extension="jpg" itemType="Component" subtype="1" blueprintStatus="LocalItem" selected="false" exported="true" />
            </Item>
          </Item>
          <Item id="tcm:31-755-2" title="Video" itemType="Folder" blueprintStatus="SharedItem" selected="false" exported="true">
            <Item id="tcm:31-3998" title="Company%20News%20Media%20Manager%20Video" extension="png" itemType="Component" subtype="1" blueprintStatus="LocalItem" selected="false" exported="true" />
          </Item>
          <Item id="d19c612a0a23415d92661ab9fa65c979" title="_Structure" itemType="Folder" selected="false" exported="false">
            <Item id="tcm:31-748-2" title="Header" itemType="Folder" blueprintStatus="SharedItem" selected="false" exported="true">
              <Item id="tcm:31-4016" title="Company%20Logo%20540%20px" extension="png" itemType="Component" subtype="1" blueprintStatus="LocalItem" selected="false" exported="true" />
            </Item>
          </Item>
        </Item>
        <Item id="225746f6c0584c64bd917890e5070243" title="Default%20Templates" itemType="Folder" selected="false" exported="false">
          <Item id="037a02d0fae8496690d3eee042ca5ef2" title="Default%20Component%20Template" extension="tctcmp" itemType="ComponentTemplate" selected="false" exported="false" />
          <Item id="4b09d6585a3642899c96bcc3a18a3422" title="Default%20Dreamweaver%20Page%20Design" extension="dwt" itemType="TemplateBuildingBlock" selected="false" exported="false" />
          <Item id="c136449af9be45548f5aa2cb36a26cd0" title="Default%20Page%20Template" extension="tptcmp" itemType="PageTemplate" selected="false" exported="false" />
        </Item>
        <Item id="9749672a90d94d94a874a5c1b0b9fe9e" title="Modules" itemType="Folder" selected="false" exported="false">
          <Item id="3ab87dd5a3f94de3b0c3e1a9c1d7a697" title="Core" itemType="Folder" selected="false" exported="false">
            <Item id="d03ecee2a019454482e512076298943d" title="Editor" itemType="Folder" selected="false" exported="false">
              <Item id="f9424185911c4da6a594fad0e03fdff9" title="Schemas" itemType="Folder" selected="false" exported="false">
                <Item id="4f70e7fd474549359b87b3b0a0b0372c" title="Article" extension="xsd" itemType="Schema" selected="false" exported="false" />
                <Item id="e5318495af8e4c36b0321c1e0b6cc776" title="Content%20Query" extension="xsd" itemType="Schema" selected="false" exported="false" />
                <Item id="2854120193ee4ddb8c6d3c78d373ead7" title="Image" extension="xsd" itemType="Schema" selected="false" exported="false" />
                <Item id="ebf5270b33314e168198cf89bfec1126" title="Item%20List" extension="xsd" itemType="Schema" selected="false" exported="false" />
                <Item id="570316919e88450d9db9cacdbc6fb0ab" title="YouTube%20Video" extension="xsd" itemType="Schema" selected="false" exported="false" />
              </Item>
            </Item>
          </Item>
          <Item id="fb66f1df5f2b417f81fd2bba6dc87905" title="E-Commerce" itemType="Folder" selected="false" exported="false">
            <Item id="ecf91f272f064a9391937615af3b68a4" title="Editor" itemType="Folder" selected="false" exported="false">
              <Item id="1a03e39b69e847d7a47f8d29d5d5fef4" title="Schemas" itemType="Folder" selected="false" exported="false">
                <Item id="999463619acb4d0bbf2b355cd53b49c2" title="ECommerce%20-%20Facets%20Widget" extension="xsd" itemType="Schema" selected="false" exported="false" />
              </Item>
            </Item>
          </Item>
        </Item>
        <Item id="dc9377562e0d4210bfe3e8ea28b76314" title="Default%20Multimedia%20Schema" extension="xsd" itemType="Schema" selected="false" exported="false" />
      </Item>
      <Item id="b7b3e368904c4a0ebfece733e45558a2" title="Content%20Type" itemType="Category" selected="false" exported="false">
        <Item id="tcm:31-3886-1024" title="Article" extension="tkw" itemType="Keyword" blueprintStatus="SharedItem" selected="false" exported="true" />
      </Item>
      <Item id="5b090d76ae664cb9addf76f03175ccf2" title="List%20Sort%20Type" itemType="Category" selected="false" exported="false">
        <Item id="tcm:31-3931-1024" title="Last%20Published%20Date" extension="tkw" itemType="Keyword" blueprintStatus="SharedItem" selected="false" exported="true" />
      </Item>
      <Item id="66d0ba2f16584d3391f20a38882f3023" title="Task%20Process" extension="tpd" itemType="ProcessDefinition" selected="false" exported="false" />
    </Item>
    <Item id="tcm:0-32-1" title="400%20Example%20Site" itemType="Publication" selected="true" exported="true">
      <ApplicationIds>
        <ApplicationId>SiteEdit</ApplicationId>
      </ApplicationIds>
      <Item id="04c923a4167b49ea93a3b725524d3325" title="Building%20Blocks" itemType="Folder" selected="false" exported="false">
        <Item id="fc02381c68a54013a70094dbe6bc22ff" title="Content" itemType="Folder" selected="false" exported="false">
          <Item id="1d5720953cb340c0a86e8da02fd0ee6e" title="About" itemType="Folder" selected="false" exported="false">
            <Item id="tcm:32-4000" title="Company%20Information" extension="xml" itemType="Component" blueprintStatus="SharedItem" selected="false" exported="true" />
            <Item id="tcm:32-3997" title="Contact%20Tab%20Content" extension="xml" itemType="Component" blueprintStatus="SharedItem" selected="false" exported="true" />
            <Item id="tcm:32-4026" title="Privacy%20Policy" extension="xml" itemType="Component" blueprintStatus="SharedItem" selected="false" exported="true" />
          </Item>
          <Item id="64c7378f5d9040a48949ef3a2e50c246" title="Articles" itemType="Folder" selected="false" exported="false">
            <Item id="tcm:32-4015" title="All%20Articles%20Index" extension="xml" itemType="Component" blueprintStatus="SharedItem" selected="false" exported="true" />
            <Item id="tcm:32-4020" title="News%20Intro" extension="xml" itemType="Component" blueprintStatus="SharedItem" selected="false" exported="true" />
          </Item>
          <Item id="03543fe24a174d879c5c14a14a2d3071" title="E-Commerce" itemType="Folder" selected="false" exported="false">
            <Item id="2a30eefcdc6f42e2a48c9b053cd912a6" title="Mega%20Navigation" itemType="Folder" selected="false" exported="false">
              <Item id="447eb3e96f6d483eaf21bf383cf598c3" title="Hybris" itemType="Folder" selected="false" exported="false">
                <Item id="tcm:32-4142" title="Accessories%20Section" extension="xml" itemType="Component" blueprintStatus="SharedItem" selected="false" exported="true" />
                <Item id="tcm:32-4143" title="Accessories%20women%20Section" extension="xml" itemType="Component" blueprintStatus="SharedItem" selected="false" exported="true" />
                <Item id="tcm:32-4139" title="Clothes%20Section" extension="xml" itemType="Component" blueprintStatus="SharedItem" selected="false" exported="true" />
              </Item>
            </Item>
          </Item>
          <Item id="3a9f2ff3fed24a59842b5a4d8d03ffbe" title="Homepage" itemType="Folder" selected="false" exported="false">
            <Item id="tcm:32-4023" title="Homepage%20Welcome" extension="xml" itemType="Component" blueprintStatus="SharedItem" selected="false" exported="true" />
          </Item>
          <Item id="bba49fb699a748bcacd2ab5e833e68d9" title="_Structure" itemType="Folder" selected="false" exported="false">
            <Item id="tcm:32-748-2" title="Header" itemType="Folder" blueprintStatus="SharedItem" selected="false" exported="true">
              <Item id="tcm:32-4016" title="Company%20Logo%20540%20px" extension="png" itemType="Component" subtype="1" blueprintStatus="SharedItem" selected="false" exported="true" />
              <Item id="tcm:32-4037" title="Cookie%20bar" extension="xml" itemType="Component" blueprintStatus="LocalItem" selected="false" exported="true" />
              <Item id="tcm:32-4039" title="Header%20Links" extension="xml" itemType="Component" blueprintStatus="LocalItem" selected="false" exported="true" />
              <Item id="tcm:32-4038" title="Header" extension="xml" itemType="Component" blueprintStatus="LocalItem" selected="false" exported="true" />
              <Item id="tcm:32-3962" title="Old%20Browser%20bar" extension="xml" itemType="Component" blueprintStatus="SharedItem" selected="false" exported="true" />
            </Item>
            <Item id="tcm:32-804-2" title="MegaNavigation" itemType="Folder" blueprintStatus="SharedItem" selected="false" exported="true">
              <Item id="tcm:32-4121" title="Article%20Section" extension="xml" itemType="Component" blueprintStatus="LocalItem" selected="false" exported="true" />
              <Item id="tcm:32-4120" title="Home%20Section" extension="xml" itemType="Component" blueprintStatus="LocalItem" selected="false" exported="true" />
            </Item>
          </Item>
        </Item>
        <Item id="fdaa982165c743c7a4e76bf6a4da317d" title="Default%20Templates" itemType="Folder" selected="false" exported="false">
          <Item id="4d4df6b7fed84ccd9179294c9df51365" title="Default%20Component%20Template" extension="tctcmp" itemType="ComponentTemplate" selected="false" exported="false" />
          <Item id="1877827054e542f8a856531003f36939" title="Default%20Dreamweaver%20Page%20Design" extension="dwt" itemType="TemplateBuildingBlock" selected="false" exported="false" />
        </Item>
        <Item id="99cb9f379e6f4569934ba1b0d3e561ef" title="Modules" itemType="Folder" selected="false" exported="false">
          <Item id="69331182107b4838bd8ce899c7381ce1" title="Core" itemType="Folder" selected="false" exported="false">
            <Item id="c687ef087a25458184053839fa7d12f9" title="Editor" itemType="Folder" selected="false" exported="false">
              <Item id="2b6f98c4079d4a5d9293fdae073e37e7" title="Schemas" itemType="Folder" selected="false" exported="false">
                <Item id="d36c7349295a48dc812e20791b9929a5" title="Link%20List" extension="xsd" itemType="Schema" selected="false" exported="false" />
                <Item id="ea7063b3801d42e59a9373e939ae07af" title="Teaser" extension="xsd" itemType="Schema" selected="false" exported="false" />
              </Item>
              <Item id="fd4e5a1d6e1044bd90f08ef4a0c9861e" title="Templates" itemType="Folder" selected="false" exported="false">
                <Item id="0f089d0d063842d8825e7a4ebc63bdc8" title="Content%20Page" extension="tptcmp" itemType="PageTemplate" selected="false" exported="false" />
              </Item>
            </Item>
            <Item id="aea548728f2340ef8ce7c38062e51022" title="Site%20Manager" itemType="Folder" selected="false" exported="false">
              <Item id="bbe4dcb55cb44ee796d2150f41927e08" title="Schemas" itemType="Folder" selected="false" exported="false">
                <Item id="32e884dc324240f283afbc7bee07b1fa" title="Metadata" itemType="Folder" selected="false" exported="false">
                  <Item id="cd1fe03071944d549d27cdf76b32455e" title="Publication%20Metadata" extension="xsd" itemType="Schema" selected="false" exported="false" />
                </Item>
                <Item id="ade85550074b4ce9a07e10e596f1edf4" title="Notification%20Bar" extension="xsd" itemType="Schema" selected="false" exported="false" />
              </Item>
              <Item id="638822be6d6c488e91b99d9c1d70de8e" title="Templates" itemType="Folder" selected="false" exported="false">
                <Item id="3205ac60867140b79bf888fd641b0ba3" title="Cookie%20Notification%20Bar%20%5BInfo%5D" extension="tctcmp" itemType="ComponentTemplate" selected="false" exported="false" />
                <Item id="6ab52823a1704d40bd804f02d36483c0" title="Header%20Links%20%5BNav%5D" extension="tctcmp" itemType="ComponentTemplate" selected="false" exported="false" />
                <Item id="2ed03ebb1cc44636915c36d934d6213c" title="Header%20Logo%20%5BLogo%5D" extension="tctcmp" itemType="ComponentTemplate" selected="false" exported="false" />
                <Item id="7b2482f1697a401bb95338bb9aaba800" title="Include%20Page" extension="tptcmp" itemType="PageTemplate" selected="false" exported="false" />
                <Item id="125331eb8abe4da5a6f941963b70bd51" title="Language%20Selector%20%5BNav%5D" extension="tctcmp" itemType="ComponentTemplate" selected="false" exported="false" />
                <Item id="a7be766d2ec14ee79c84420ab2ea6fed" title="Old%20Browser%20Notification%20Bar%20%5BInfo%5D" extension="tctcmp" itemType="ComponentTemplate" selected="false" exported="false" />
              </Item>
            </Item>
          </Item>
          <Item id="c9529a6ade0c48dab7229c5fc26697ab" title="E-Commerce" itemType="Folder" selected="false" exported="false">
            <Item id="05dfca78c8bf48769aa2bcece7a17255" title="Editor" itemType="Folder" selected="false" exported="false">
              <Item id="5fef1c14be854575b17614ddcb1b0788" title="Templates" itemType="Folder" selected="false" exported="false">
                <Item id="5ea581ac4919417a87338fc45cbb40fd" title="Cart%20%5BNav%5D" extension="tctcmp" itemType="ComponentTemplate" selected="false" exported="false" />
                <Item id="89f3ed2c5f644a138fbba0c8657f17a1" title="Facets%20Widget%20%5BMegaNavigation%5D" extension="tctcmp" itemType="ComponentTemplate" selected="false" exported="false" />
                <Item id="1ba55bd5c91a437d933eca2cf2216922" title="Search%20Box%20%5BNav%5D" extension="tctcmp" itemType="ComponentTemplate" selected="false" exported="false" />
              </Item>
            </Item>
            <Item id="8f64d3136329403ea01b286438441362" title="Site%20Manager" itemType="Folder" selected="false" exported="false">
              <Item id="825baefc41744138b681673a8cb9b8a6" title="Default%20Widgets" itemType="Folder" selected="false" exported="false">
                <Item id="tcm:32-4076" title="Cart" extension="xml" itemType="Component" blueprintStatus="SharedItem" selected="false" exported="true" />
                <Item id="tcm:32-4078" title="Search%20Box" extension="xml" itemType="Component" blueprintStatus="SharedItem" selected="false" exported="true" />
              </Item>
            </Item>
          </Item>
          <Item id="7a82e69cbb3d4934ba40843d0627f867" title="Navigation" itemType="Folder" selected="false" exported="false">
            <Item id="117d8989e1ce464788cb2e57b08c6b7f" title="Site%20Manager" itemType="Folder" selected="false" exported="false">
              <Item id="036201a649814c41b0286b50dfb33e60" title="Schemas" itemType="Folder" selected="false" exported="false">
                <Item id="b3d5e0bf17bd4d6097346f6c13b2e87c" title="Navigation%20Section" extension="xsd" itemType="Schema" selected="false" exported="false" />
              </Item>
              <Item id="4f6c9beb561e4fb5a27ffd8beba82cca" title="Templates" itemType="Folder" selected="false" exported="false">
                <Item id="9bb76965d9af47ca9882a3fbb1f01dc6" title="Navigation%20Section%20%5BMegaNavigation%5D" extension="tctcmp" itemType="ComponentTemplate" selected="false" exported="false" />
              </Item>
            </Item>
          </Item>
        </Item>
        <Item id="db5c6394d39f4c9888a1b8273be38144" title="Settings" itemType="Folder" selected="false" exported="false">
          <Item id="8defc374a3da4989a7e9fd0bab35fa77" title="Core" itemType="Folder" selected="false" exported="false">
            <Item id="89b99b725bd246c4a45ebe077608741a" title="Site%20Manager" itemType="Folder" selected="false" exported="false">
              <Item id="tcm:32-3928" title="Language%20Selector%20Configuration" extension="xml" itemType="Component" blueprintStatus="SharedItem" selected="false" exported="true" />
            </Item>
          </Item>
        </Item>
        <Item id="14fbfc9100c942b4b55abd634356546b" title="Default%20Multimedia%20Schema" extension="xsd" itemType="Schema" selected="false" exported="false" />
      </Item>
      <Item id="tcm:32-707-4" title="Home" itemType="StructureGroup" blueprintStatus="SharedItem" selected="true" exported="true">
        <Item id="tcm:32-723-4" title="_System" itemType="StructureGroup" blueprintStatus="SharedItem" selected="true" exported="true">
          <Item id="tcm:32-737-4" title="include" itemType="StructureGroup" blueprintStatus="SharedItem" selected="true" exported="true">
            <Item id="tcm:32-3986-64" title="Header" extension="tpg" itemType="Page" blueprintStatus="LocalizedItem" selected="true" exported="true" />
          </Item>
        </Item>
      </Item>
      <Item id="179c7638f91e44429ae8d4bc29e4ff25" title="Task%20Process" extension="tpd" itemType="ProcessDefinition" selected="false" exported="false" />
    </Item>
    <Item id="tcm:0-2-65544" title="Jpeg%20image" extension="tmt" itemType="MultimediaType" selected="false" exported="true" />
    <Item id="tcm:0-3-65544" title="Png%20image" extension="tmt" itemType="MultimediaType" selected="false" exported="true" />
  </Item>
</Index>