<Mappings xmlns="http://www.sdltridion.com/ContentManager/ImportExport/Package/2013">
  <ItemSet role="Publication">
    <Mapping exportTitle="000%20Empty" importTitle="" />
    <Mapping exportTitle="100%20Master" importTitle="" />
    <Mapping exportTitle="110%20DXA%20Site%20Type" importTitle="" />
    <Mapping exportTitle="200%20Example%20Content" importTitle="" />
    <Mapping exportTitle="400%20Example%20Site" importTitle="" />
  </ItemSet>
  <ItemSet role="Folder">
    <Mapping exportContext="/000%20Empty" exportTitle="Building%20Blocks" importContext="" importTitle="" />
    <Mapping exportContext="/000%20Empty/Building%20Blocks" exportTitle="Default%20Templates" importContext="" importTitle="" />
    <Mapping exportContext="/100%20Master" exportTitle="Building%20Blocks" importContext="" importTitle="" />
    <Mapping exportContext="/100%20Master/Building%20Blocks" exportTitle="Default%20Templates" importContext="" importTitle="" />
    <Mapping exportContext="/100%20Master/Building%20Blocks" exportTitle="Modules" importContext="" importTitle="" />
    <Mapping exportContext="/100%20Master/Building%20Blocks/Modules" exportTitle="Core" importContext="" importTitle="" />
    <Mapping exportContext="/100%20Master/Building%20Blocks/Modules/Core" exportTitle="Developer" importContext="" importTitle="" />
    <Mapping exportContext="/100%20Master/Building%20Blocks/Modules/Core/Developer" exportTitle="Templates" importContext="" importTitle="" />
    <Mapping exportContext="/100%20Master/Building%20Blocks/Modules/Core" exportTitle="Site%20Manager" importContext="" importTitle="" />
    <Mapping exportContext="/100%20Master/Building%20Blocks/Modules/Core/Site%20Manager" exportTitle="Schemas" importContext="" importTitle="" />
    <Mapping exportContext="/100%20Master/Building%20Blocks/Modules/Core/Site%20Manager/Schemas" exportTitle="Metadata" importContext="" importTitle="" />
    <Mapping exportContext="/100%20Master/Building%20Blocks/Modules/Core/Site%20Manager" exportTitle="Templates" importContext="" importTitle="" />
    <Mapping exportContext="/100%20Master/Building%20Blocks/Modules" exportTitle="E-Commerce" importContext="" importTitle="" />
    <Mapping exportContext="/100%20Master/Building%20Blocks/Modules/E-Commerce" exportTitle="Editor" importContext="" importTitle="" />
    <Mapping exportContext="/100%20Master/Building%20Blocks/Modules/E-Commerce/Editor" exportTitle="Schemas" importContext="" importTitle="" />
    <Mapping exportContext="/100%20Master/Building%20Blocks/Modules/E-Commerce" exportTitle="Site%20Manager" importContext="" importTitle="" />
    <Mapping exportContext="/100%20Master/Building%20Blocks/Modules/E-Commerce/Site%20Manager" exportTitle="Default%20Widgets" importContext="" importTitle="" />
    <Mapping exportContext="/100%20Master/Building%20Blocks" exportTitle="Settings" importContext="" importTitle="" />
    <Mapping exportContext="/100%20Master/Building%20Blocks/Settings" exportTitle="Core" importContext="" importTitle="" />
    <Mapping exportContext="/100%20Master/Building%20Blocks/Settings/Core" exportTitle="Site%20Manager" importContext="" importTitle="" />
    <Mapping exportContext="/110%20DXA%20Site%20Type" exportTitle="Building%20Blocks" importContext="" importTitle="" />
    <Mapping exportContext="/110%20DXA%20Site%20Type/Building%20Blocks" exportTitle="Content" importContext="" importTitle="" />
    <Mapping exportContext="/110%20DXA%20Site%20Type/Building%20Blocks/Content" exportTitle="_Cloneable%20Content" importContext="" importTitle="" />
    <Mapping exportContext="/110%20DXA%20Site%20Type/Building%20Blocks/Content" exportTitle="_Structure" importContext="" importTitle="" />
    <Mapping exportContext="/110%20DXA%20Site%20Type/Building%20Blocks/Content/_Structure" exportTitle="Header" importContext="" importTitle="" />
    <Mapping exportContext="/110%20DXA%20Site%20Type/Building%20Blocks/Content/_Structure" exportTitle="MegaNavigation" importContext="" importTitle="" />
    <Mapping exportContext="/110%20DXA%20Site%20Type/Building%20Blocks/Content" exportTitle="Articles" importContext="" importTitle="" />
    <Mapping exportContext="/110%20DXA%20Site%20Type/Building%20Blocks/Content" exportTitle="E-Commerce" importContext="" importTitle="" />
    <Mapping exportContext="/110%20DXA%20Site%20Type/Building%20Blocks/Content/E-Commerce" exportTitle="Detail" importContext="" importTitle="" />
    <Mapping exportContext="/110%20DXA%20Site%20Type/Building%20Blocks/Content" exportTitle="Images" importContext="" importTitle="" />
    <Mapping exportContext="/110%20DXA%20Site%20Type/Building%20Blocks/Content" exportTitle="Video" importContext="" importTitle="" />
    <Mapping exportContext="/110%20DXA%20Site%20Type/Building%20Blocks" exportTitle="Default%20Templates" importContext="" importTitle="" />
    <Mapping exportContext="/110%20DXA%20Site%20Type/Building%20Blocks" exportTitle="Modules" importContext="" importTitle="" />
    <Mapping exportContext="/110%20DXA%20Site%20Type/Building%20Blocks/Modules" exportTitle="Core" importContext="" importTitle="" />
    <Mapping exportContext="/110%20DXA%20Site%20Type/Building%20Blocks/Modules/Core" exportTitle="Editor" importContext="" importTitle="" />
    <Mapping exportContext="/110%20DXA%20Site%20Type/Building%20Blocks/Modules/Core/Editor" exportTitle="Schemas" importContext="" importTitle="" />
    <Mapping exportContext="/110%20DXA%20Site%20Type/Building%20Blocks/Modules/Core/Editor" exportTitle="Templates" importContext="" importTitle="" />
    <Mapping exportContext="/110%20DXA%20Site%20Type/Building%20Blocks/Modules/Core" exportTitle="Site%20Manager" importContext="" importTitle="" />
    <Mapping exportContext="/110%20DXA%20Site%20Type/Building%20Blocks/Modules/Core/Site%20Manager" exportTitle="Schemas" importContext="" importTitle="" />
    <Mapping exportContext="/110%20DXA%20Site%20Type/Building%20Blocks/Modules" exportTitle="E-Commerce" importContext="" importTitle="" />
    <Mapping exportContext="/110%20DXA%20Site%20Type/Building%20Blocks/Modules/E-Commerce" exportTitle="Editor" importContext="" importTitle="" />
    <Mapping exportContext="/110%20DXA%20Site%20Type/Building%20Blocks/Modules/E-Commerce/Editor" exportTitle="Templates" importContext="" importTitle="" />
    <Mapping exportContext="/110%20DXA%20Site%20Type/Building%20Blocks/Modules/E-Commerce" exportTitle="Site%20Manager" importContext="" importTitle="" />
    <Mapping exportContext="/110%20DXA%20Site%20Type/Building%20Blocks/Modules/E-Commerce/Site%20Manager" exportTitle="Default%20Widgets" importContext="" importTitle="" />
    <Mapping exportContext="/200%20Example%20Content" exportTitle="Building%20Blocks" importContext="" importTitle="" />
    <Mapping exportContext="/200%20Example%20Content/Building%20Blocks" exportTitle="Content" importContext="" importTitle="" />
    <Mapping exportContext="/200%20Example%20Content/Building%20Blocks/Content" exportTitle="_Structure" importContext="" importTitle="" />
    <Mapping exportContext="/200%20Example%20Content/Building%20Blocks/Content/_Structure" exportTitle="Header" importContext="" importTitle="" />
    <Mapping exportContext="/200%20Example%20Content/Building%20Blocks/Content" exportTitle="About" importContext="" importTitle="" />
    <Mapping exportContext="/200%20Example%20Content/Building%20Blocks/Content" exportTitle="Articles" importContext="" importTitle="" />
    <Mapping exportContext="/200%20Example%20Content/Building%20Blocks/Content" exportTitle="E-Commerce" importContext="" importTitle="" />
    <Mapping exportContext="/200%20Example%20Content/Building%20Blocks/Content/E-Commerce" exportTitle="Mega%20Navigation" importContext="" importTitle="" />
    <Mapping exportContext="/200%20Example%20Content/Building%20Blocks/Content/E-Commerce/Mega%20Navigation" exportTitle="Hybris" importContext="" importTitle="" />
    <Mapping exportContext="/200%20Example%20Content/Building%20Blocks/Content" exportTitle="Homepage" importContext="" importTitle="" />
    <Mapping exportContext="/200%20Example%20Content/Building%20Blocks/Content" exportTitle="Images" importContext="" importTitle="" />
    <Mapping exportContext="/200%20Example%20Content/Building%20Blocks/Content/Images" exportTitle="Large" importContext="" importTitle="" />
    <Mapping exportContext="/200%20Example%20Content/Building%20Blocks/Content" exportTitle="Video" importContext="" importTitle="" />
    <Mapping exportContext="/200%20Example%20Content/Building%20Blocks" exportTitle="Default%20Templates" importContext="" importTitle="" />
    <Mapping exportContext="/200%20Example%20Content/Building%20Blocks" exportTitle="Modules" importContext="" importTitle="" />
    <Mapping exportContext="/200%20Example%20Content/Building%20Blocks/Modules" exportTitle="Core" importContext="" importTitle="" />
    <Mapping exportContext="/200%20Example%20Content/Building%20Blocks/Modules/Core" exportTitle="Editor" importContext="" importTitle="" />
    <Mapping exportContext="/200%20Example%20Content/Building%20Blocks/Modules/Core/Editor" exportTitle="Schemas" importContext="" importTitle="" />
    <Mapping exportContext="/200%20Example%20Content/Building%20Blocks/Modules" exportTitle="E-Commerce" importContext="" importTitle="" />
    <Mapping exportContext="/200%20Example%20Content/Building%20Blocks/Modules/E-Commerce" exportTitle="Editor" importContext="" importTitle="" />
    <Mapping exportContext="/200%20Example%20Content/Building%20Blocks/Modules/E-Commerce/Editor" exportTitle="Schemas" importContext="" importTitle="" />
    <Mapping exportContext="/400%20Example%20Site" exportTitle="Building%20Blocks" importContext="" importTitle="" />
    <Mapping exportContext="/400%20Example%20Site/Building%20Blocks" exportTitle="Content" importContext="" importTitle="" />
    <Mapping exportContext="/400%20Example%20Site/Building%20Blocks/Content" exportTitle="_Structure" importContext="" importTitle="" />
    <Mapping exportContext="/400%20Example%20Site/Building%20Blocks/Content/_Structure" exportTitle="Header" importContext="" importTitle="" />
    <Mapping exportContext="/400%20Example%20Site/Building%20Blocks/Content/_Structure" exportTitle="MegaNavigation" importContext="" importTitle="" />
    <Mapping exportContext="/400%20Example%20Site/Building%20Blocks/Content" exportTitle="About" importContext="" importTitle="" />
    <Mapping exportContext="/400%20Example%20Site/Building%20Blocks/Content" exportTitle="Articles" importContext="" importTitle="" />
    <Mapping exportContext="/400%20Example%20Site/Building%20Blocks/Content" exportTitle="E-Commerce" importContext="" importTitle="" />
    <Mapping exportContext="/400%20Example%20Site/Building%20Blocks/Content/E-Commerce" exportTitle="Mega%20Navigation" importContext="" importTitle="" />
    <Mapping exportContext="/400%20Example%20Site/Building%20Blocks/Content/E-Commerce/Mega%20Navigation" exportTitle="Hybris" importContext="" importTitle="" />
    <Mapping exportContext="/400%20Example%20Site/Building%20Blocks/Content" exportTitle="Homepage" importContext="" importTitle="" />
    <Mapping exportContext="/400%20Example%20Site/Building%20Blocks" exportTitle="Default%20Templates" importContext="" importTitle="" />
    <Mapping exportContext="/400%20Example%20Site/Building%20Blocks" exportTitle="Modules" importContext="" importTitle="" />
    <Mapping exportContext="/400%20Example%20Site/Building%20Blocks/Modules" exportTitle="Core" importContext="" importTitle="" />
    <Mapping exportContext="/400%20Example%20Site/Building%20Blocks/Modules/Core" exportTitle="Editor" importContext="" importTitle="" />
    <Mapping exportContext="/400%20Example%20Site/Building%20Blocks/Modules/Core/Editor" exportTitle="Schemas" importContext="" importTitle="" />
    <Mapping exportContext="/400%20Example%20Site/Building%20Blocks/Modules/Core/Editor" exportTitle="Templates" importContext="" importTitle="" />
    <Mapping exportContext="/400%20Example%20Site/Building%20Blocks/Modules/Core" exportTitle="Site%20Manager" importContext="" importTitle="" />
    <Mapping exportContext="/400%20Example%20Site/Building%20Blocks/Modules/Core/Site%20Manager" exportTitle="Schemas" importContext="" importTitle="" />
    <Mapping exportContext="/400%20Example%20Site/Building%20Blocks/Modules/Core/Site%20Manager/Schemas" exportTitle="Metadata" importContext="" importTitle="" />
    <Mapping exportContext="/400%20Example%20Site/Building%20Blocks/Modules/Core/Site%20Manager" exportTitle="Templates" importContext="" importTitle="" />
    <Mapping exportContext="/400%20Example%20Site/Building%20Blocks/Modules" exportTitle="E-Commerce" importContext="" importTitle="" />
    <Mapping exportContext="/400%20Example%20Site/Building%20Blocks/Modules/E-Commerce" exportTitle="Editor" importContext="" importTitle="" />
    <Mapping exportContext="/400%20Example%20Site/Building%20Blocks/Modules/E-Commerce/Editor" exportTitle="Templates" importContext="" importTitle="" />
    <Mapping exportContext="/400%20Example%20Site/Building%20Blocks/Modules/E-Commerce" exportTitle="Site%20Manager" importContext="" importTitle="" />
    <Mapping exportContext="/400%20Example%20Site/Building%20Blocks/Modules/E-Commerce/Site%20Manager" exportTitle="Default%20Widgets" importContext="" importTitle="" />
    <Mapping exportContext="/400%20Example%20Site/Building%20Blocks/Modules" exportTitle="Navigation" importContext="" importTitle="" />
    <Mapping exportContext="/400%20Example%20Site/Building%20Blocks/Modules/Navigation" exportTitle="Site%20Manager" importContext="" importTitle="" />
    <Mapping exportContext="/400%20Example%20Site/Building%20Blocks/Modules/Navigation/Site%20Manager" exportTitle="Schemas" importContext="" importTitle="" />
    <Mapping exportContext="/400%20Example%20Site/Building%20Blocks/Modules/Navigation/Site%20Manager" exportTitle="Templates" importContext="" importTitle="" />
    <Mapping exportContext="/400%20Example%20Site/Building%20Blocks" exportTitle="Settings" importContext="" importTitle="" />
    <Mapping exportContext="/400%20Example%20Site/Building%20Blocks/Settings" exportTitle="Core" importContext="" importTitle="" />
    <Mapping exportContext="/400%20Example%20Site/Building%20Blocks/Settings/Core" exportTitle="Site%20Manager" importContext="" importTitle="" />
  </ItemSet>
  <ItemSet role="StructureGroup">
    <Mapping exportContext="/000%20Empty" exportTitle="Home" importContext="" importTitle="" />
    <Mapping exportContext="/100%20Master" exportTitle="Home" importContext="" importTitle="" />
    <Mapping exportContext="/100%20Master/Home" exportTitle="_System" importContext="" importTitle="" />
    <Mapping exportContext="/100%20Master/Home/_System" exportTitle="include" importContext="" importTitle="" />
    <Mapping exportContext="/400%20Example%20Site" exportTitle="Home" importContext="" importTitle="" />
    <Mapping exportContext="/400%20Example%20Site/Home" exportTitle="_System" importContext="" importTitle="" />
    <Mapping exportContext="/400%20Example%20Site/Home/_System" exportTitle="include" importContext="" importTitle="" />
  </ItemSet>
  <ItemSet role="Schema">
    <Mapping exportContext="/000%20Empty/Building%20Blocks" exportTitle="Default%20Multimedia%20Schema.xsd" importContext="" importTitle="" />
    <Mapping exportContext="/100%20Master/Building%20Blocks" exportTitle="Default%20Multimedia%20Schema.xsd" importContext="" importTitle="" />
    <Mapping exportContext="/100%20Master/Building%20Blocks/Modules/Core/Site%20Manager/Schemas" exportTitle="Language%20Selector%20Configuration.xsd" importContext="" importTitle="" />
    <Mapping exportContext="/100%20Master/Building%20Blocks/Modules/Core/Site%20Manager/Schemas/Metadata" exportTitle="Publication%20Metadata.xsd" importContext="" importTitle="" />
    <Mapping exportContext="/100%20Master/Building%20Blocks/Modules/E-Commerce/Editor/Schemas" exportTitle="ECommerce%20-%20Cart%20Widget.xsd" importContext="" importTitle="" />
    <Mapping exportContext="/100%20Master/Building%20Blocks/Modules/E-Commerce/Editor/Schemas" exportTitle="ECommerce%20-%20Search%20Box.xsd" importContext="" importTitle="" />
    <Mapping exportContext="/110%20DXA%20Site%20Type/Building%20Blocks" exportTitle="Default%20Multimedia%20Schema.xsd" importContext="" importTitle="" />
    <Mapping exportContext="/110%20DXA%20Site%20Type/Building%20Blocks/Modules/Core/Editor/Schemas" exportTitle="Article.xsd" importContext="" importTitle="" />
    <Mapping exportContext="/110%20DXA%20Site%20Type/Building%20Blocks/Modules/Core/Editor/Schemas" exportTitle="Image.xsd" importContext="" importTitle="" />
    <Mapping exportContext="/110%20DXA%20Site%20Type/Building%20Blocks/Modules/Core/Editor/Schemas" exportTitle="YouTube%20Video.xsd" importContext="" importTitle="" />
    <Mapping exportContext="/110%20DXA%20Site%20Type/Building%20Blocks/Modules/Core/Site%20Manager/Schemas" exportTitle="Notification%20Bar.xsd" importContext="" importTitle="" />
    <Mapping exportContext="/200%20Example%20Content/Building%20Blocks" exportTitle="Default%20Multimedia%20Schema.xsd" importContext="" importTitle="" />
    <Mapping exportContext="/200%20Example%20Content/Building%20Blocks/Modules/Core/Editor/Schemas" exportTitle="Article.xsd" importContext="" importTitle="" />
    <Mapping exportContext="/200%20Example%20Content/Building%20Blocks/Modules/Core/Editor/Schemas" exportTitle="Content%20Query.xsd" importContext="" importTitle="" />
    <Mapping exportContext="/200%20Example%20Content/Building%20Blocks/Modules/Core/Editor/Schemas" exportTitle="Image.xsd" importContext="" importTitle="" />
    <Mapping exportContext="/200%20Example%20Content/Building%20Blocks/Modules/Core/Editor/Schemas" exportTitle="Item%20List.xsd" importContext="" importTitle="" />
    <Mapping exportContext="/200%20Example%20Content/Building%20Blocks/Modules/Core/Editor/Schemas" exportTitle="YouTube%20Video.xsd" importContext="" importTitle="" />
    <Mapping exportContext="/200%20Example%20Content/Building%20Blocks/Modules/E-Commerce/Editor/Schemas" exportTitle="ECommerce%20-%20Facets%20Widget.xsd" importContext="" importTitle="" />
    <Mapping exportContext="/400%20Example%20Site/Building%20Blocks" exportTitle="Default%20Multimedia%20Schema.xsd" importContext="" importTitle="" />
    <Mapping exportContext="/400%20Example%20Site/Building%20Blocks/Modules/Core/Editor/Schemas" exportTitle="Link%20List.xsd" importContext="" importTitle="" />
    <Mapping exportContext="/400%20Example%20Site/Building%20Blocks/Modules/Core/Editor/Schemas" exportTitle="Teaser.xsd" importContext="" importTitle="" />
    <Mapping exportContext="/400%20Example%20Site/Building%20Blocks/Modules/Core/Site%20Manager/Schemas/Metadata" exportTitle="Publication%20Metadata.xsd" importContext="" importTitle="" />
    <Mapping exportContext="/400%20Example%20Site/Building%20Blocks/Modules/Core/Site%20Manager/Schemas" exportTitle="Notification%20Bar.xsd" importContext="" importTitle="" />
    <Mapping exportContext="/400%20Example%20Site/Building%20Blocks/Modules/Navigation/Site%20Manager/Schemas" exportTitle="Navigation%20Section.xsd" importContext="" importTitle="" />
  </ItemSet>
  <ItemSet role="Component">
    <Mapping exportContext="/100%20Master/Building%20Blocks/Modules/E-Commerce/Site%20Manager/Default%20Widgets" exportTitle="Cart.xml" importContext="" importTitle="" />
    <Mapping exportContext="/100%20Master/Building%20Blocks/Modules/E-Commerce/Site%20Manager/Default%20Widgets" exportTitle="Search%20Box.xml" importContext="" importTitle="" />
    <Mapping exportContext="/100%20Master/Building%20Blocks/Settings/Core/Site%20Manager" exportTitle="Language%20Selector%20Configuration.xml" importContext="" importTitle="" />
    <Mapping exportContext="/110%20DXA%20Site%20Type/Building%20Blocks/Content/_Cloneable%20Content" exportTitle="Article.xml" importContext="" importTitle="" />
    <Mapping exportContext="/110%20DXA%20Site%20Type/Building%20Blocks/Content/_Cloneable%20Content" exportTitle="Content%20List.xml" importContext="" importTitle="" />
    <Mapping exportContext="/110%20DXA%20Site%20Type/Building%20Blocks/Content/_Cloneable%20Content" exportTitle="Content%20Query.xml" importContext="" importTitle="" />
    <Mapping exportContext="/110%20DXA%20Site%20Type/Building%20Blocks/Content/_Cloneable%20Content" exportTitle="E-Commerce%20Product%20Detail.xml" importContext="" importTitle="" />
    <Mapping exportContext="/110%20DXA%20Site%20Type/Building%20Blocks/Content/_Cloneable%20Content" exportTitle="Image%20List.xml" importContext="" importTitle="" />
    <Mapping exportContext="/110%20DXA%20Site%20Type/Building%20Blocks/Content/_Cloneable%20Content" exportTitle="Large%20Image.jpg" importContext="" importTitle="" />
    <Mapping exportContext="/110%20DXA%20Site%20Type/Building%20Blocks/Content/_Cloneable%20Content" exportTitle="News%20Article.xml" importContext="" importTitle="" />
    <Mapping exportContext="/110%20DXA%20Site%20Type/Building%20Blocks/Content/_Cloneable%20Content" exportTitle="Place.xml" importContext="" importTitle="" />
    <Mapping exportContext="/110%20DXA%20Site%20Type/Building%20Blocks/Content/_Cloneable%20Content" exportTitle="YouTube%20Video.jpg" importContext="" importTitle="" />
    <Mapping exportContext="/110%20DXA%20Site%20Type/Building%20Blocks/Content/_Structure/Header" exportTitle="Old%20Browser%20bar.xml" importContext="" importTitle="" />
    <Mapping exportContext="/110%20DXA%20Site%20Type/Building%20Blocks/Modules/E-Commerce/Site%20Manager/Default%20Widgets" exportTitle="Product%20Detail.xml" importContext="" importTitle="" />
    <Mapping exportContext="/200%20Example%20Content/Building%20Blocks/Content/_Structure/Header" exportTitle="Company%20Logo%20540%20px.png" importContext="" importTitle="" />
    <Mapping exportContext="/200%20Example%20Content/Building%20Blocks/Content/About" exportTitle="Company%20Information.xml" importContext="" importTitle="" />
    <Mapping exportContext="/200%20Example%20Content/Building%20Blocks/Content/About" exportTitle="Contact%20Tab%20Content.xml" importContext="" importTitle="" />
    <Mapping exportContext="/200%20Example%20Content/Building%20Blocks/Content/About" exportTitle="Privacy%20Policy.xml" importContext="" importTitle="" />
    <Mapping exportContext="/200%20Example%20Content/Building%20Blocks/Content/Articles" exportTitle="All%20Articles%20Index.xml" importContext="" importTitle="" />
    <Mapping exportContext="/200%20Example%20Content/Building%20Blocks/Content/Articles" exportTitle="News%20Intro.xml" importContext="" importTitle="" />
    <Mapping exportContext="/200%20Example%20Content/Building%20Blocks/Content/E-Commerce/Mega%20Navigation/Hybris" exportTitle="Accessories%20Section.xml" importContext="" importTitle="" />
    <Mapping exportContext="/200%20Example%20Content/Building%20Blocks/Content/E-Commerce/Mega%20Navigation/Hybris" exportTitle="Accessories%20women%20Section.xml" importContext="" importTitle="" />
    <Mapping exportContext="/200%20Example%20Content/Building%20Blocks/Content/E-Commerce/Mega%20Navigation/Hybris" exportTitle="Cameras%20Section.xml" importContext="" importTitle="" />
    <Mapping exportContext="/200%20Example%20Content/Building%20Blocks/Content/E-Commerce/Mega%20Navigation/Hybris" exportTitle="Clothes%20Section.xml" importContext="" importTitle="" />
    <Mapping exportContext="/200%20Example%20Content/Building%20Blocks/Content/E-Commerce/Mega%20Navigation/Hybris" exportTitle="Data%20storage%20Section.xml" importContext="" importTitle="" />
    <Mapping exportContext="/200%20Example%20Content/Building%20Blocks/Content/Homepage" exportTitle="Homepage%20Welcome.xml" importContext="" importTitle="" />
    <Mapping exportContext="/200%20Example%20Content/Building%20Blocks/Content/Images/Large" exportTitle="bridge.jpg" importContext="" importTitle="" />
    <Mapping exportContext="/200%20Example%20Content/Building%20Blocks/Content/Images/Large" exportTitle="planes.jpg" importContext="" importTitle="" />
    <Mapping exportContext="/200%20Example%20Content/Building%20Blocks/Content/Video" exportTitle="Company%20News%20Media%20Manager%20Video.png" importContext="" importTitle="" />
    <Mapping exportContext="/400%20Example%20Site/Building%20Blocks/Content/_Structure/Header" exportTitle="Company%20Logo%20540%20px.png" importContext="" importTitle="" />
    <Mapping exportContext="/400%20Example%20Site/Building%20Blocks/Content/_Structure/Header" exportTitle="Cookie%20bar.xml" importContext="" importTitle="" />
    <Mapping exportContext="/400%20Example%20Site/Building%20Blocks/Content/_Structure/Header" exportTitle="Header%20Links.xml" importContext="" importTitle="" />
    <Mapping exportContext="/400%20Example%20Site/Building%20Blocks/Content/_Structure/Header" exportTitle="Header.xml" importContext="" importTitle="" />
    <Mapping exportContext="/400%20Example%20Site/Building%20Blocks/Content/_Structure/Header" exportTitle="Old%20Browser%20bar.xml" importContext="" importTitle="" />
    <Mapping exportContext="/400%20Example%20Site/Building%20Blocks/Content/_Structure/MegaNavigation" exportTitle="Article%20Section.xml" importContext="" importTitle="" />
    <Mapping exportContext="/400%20Example%20Site/Building%20Blocks/Content/_Structure/MegaNavigation" exportTitle="Home%20Section.xml" importContext="" importTitle="" />
    <Mapping exportContext="/400%20Example%20Site/Building%20Blocks/Content/About" exportTitle="Company%20Information.xml" importContext="" importTitle="" />
    <Mapping exportContext="/400%20Example%20Site/Building%20Blocks/Content/About" exportTitle="Contact%20Tab%20Content.xml" importContext="" importTitle="" />
    <Mapping exportContext="/400%20Example%20Site/Building%20Blocks/Content/About" exportTitle="Privacy%20Policy.xml" importContext="" importTitle="" />
    <Mapping exportContext="/400%20Example%20Site/Building%20Blocks/Content/Articles" exportTitle="All%20Articles%20Index.xml" importContext="" importTitle="" />
    <Mapping exportContext="/400%20Example%20Site/Building%20Blocks/Content/Articles" exportTitle="News%20Intro.xml" importContext="" importTitle="" />
    <Mapping exportContext="/400%20Example%20Site/Building%20Blocks/Content/E-Commerce/Mega%20Navigation/Hybris" exportTitle="Accessories%20Section.xml" importContext="" importTitle="" />
    <Mapping exportContext="/400%20Example%20Site/Building%20Blocks/Content/E-Commerce/Mega%20Navigation/Hybris" exportTitle="Accessories%20women%20Section.xml" importContext="" importTitle="" />
    <Mapping exportContext="/400%20Example%20Site/Building%20Blocks/Content/E-Commerce/Mega%20Navigation/Hybris" exportTitle="Clothes%20Section.xml" importContext="" importTitle="" />
    <Mapping exportContext="/400%20Example%20Site/Building%20Blocks/Content/Homepage" exportTitle="Homepage%20Welcome.xml" importContext="" importTitle="" />
    <Mapping exportContext="/400%20Example%20Site/Building%20Blocks/Modules/E-Commerce/Site%20Manager/Default%20Widgets" exportTitle="Cart.xml" importContext="" importTitle="" />
    <Mapping exportContext="/400%20Example%20Site/Building%20Blocks/Modules/E-Commerce/Site%20Manager/Default%20Widgets" exportTitle="Search%20Box.xml" importContext="" importTitle="" />
    <Mapping exportContext="/400%20Example%20Site/Building%20Blocks/Settings/Core/Site%20Manager" exportTitle="Language%20Selector%20Configuration.xml" importContext="" importTitle="" />
  </ItemSet>
  <ItemSet role="ComponentTemplate">
    <Mapping exportContext="/000%20Empty/Building%20Blocks/Default%20Templates" exportTitle="Default%20Component%20Template.tctcmp" importContext="" importTitle="" />
    <Mapping exportContext="/100%20Master/Building%20Blocks/Default%20Templates" exportTitle="Default%20Component%20Template.tctcmp" importContext="" importTitle="" />
    <Mapping exportContext="/110%20DXA%20Site%20Type/Building%20Blocks/Default%20Templates" exportTitle="Default%20Component%20Template.tctcmp" importContext="" importTitle="" />
    <Mapping exportContext="/110%20DXA%20Site%20Type/Building%20Blocks/Modules/Core/Editor/Templates" exportTitle="Accordion.tctcmp" importContext="" importTitle="" />
    <Mapping exportContext="/110%20DXA%20Site%20Type/Building%20Blocks/Modules/Core/Editor/Templates" exportTitle="Article.tctcmp" importContext="" importTitle="" />
    <Mapping exportContext="/110%20DXA%20Site%20Type/Building%20Blocks/Modules/Core/Editor/Templates" exportTitle="Download.tctcmp" importContext="" importTitle="" />
    <Mapping exportContext="/110%20DXA%20Site%20Type/Building%20Blocks/Modules/Core/Editor/Templates" exportTitle="Paged%20List.tctcmp" importContext="" importTitle="" />
    <Mapping exportContext="/110%20DXA%20Site%20Type/Building%20Blocks/Modules/Core/Editor/Templates" exportTitle="Place.tctcmp" importContext="" importTitle="" />
    <Mapping exportContext="/110%20DXA%20Site%20Type/Building%20Blocks/Modules/Core/Editor/Templates" exportTitle="Thumbnail%20List.tctcmp" importContext="" importTitle="" />
    <Mapping exportContext="/110%20DXA%20Site%20Type/Building%20Blocks/Modules/Core/Editor/Templates" exportTitle="YouTube%20Video.tctcmp" importContext="" importTitle="" />
    <Mapping exportContext="/110%20DXA%20Site%20Type/Building%20Blocks/Modules/E-Commerce/Editor/Templates" exportTitle="Product%20Detail%20Widget.tctcmp" importContext="" importTitle="" />
    <Mapping exportContext="/200%20Example%20Content/Building%20Blocks/Default%20Templates" exportTitle="Default%20Component%20Template.tctcmp" importContext="" importTitle="" />
    <Mapping exportContext="/400%20Example%20Site/Building%20Blocks/Default%20Templates" exportTitle="Default%20Component%20Template.tctcmp" importContext="" importTitle="" />
    <Mapping exportContext="/400%20Example%20Site/Building%20Blocks/Modules/Core/Site%20Manager/Templates" exportTitle="Cookie%20Notification%20Bar%20%5BInfo%5D.tctcmp" importContext="" importTitle="" />
    <Mapping exportContext="/400%20Example%20Site/Building%20Blocks/Modules/Core/Site%20Manager/Templates" exportTitle="Header%20Links%20%5BNav%5D.tctcmp" importContext="" importTitle="" />
    <Mapping exportContext="/400%20Example%20Site/Building%20Blocks/Modules/Core/Site%20Manager/Templates" exportTitle="Header%20Logo%20%5BLogo%5D.tctcmp" importContext="" importTitle="" />
    <Mapping exportContext="/400%20Example%20Site/Building%20Blocks/Modules/Core/Site%20Manager/Templates" exportTitle="Language%20Selector%20%5BNav%5D.tctcmp" importContext="" importTitle="" />
    <Mapping exportContext="/400%20Example%20Site/Building%20Blocks/Modules/Core/Site%20Manager/Templates" exportTitle="Old%20Browser%20Notification%20Bar%20%5BInfo%5D.tctcmp" importContext="" importTitle="" />
    <Mapping exportContext="/400%20Example%20Site/Building%20Blocks/Modules/E-Commerce/Editor/Templates" exportTitle="Cart%20%5BNav%5D.tctcmp" importContext="" importTitle="" />
    <Mapping exportContext="/400%20Example%20Site/Building%20Blocks/Modules/E-Commerce/Editor/Templates" exportTitle="Facets%20Widget%20%5BMegaNavigation%5D.tctcmp" importContext="" importTitle="" />
    <Mapping exportContext="/400%20Example%20Site/Building%20Blocks/Modules/E-Commerce/Editor/Templates" exportTitle="Search%20Box%20%5BNav%5D.tctcmp" importContext="" importTitle="" />
    <Mapping exportContext="/400%20Example%20Site/Building%20Blocks/Modules/Navigation/Site%20Manager/Templates" exportTitle="Navigation%20Section%20%5BMegaNavigation%5D.tctcmp" importContext="" importTitle="" />
  </ItemSet>
  <ItemSet role="Page">
    <Mapping exportContext="/400%20Example%20Site/Home/_System/include" exportTitle="Header.tpg" importContext="" importTitle="" />
  </ItemSet>
  <ItemSet role="PageTemplate">
    <Mapping exportContext="/000%20Empty/Building%20Blocks/Default%20Templates" exportTitle="Default%20Page%20Template.tptcmp" importContext="" importTitle="" />
    <Mapping exportContext="/100%20Master/Building%20Blocks/Default%20Templates" exportTitle="Default%20Page%20Template.tptcmp" importContext="" importTitle="" />
    <Mapping exportContext="/100%20Master/Building%20Blocks/Modules/Core/Developer/Templates" exportTitle="JSON.tptcmp" importContext="" importTitle="" />
    <Mapping exportContext="/100%20Master/Building%20Blocks/Modules/Core/Site%20Manager/Templates" exportTitle="Include%20Page.tptcmp" importContext="" importTitle="" />
    <Mapping exportContext="/110%20DXA%20Site%20Type/Building%20Blocks/Modules/Core/Editor/Templates" exportTitle="Content%20Page%20Without%20Navigation.tptcmp" importContext="" importTitle="" />
    <Mapping exportContext="/110%20DXA%20Site%20Type/Building%20Blocks/Modules/Core/Editor/Templates" exportTitle="Content%20Page.tptcmp" importContext="" importTitle="" />
    <Mapping exportContext="/110%20DXA%20Site%20Type/Building%20Blocks/Modules/Core/Editor/Templates" exportTitle="Home%20Page.tptcmp" importContext="" importTitle="" />
    <Mapping exportContext="/110%20DXA%20Site%20Type/Building%20Blocks/Modules/Core/Editor/Templates" exportTitle="Redirect%20Page.tptcmp" importContext="" importTitle="" />
    <Mapping exportContext="/110%20DXA%20Site%20Type/Building%20Blocks/Modules/Core/Editor/Templates" exportTitle="Section%20Page.tptcmp" importContext="" importTitle="" />
    <Mapping exportContext="/200%20Example%20Content/Building%20Blocks/Default%20Templates" exportTitle="Default%20Page%20Template.tptcmp" importContext="" importTitle="" />
    <Mapping exportContext="/400%20Example%20Site/Building%20Blocks/Modules/Core/Editor/Templates" exportTitle="Content%20Page.tptcmp" importContext="" importTitle="" />
    <Mapping exportContext="/400%20Example%20Site/Building%20Blocks/Modules/Core/Site%20Manager/Templates" exportTitle="Include%20Page.tptcmp" importContext="" importTitle="" />
  </ItemSet>
  <ItemSet role="Category">
    <Mapping exportContext="/100%20Master" exportTitle="Content%20Type" importContext="" importTitle="" />
    <Mapping exportContext="/100%20Master" exportTitle="List%20Sort%20Type" importContext="" importTitle="" />
    <Mapping exportContext="/200%20Example%20Content" exportTitle="Content%20Type" importContext="" importTitle="" />
    <Mapping exportContext="/200%20Example%20Content" exportTitle="List%20Sort%20Type" importContext="" importTitle="" />
  </ItemSet>
  <ItemSet role="Keyword">
    <Mapping exportContext="/100%20Master/Content%20Type" exportTitle="Article.tkw" importContext="" importTitle="" />
    <Mapping exportContext="/100%20Master/List%20Sort%20Type" exportTitle="Last%20Published%20Date.tkw" importContext="" importTitle="" />
    <Mapping exportContext="/200%20Example%20Content/Content%20Type" exportTitle="Article.tkw" importContext="" importTitle="" />
    <Mapping exportContext="/200%20Example%20Content/List%20Sort%20Type" exportTitle="Last%20Published%20Date.tkw" importContext="" importTitle="" />
  </ItemSet>
  <ItemSet role="TemplateBuildingBlock">
    <Mapping exportContext="/000%20Empty/Building%20Blocks/Default%20Templates" exportTitle="Default%20Dreamweaver%20Page%20Design.dwt" importContext="" importTitle="" />
    <Mapping exportContext="/100%20Master/Building%20Blocks/Default%20Templates" exportTitle="Default%20Dreamweaver%20Page%20Design.dwt" importContext="" importTitle="" />
    <Mapping exportContext="/110%20DXA%20Site%20Type/Building%20Blocks/Default%20Templates" exportTitle="Default%20Dreamweaver%20Page%20Design.dwt" importContext="" importTitle="" />
    <Mapping exportContext="/200%20Example%20Content/Building%20Blocks/Default%20Templates" exportTitle="Default%20Dreamweaver%20Page%20Design.dwt" importContext="" importTitle="" />
    <Mapping exportContext="/400%20Example%20Site/Building%20Blocks/Default%20Templates" exportTitle="Default%20Dreamweaver%20Page%20Design.dwt" importContext="" importTitle="" />
  </ItemSet>
  <ItemSet role="MultimediaType">
    <Mapping exportTitle="Jpeg%20image.tmt" importTitle="" />
    <Mapping exportTitle="Png%20image.tmt" importTitle="" />
  </ItemSet>
  <ItemSet role="ProcessDefinition">
    <Mapping exportContext="/000%20Empty" exportTitle="Task%20Process.tpd" importContext="" importTitle="" />
    <Mapping exportContext="/100%20Master" exportTitle="Task%20Process.tpd" importContext="" importTitle="" />
    <Mapping exportContext="/110%20DXA%20Site%20Type" exportTitle="Task%20Process.tpd" importContext="" importTitle="" />
    <Mapping exportContext="/200%20Example%20Content" exportTitle="Task%20Process.tpd" importContext="" importTitle="" />
    <Mapping exportContext="/400%20Example%20Site" exportTitle="Task%20Process.tpd" importContext="" importTitle="" />
  </ItemSet>
</Mappings>