<Index dataContractVersion="2013" xmlns="http://www.sdltridion.com/ContentManager/ImportExport/Package/2013">
  <Item id="tcm:0-0-0" selected="false" exported="true">
    <ApplicationIds>
      <ApplicationId>http://www.sdl.com/tridion/SemanticMapping/vocabularies</ApplicationId>
    </ApplicationIds>
    <Item id="tcm:0-69-1" title="000%20Empty" itemType="Publication" selected="false" exported="true">
      <Item id="1be0ffec00954dec92879c0b4fd19e7a" title="Building%20Blocks" itemType="Folder" selected="false" exported="false">
        <Item id="4f8bc61dcf254bbda24def5927b4d1ab" title="Default%20Templates" itemType="Folder" selected="false" exported="false">
          <Item id="a97ba24a5de9444691eb775a1351e0af" title="Default%20Component%20Template" extension="tctcmp" itemType="ComponentTemplate" selected="false" exported="false" />
          <Item id="cf0870e9dbf84dd283bd74ce07deb5cd" title="Default%20Dreamweaver%20Page%20Design" extension="dwt" itemType="TemplateBuildingBlock" selected="false" exported="false" />
          <Item id="2a8dc7ffea9c4d3a8b47960bede42a06" title="Default%20Page%20Template" extension="tptcmp" itemType="PageTemplate" selected="false" exported="false" />
        </Item>
        <Item id="96c776101cca44ceaf9d6cf4a9396336" title="Default%20Multimedia%20Schema" extension="xsd" itemType="Schema" selected="false" exported="false" />
      </Item>
      <Item id="tcm:69-1136-4" title="Home" itemType="StructureGroup" blueprintStatus="LocalItem" selected="true" exported="true" />
      <Item id="de3fca793647469d9a961b14b19d0c60" title="Task%20Process" extension="tpd" itemType="ProcessDefinition" selected="false" exported="false" />
    </Item>
    <Item id="tcm:0-70-1" title="100%20Master" itemType="Publication" selected="false" exported="true">
      <Item id="4a4dd7775c84457eacac876963443f37" title="Building%20Blocks" itemType="Folder" selected="false" exported="false">
        <Item id="983186909142465cbeb99bfa0c15a3fc" title="Default%20Templates" itemType="Folder" selected="false" exported="false">
          <Item id="2db240ae2cbd4fe18a9456d1eb92c88d" title="Default%20Component%20Template" extension="tctcmp" itemType="ComponentTemplate" selected="false" exported="false" />
          <Item id="46fa49ba5b504dce861e1d58baedccb7" title="Default%20Dreamweaver%20Page%20Design" extension="dwt" itemType="TemplateBuildingBlock" selected="false" exported="false" />
          <Item id="0654f694edd4439e8d4f887ce8ccc043" title="Default%20Page%20Template" extension="tptcmp" itemType="PageTemplate" selected="false" exported="false" />
        </Item>
        <Item id="902ea0c9d80c4f1088d8d3047686baee" title="Framework" itemType="Folder" selected="false" exported="false">
          <Item id="545690d8ea424e8f81be7fb9c41f4011" title="Developer" itemType="Folder" selected="false" exported="false">
            <Item id="4db1c12253ee4d518304525f8618702f" title="Templates" itemType="Folder" selected="false" exported="false">
              <Item id="ad464bece7224c9f8dec4f71d41c6a53" title="JSON" extension="tptcmp" itemType="PageTemplate" selected="false" exported="false" />
            </Item>
          </Item>
          <Item id="d2d1d4e533a14ee68a3a7c7c940ef67e" title="Site%20Manager" itemType="Folder" selected="false" exported="false">
            <Item id="5cca428c017a43f092b61d25a33a623c" title="Schemas" itemType="Folder" selected="false" exported="false">
              <Item id="d30489d9b453430cbe195e8d94bed4fc" title="Publication%20Metadata" extension="xsd" itemType="Schema" selected="false" exported="false" />
            </Item>
          </Item>
        </Item>
        <Item id="3c942e2bc5d74fc3b4f65afd59c9af5f" title="Modules" itemType="Folder" selected="false" exported="false">
          <Item id="79ec539949ad4fa7a6f2995281f81c17" title="Core" itemType="Folder" selected="false" exported="false">
            <Item id="27ecdafafa164a9186352731e263cd00" title="Site%20Manager" itemType="Folder" selected="false" exported="false">
              <Item id="f78ac8b4fa5449ad8a9573fd46898a78" title="Templates" itemType="Folder" selected="false" exported="false">
                <Item id="1c242027f41c4f21a85a1da2c8a04efb" title="Include%20Page" extension="tptcmp" itemType="PageTemplate" selected="false" exported="false" />
              </Item>
            </Item>
          </Item>
        </Item>
        <Item id="3f3ba83ba8a6481c8a2fd31e80fd0c6e" title="Default%20Multimedia%20Schema" extension="xsd" itemType="Schema" selected="false" exported="false" />
      </Item>
      <Item id="tcm:70-1136-4" title="Home" itemType="StructureGroup" blueprintStatus="SharedItem" selected="false" exported="true">
        <Item id="tcm:70-1157-4" title="_System" itemType="StructureGroup" blueprintStatus="LocalItem" selected="true" exported="true">
          <Item id="tcm:70-1160-4" title="include" itemType="StructureGroup" blueprintStatus="LocalItem" selected="true" exported="true" />
        </Item>
      </Item>
      <Item id="c01acac2360b42379170f4bdb63d98e6" title="Task%20Process" extension="tpd" itemType="ProcessDefinition" selected="false" exported="false" />
    </Item>
    <Item id="39a5a44eea5b4911b77116ca185e0c78" title="110%20DXA%20Site%20Type" itemType="Publication" selected="false" exported="false" />
    <Item id="6093d6438a8a4e38bb4d71910ab0103e" title="200%20Example%20Content" itemType="Publication" selected="false" exported="false" />
    <Item id="tcm:0-73-1" title="400%20Example%20Site" itemType="Publication" selected="true" exported="true">
      <ApplicationIds>
        <ApplicationId>SiteEdit</ApplicationId>
      </ApplicationIds>
      <Item id="24f699b6980d4625909670123ce63de0" title="Building%20Blocks" itemType="Folder" selected="false" exported="false">
        <Item id="94fc19c332ff48409a95070fd37ee330" title="Content" itemType="Folder" selected="false" exported="false">
          <Item id="311212c59ae3490dab4479b68ea3db45" title="E-Commerce" itemType="Folder" selected="false" exported="false">
            <Item id="c91e909077604a7b92343176dd3c705d" title="Widgets" itemType="Folder" selected="false" exported="false">
              <Item id="0d3baba116e24fa0a15a159df348771d" title="Search%20Feedback" extension="xml" itemType="Component" selected="false" exported="false" />
            </Item>
          </Item>
          <Item id="8b3e72ff5b7e42dfab5a3d62d4ac7b7a" title="_Structure" itemType="Folder" selected="false" exported="false">
            <Item id="112f2f5c86474451ad6191d377c7c6d5" title="Header" itemType="Folder" selected="false" exported="false">
              <Item id="f2c8535cffd9482dbeb80fffb74551de" title="Cookie%20bar" extension="xml" itemType="Component" selected="false" exported="false" />
              <Item id="152369b9407441a3bb072c85526d4e50" title="Header%20Links" extension="xml" itemType="Component" selected="false" exported="false" />
              <Item id="b6037a0945ed46869b13ee25815610f0" title="Header" extension="xml" itemType="Component" selected="false" exported="false" />
              <Item id="4382e92dd0774093b992466c57268a4a" title="Old%20Browser%20bar" extension="xml" itemType="Component" selected="false" exported="false" />
            </Item>
            <Item id="48df66f597e045e1a9468e56ed6debd3" title="MegaNavigation" itemType="Folder" selected="false" exported="false">
              <Item id="3f35d5f1cfea4dc091609a11552be49a" title="Home%20Section" extension="xml" itemType="Component" selected="false" exported="false" />
            </Item>
          </Item>
        </Item>
        <Item id="9274850e912d4f47b320da60f3dc9be2" title="Default%20Templates" itemType="Folder" selected="false" exported="false">
          <Item id="06e1c10b7289490d887a76af8a14e74c" title="Default%20Component%20Template" extension="tctcmp" itemType="ComponentTemplate" selected="false" exported="false" />
          <Item id="520451f7ffc1423fb5e5f668afd8e1a6" title="Default%20Dreamweaver%20Page%20Design" extension="dwt" itemType="TemplateBuildingBlock" selected="false" exported="false" />
        </Item>
        <Item id="f41441078b764b8aa76040f3e5c7527c" title="Framework" itemType="Folder" selected="false" exported="false">
          <Item id="db9b795c26c14c79afa44e790043ad67" title="Site%20Manager" itemType="Folder" selected="false" exported="false">
            <Item id="023c483edd0e4b71a322c387ad52a91b" title="Schemas" itemType="Folder" selected="false" exported="false">
              <Item id="654c017cd8f24078a1ea27b6f44098d8" title="Publication%20Metadata" extension="xsd" itemType="Schema" selected="false" exported="false" />
            </Item>
          </Item>
        </Item>
        <Item id="50399132ae494547bbc317979555a1bf" title="Modules" itemType="Folder" selected="false" exported="false">
          <Item id="cc5b092d17874dd8ab20511ad677fd99" title="Core" itemType="Folder" selected="false" exported="false">
            <Item id="72d39c7305dc44b39cd9a44f4ef413f5" title="Editor" itemType="Folder" selected="false" exported="false">
              <Item id="58b83932e59a4581b3dc984aa6a99091" title="Templates" itemType="Folder" selected="false" exported="false">
                <Item id="316cfac7d3da4caabcbcf17bedd8a8ac" title="Content%20Page" extension="tptcmp" itemType="PageTemplate" selected="false" exported="false" />
                <Item id="ad5eef431dca47189508a5d47e423247" title="Section%20Page" extension="tptcmp" itemType="PageTemplate" selected="false" exported="false" />
              </Item>
            </Item>
            <Item id="78647581edf04c3a886a5cf262fe5239" title="Site%20Manager" itemType="Folder" selected="false" exported="false">
              <Item id="c9a4ffe955154f639482ab9c20dec1e1" title="Templates" itemType="Folder" selected="false" exported="false">
                <Item id="9c56379dfd8e4648a9aa6b6e581f90f8" title="Cookie%20Notification%20Bar%20%5BInfo%5D" extension="tctcmp" itemType="ComponentTemplate" selected="false" exported="false" />
                <Item id="4eba9a3795554b23a32363900ba7cb7d" title="Header%20Links%20%5BNav%5D" extension="tctcmp" itemType="ComponentTemplate" selected="false" exported="false" />
                <Item id="1f81c633acc7499582c0311520bf222e" title="Header%20Logo%20%5BLogo%5D" extension="tctcmp" itemType="ComponentTemplate" selected="false" exported="false" />
                <Item id="af698d9b7fed4cac97b1afd96aa3bf7e" title="Language%20Selector%20%5BNav%5D" extension="tctcmp" itemType="ComponentTemplate" selected="false" exported="false" />
                <Item id="2f3d9435ab5d4e35bfbdf49f5e88e7b9" title="Old%20Browser%20Notification%20Bar%20%5BInfo%5D" extension="tctcmp" itemType="ComponentTemplate" selected="false" exported="false" />
              </Item>
            </Item>
          </Item>
          <Item id="515927d64de243cdb759b3eaa75584ed" title="E-Commerce" itemType="Folder" selected="false" exported="false">
            <Item id="944a60eee9014a5aaca069664eac3bca" title="Editor" itemType="Folder" selected="false" exported="false">
              <Item id="456d8e0c29794e15b4297a53a3610e53" title="Default%20Templates" itemType="Folder" selected="false" exported="false">
                <Item id="a89ac07854224b28b1efac8f91d13083" title="Breadcrumb" extension="tctcmp" itemType="ComponentTemplate" selected="false" exported="false" />
                <Item id="76905ad828d440f3a1a72d2c9bbb69cf" title="Cart%20%5BNav%5D" extension="tctcmp" itemType="ComponentTemplate" selected="false" exported="false" />
                <Item id="c8b3852682814dc69f4272a2cc0e0bab" title="Cart" extension="tctcmp" itemType="ComponentTemplate" selected="false" exported="false" />
                <Item id="6b46d0f0ab4d42579da5735f3175c260" title="Detail%20Breadcrumb" extension="tctcmp" itemType="ComponentTemplate" selected="false" exported="false" />
                <Item id="68abbb000fcd4004bee9eb2f270c94e1" title="Facets%20Widget%20%5BLeft%5D" extension="tctcmp" itemType="ComponentTemplate" selected="false" exported="false" />
                <Item id="338566a8b5de494e9a0c1c55d4eb82cd" title="Product%20Detail%20Widget" extension="tctcmp" itemType="ComponentTemplate" selected="false" exported="false" />
                <Item id="f7b7777ed9314e38a75135a75d23d653" title="Product%20Lister%20Widget" extension="tctcmp" itemType="ComponentTemplate" selected="false" exported="false" />
                <Item id="d70ddf10d2ef4b3982043256ff76b0fc" title="Promotions%20Widget" extension="tctcmp" itemType="ComponentTemplate" selected="false" exported="false" />
                <Item id="c1cc0bd5a5d34fc186ae4860bd658bb4" title="Search%20Box%20%5BNav%5D" extension="tctcmp" itemType="ComponentTemplate" selected="false" exported="false" />
                <Item id="2b9f46f3f6b546c4897e9c48ad7f3b89" title="Search%20Feedback%20%5BTools%5D" extension="tctcmp" itemType="ComponentTemplate" selected="false" exported="false" />
              </Item>
            </Item>
            <Item id="ebe00dde4b7d48628b66ba489bc16f40" title="Site%20Manager" itemType="Folder" selected="false" exported="false">
              <Item id="3d52f009d7924eba9fe5f3dec0a22342" title="Default%20Widgets" itemType="Folder" selected="false" exported="false">
                <Item id="66c6cb644aca4699a0fa57ee576e4b44" title="Breadcrumb" extension="xml" itemType="Component" selected="false" exported="false" />
                <Item id="0661e279b7b14161894b89afbd3846fd" title="Cart" extension="xml" itemType="Component" selected="false" exported="false" />
                <Item id="a1567426c9ca4c469f37b57bf653cc3f" title="Facets" extension="xml" itemType="Component" selected="false" exported="false" />
                <Item id="aab0d6aa941b4d7e95e22a11197f0eda" title="Product%20Detail" extension="xml" itemType="Component" selected="false" exported="false" />
                <Item id="2c7942ef46c04e1b93efaf4f65200c57" title="Product%20Lister" extension="xml" itemType="Component" selected="false" exported="false" />
                <Item id="07df732d12694a429a9753c6cf2147f2" title="Promotions" extension="xml" itemType="Component" selected="false" exported="false" />
                <Item id="5b00e31ddf0742f0ba7732bbb934fdb2" title="Search%20Box" extension="xml" itemType="Component" selected="false" exported="false" />
              </Item>
            </Item>
          </Item>
          <Item id="90a2e10e1f0f42c98af5f0ac8514ac74" title="Navigation" itemType="Folder" selected="false" exported="false">
            <Item id="13ab106c378444b28e846c48091a8c67" title="Site%20Manager" itemType="Folder" selected="false" exported="false">
              <Item id="92c96bdb8e0a42b6a5f191f944383dd1" title="Templates" itemType="Folder" selected="false" exported="false">
                <Item id="91eb2d3f8f9141fc8f7d83323a737540" title="Navigation%20Section%20%5BMegaNavigation%5D" extension="tctcmp" itemType="ComponentTemplate" selected="false" exported="false" />
              </Item>
            </Item>
          </Item>
        </Item>
        <Item id="d201fb2e8f684e93a5a71a620a24d806" title="Settings" itemType="Folder" selected="false" exported="false">
          <Item id="ad592b79e0b3482fa539fc81f390e26a" title="Core" itemType="Folder" selected="false" exported="false">
            <Item id="24ad26ddc50841de81ce19a6a8c06051" title="Site%20Manager" itemType="Folder" selected="false" exported="false">
              <Item id="58c020af38bb424e9de154f59b3d3574" title="Language%20Selector%20Configuration" extension="xml" itemType="Component" selected="false" exported="false" />
            </Item>
          </Item>
        </Item>
        <Item id="39611e393edf490d8076c701f02385fc" title="Default%20Multimedia%20Schema" extension="xsd" itemType="Schema" selected="false" exported="false" />
      </Item>
      <Item id="tcm:73-1136-4" title="Home" itemType="StructureGroup" blueprintStatus="SharedItem" selected="true" exported="true">
        <Item id="tcm:73-1221-4" title="Categories" itemType="StructureGroup" blueprintStatus="LocalItem" selected="true" exported="true">
          <Item id="tcm:73-4727-64" title="Generic%20CategoryPage" extension="tpg" itemType="Page" blueprintStatus="LocalItem" selected="true" exported="true" />
        </Item>
        <Item id="tcm:73-1222-4" title="Product%20Details" itemType="StructureGroup" blueprintStatus="LocalItem" selected="true" exported="true">
          <Item id="tcm:73-4726-64" title="Generic%20Product%20Detail" extension="tpg" itemType="Page" blueprintStatus="LocalItem" selected="true" exported="true" />
        </Item>
        <Item id="tcm:73-1157-4" title="_System" itemType="StructureGroup" blueprintStatus="SharedItem" selected="true" exported="true">
          <Item id="tcm:73-1160-4" title="include" itemType="StructureGroup" blueprintStatus="SharedItem" selected="true" exported="true">
            <Item id="tcm:73-4594-64" title="Header" extension="tpg" itemType="Page" blueprintStatus="LocalizedItem" selected="true" exported="true" />
          </Item>
        </Item>
        <Item id="tcm:73-4725-64" title="Search%20Results" extension="tpg" itemType="Page" blueprintStatus="LocalItem" selected="true" exported="true" />
        <Item id="tcm:73-4728-64" title="Shopping%20Cart" extension="tpg" itemType="Page" blueprintStatus="LocalItem" selected="true" exported="true" />
      </Item>
      <Item id="65f5428a97694d4a8796ad8eff51b41a" title="Task%20Process" extension="tpd" itemType="ProcessDefinition" selected="false" exported="false" />
    </Item>
  </Item>
</Index>