<Mappings xmlns="http://www.sdltridion.com/ContentManager/ImportExport/Package/2013">
  <ItemSet role="Publication">
    <Mapping exportTitle="000%20Empty" importTitle="" />
    <Mapping exportTitle="100%20Master" importTitle="" />
    <Mapping exportTitle="110%20DXA%20Site%20Type" importTitle="" />
    <Mapping exportTitle="200%20Example%20Content" importTitle="" />
    <Mapping exportTitle="400%20Example%20Site" importTitle="" />
  </ItemSet>
  <ItemSet role="Folder">
    <Mapping exportContext="/000%20Empty" exportTitle="Building%20Blocks" importContext="" importTitle="" />
    <Mapping exportContext="/000%20Empty/Building%20Blocks" exportTitle="Default%20Templates" importContext="" importTitle="" />
    <Mapping exportContext="/100%20Master" exportTitle="Building%20Blocks" importContext="" importTitle="" />
    <Mapping exportContext="/100%20Master/Building%20Blocks" exportTitle="Default%20Templates" importContext="" importTitle="" />
    <Mapping exportContext="/100%20Master/Building%20Blocks" exportTitle="Framework" importContext="" importTitle="" />
    <Mapping exportContext="/100%20Master/Building%20Blocks/Framework" exportTitle="Developer" importContext="" importTitle="" />
    <Mapping exportContext="/100%20Master/Building%20Blocks/Framework/Developer" exportTitle="Templates" importContext="" importTitle="" />
    <Mapping exportContext="/100%20Master/Building%20Blocks/Framework" exportTitle="Site%20Manager" importContext="" importTitle="" />
    <Mapping exportContext="/100%20Master/Building%20Blocks/Framework/Site%20Manager" exportTitle="Schemas" importContext="" importTitle="" />
    <Mapping exportContext="/100%20Master/Building%20Blocks" exportTitle="Modules" importContext="" importTitle="" />
    <Mapping exportContext="/100%20Master/Building%20Blocks/Modules" exportTitle="Core" importContext="" importTitle="" />
    <Mapping exportContext="/100%20Master/Building%20Blocks/Modules/Core" exportTitle="Site%20Manager" importContext="" importTitle="" />
    <Mapping exportContext="/100%20Master/Building%20Blocks/Modules/Core/Site%20Manager" exportTitle="Templates" importContext="" importTitle="" />
    <Mapping exportContext="/400%20Example%20Site" exportTitle="Building%20Blocks" importContext="" importTitle="" />
    <Mapping exportContext="/400%20Example%20Site/Building%20Blocks" exportTitle="Content" importContext="" importTitle="" />
    <Mapping exportContext="/400%20Example%20Site/Building%20Blocks/Content" exportTitle="_Structure" importContext="" importTitle="" />
    <Mapping exportContext="/400%20Example%20Site/Building%20Blocks/Content/_Structure" exportTitle="Header" importContext="" importTitle="" />
    <Mapping exportContext="/400%20Example%20Site/Building%20Blocks/Content/_Structure" exportTitle="MegaNavigation" importContext="" importTitle="" />
    <Mapping exportContext="/400%20Example%20Site/Building%20Blocks/Content" exportTitle="E-Commerce" importContext="" importTitle="" />
    <Mapping exportContext="/400%20Example%20Site/Building%20Blocks/Content/E-Commerce" exportTitle="Widgets" importContext="" importTitle="" />
    <Mapping exportContext="/400%20Example%20Site/Building%20Blocks" exportTitle="Default%20Templates" importContext="" importTitle="" />
    <Mapping exportContext="/400%20Example%20Site/Building%20Blocks" exportTitle="Framework" importContext="" importTitle="" />
    <Mapping exportContext="/400%20Example%20Site/Building%20Blocks/Framework" exportTitle="Site%20Manager" importContext="" importTitle="" />
    <Mapping exportContext="/400%20Example%20Site/Building%20Blocks/Framework/Site%20Manager" exportTitle="Schemas" importContext="" importTitle="" />
    <Mapping exportContext="/400%20Example%20Site/Building%20Blocks" exportTitle="Modules" importContext="" importTitle="" />
    <Mapping exportContext="/400%20Example%20Site/Building%20Blocks/Modules" exportTitle="Core" importContext="" importTitle="" />
    <Mapping exportContext="/400%20Example%20Site/Building%20Blocks/Modules/Core" exportTitle="Editor" importContext="" importTitle="" />
    <Mapping exportContext="/400%20Example%20Site/Building%20Blocks/Modules/Core/Editor" exportTitle="Templates" importContext="" importTitle="" />
    <Mapping exportContext="/400%20Example%20Site/Building%20Blocks/Modules/Core" exportTitle="Site%20Manager" importContext="" importTitle="" />
    <Mapping exportContext="/400%20Example%20Site/Building%20Blocks/Modules/Core/Site%20Manager" exportTitle="Templates" importContext="" importTitle="" />
    <Mapping exportContext="/400%20Example%20Site/Building%20Blocks/Modules" exportTitle="E-Commerce" importContext="" importTitle="" />
    <Mapping exportContext="/400%20Example%20Site/Building%20Blocks/Modules/E-Commerce" exportTitle="Editor" importContext="" importTitle="" />
    <Mapping exportContext="/400%20Example%20Site/Building%20Blocks/Modules/E-Commerce/Editor" exportTitle="Default%20Templates" importContext="" importTitle="" />
    <Mapping exportContext="/400%20Example%20Site/Building%20Blocks/Modules/E-Commerce" exportTitle="Site%20Manager" importContext="" importTitle="" />
    <Mapping exportContext="/400%20Example%20Site/Building%20Blocks/Modules/E-Commerce/Site%20Manager" exportTitle="Default%20Widgets" importContext="" importTitle="" />
    <Mapping exportContext="/400%20Example%20Site/Building%20Blocks/Modules" exportTitle="Navigation" importContext="" importTitle="" />
    <Mapping exportContext="/400%20Example%20Site/Building%20Blocks/Modules/Navigation" exportTitle="Site%20Manager" importContext="" importTitle="" />
    <Mapping exportContext="/400%20Example%20Site/Building%20Blocks/Modules/Navigation/Site%20Manager" exportTitle="Templates" importContext="" importTitle="" />
    <Mapping exportContext="/400%20Example%20Site/Building%20Blocks" exportTitle="Settings" importContext="" importTitle="" />
    <Mapping exportContext="/400%20Example%20Site/Building%20Blocks/Settings" exportTitle="Core" importContext="" importTitle="" />
    <Mapping exportContext="/400%20Example%20Site/Building%20Blocks/Settings/Core" exportTitle="Site%20Manager" importContext="" importTitle="" />
  </ItemSet>
  <ItemSet role="StructureGroup">
    <Mapping exportContext="/000%20Empty" exportTitle="Home" importContext="" importTitle="" />
    <Mapping exportContext="/100%20Master" exportTitle="Home" importContext="" importTitle="" />
    <Mapping exportContext="/100%20Master/Home" exportTitle="_System" importContext="" importTitle="" />
    <Mapping exportContext="/100%20Master/Home/_System" exportTitle="include" importContext="" importTitle="" />
    <Mapping exportContext="/400%20Example%20Site" exportTitle="Home" importContext="" importTitle="" />
    <Mapping exportContext="/400%20Example%20Site/Home" exportTitle="_System" importContext="" importTitle="" />
    <Mapping exportContext="/400%20Example%20Site/Home/_System" exportTitle="include" importContext="" importTitle="" />
    <Mapping exportContext="/400%20Example%20Site/Home" exportTitle="Categories" importContext="" importTitle="" />
    <Mapping exportContext="/400%20Example%20Site/Home" exportTitle="Product%20Details" importContext="" importTitle="" />
  </ItemSet>
  <ItemSet role="Schema">
    <Mapping exportContext="/000%20Empty/Building%20Blocks" exportTitle="Default%20Multimedia%20Schema.xsd" importContext="" importTitle="" />
    <Mapping exportContext="/100%20Master/Building%20Blocks" exportTitle="Default%20Multimedia%20Schema.xsd" importContext="" importTitle="" />
    <Mapping exportContext="/100%20Master/Building%20Blocks/Framework/Site%20Manager/Schemas" exportTitle="Publication%20Metadata.xsd" importContext="" importTitle="" />
    <Mapping exportContext="/400%20Example%20Site/Building%20Blocks" exportTitle="Default%20Multimedia%20Schema.xsd" importContext="" importTitle="" />
    <Mapping exportContext="/400%20Example%20Site/Building%20Blocks/Framework/Site%20Manager/Schemas" exportTitle="Publication%20Metadata.xsd" importContext="" importTitle="" />
  </ItemSet>
  <ItemSet role="Component">
    <Mapping exportContext="/400%20Example%20Site/Building%20Blocks/Content/_Structure/Header" exportTitle="Cookie%20bar.xml" importContext="" importTitle="" />
    <Mapping exportContext="/400%20Example%20Site/Building%20Blocks/Content/_Structure/Header" exportTitle="Header%20Links.xml" importContext="" importTitle="" />
    <Mapping exportContext="/400%20Example%20Site/Building%20Blocks/Content/_Structure/Header" exportTitle="Header.xml" importContext="" importTitle="" />
    <Mapping exportContext="/400%20Example%20Site/Building%20Blocks/Content/_Structure/Header" exportTitle="Old%20Browser%20bar.xml" importContext="" importTitle="" />
    <Mapping exportContext="/400%20Example%20Site/Building%20Blocks/Content/_Structure/MegaNavigation" exportTitle="Home%20Section.xml" importContext="" importTitle="" />
    <Mapping exportContext="/400%20Example%20Site/Building%20Blocks/Content/E-Commerce/Widgets" exportTitle="Search%20Feedback.xml" importContext="" importTitle="" />
    <Mapping exportContext="/400%20Example%20Site/Building%20Blocks/Modules/E-Commerce/Site%20Manager/Default%20Widgets" exportTitle="Breadcrumb.xml" importContext="" importTitle="" />
    <Mapping exportContext="/400%20Example%20Site/Building%20Blocks/Modules/E-Commerce/Site%20Manager/Default%20Widgets" exportTitle="Cart.xml" importContext="" importTitle="" />
    <Mapping exportContext="/400%20Example%20Site/Building%20Blocks/Modules/E-Commerce/Site%20Manager/Default%20Widgets" exportTitle="Facets.xml" importContext="" importTitle="" />
    <Mapping exportContext="/400%20Example%20Site/Building%20Blocks/Modules/E-Commerce/Site%20Manager/Default%20Widgets" exportTitle="Product%20Detail.xml" importContext="" importTitle="" />
    <Mapping exportContext="/400%20Example%20Site/Building%20Blocks/Modules/E-Commerce/Site%20Manager/Default%20Widgets" exportTitle="Product%20Lister.xml" importContext="" importTitle="" />
    <Mapping exportContext="/400%20Example%20Site/Building%20Blocks/Modules/E-Commerce/Site%20Manager/Default%20Widgets" exportTitle="Promotions.xml" importContext="" importTitle="" />
    <Mapping exportContext="/400%20Example%20Site/Building%20Blocks/Modules/E-Commerce/Site%20Manager/Default%20Widgets" exportTitle="Search%20Box.xml" importContext="" importTitle="" />
    <Mapping exportContext="/400%20Example%20Site/Building%20Blocks/Settings/Core/Site%20Manager" exportTitle="Language%20Selector%20Configuration.xml" importContext="" importTitle="" />
  </ItemSet>
  <ItemSet role="ComponentTemplate">
    <Mapping exportContext="/000%20Empty/Building%20Blocks/Default%20Templates" exportTitle="Default%20Component%20Template.tctcmp" importContext="" importTitle="" />
    <Mapping exportContext="/100%20Master/Building%20Blocks/Default%20Templates" exportTitle="Default%20Component%20Template.tctcmp" importContext="" importTitle="" />
    <Mapping exportContext="/400%20Example%20Site/Building%20Blocks/Default%20Templates" exportTitle="Default%20Component%20Template.tctcmp" importContext="" importTitle="" />
    <Mapping exportContext="/400%20Example%20Site/Building%20Blocks/Modules/Core/Site%20Manager/Templates" exportTitle="Cookie%20Notification%20Bar%20%5BInfo%5D.tctcmp" importContext="" importTitle="" />
    <Mapping exportContext="/400%20Example%20Site/Building%20Blocks/Modules/Core/Site%20Manager/Templates" exportTitle="Header%20Links%20%5BNav%5D.tctcmp" importContext="" importTitle="" />
    <Mapping exportContext="/400%20Example%20Site/Building%20Blocks/Modules/Core/Site%20Manager/Templates" exportTitle="Header%20Logo%20%5BLogo%5D.tctcmp" importContext="" importTitle="" />
    <Mapping exportContext="/400%20Example%20Site/Building%20Blocks/Modules/Core/Site%20Manager/Templates" exportTitle="Language%20Selector%20%5BNav%5D.tctcmp" importContext="" importTitle="" />
    <Mapping exportContext="/400%20Example%20Site/Building%20Blocks/Modules/Core/Site%20Manager/Templates" exportTitle="Old%20Browser%20Notification%20Bar%20%5BInfo%5D.tctcmp" importContext="" importTitle="" />
    <Mapping exportContext="/400%20Example%20Site/Building%20Blocks/Modules/E-Commerce/Editor/Default%20Templates" exportTitle="Breadcrumb.tctcmp" importContext="" importTitle="" />
    <Mapping exportContext="/400%20Example%20Site/Building%20Blocks/Modules/E-Commerce/Editor/Default%20Templates" exportTitle="Cart%20%5BNav%5D.tctcmp" importContext="" importTitle="" />
    <Mapping exportContext="/400%20Example%20Site/Building%20Blocks/Modules/E-Commerce/Editor/Default%20Templates" exportTitle="Cart.tctcmp" importContext="" importTitle="" />
    <Mapping exportContext="/400%20Example%20Site/Building%20Blocks/Modules/E-Commerce/Editor/Default%20Templates" exportTitle="Detail%20Breadcrumb.tctcmp" importContext="" importTitle="" />
    <Mapping exportContext="/400%20Example%20Site/Building%20Blocks/Modules/E-Commerce/Editor/Default%20Templates" exportTitle="Facets%20Widget%20%5BLeft%5D.tctcmp" importContext="" importTitle="" />
    <Mapping exportContext="/400%20Example%20Site/Building%20Blocks/Modules/E-Commerce/Editor/Default%20Templates" exportTitle="Product%20Detail%20Widget.tctcmp" importContext="" importTitle="" />
    <Mapping exportContext="/400%20Example%20Site/Building%20Blocks/Modules/E-Commerce/Editor/Default%20Templates" exportTitle="Product%20Lister%20Widget.tctcmp" importContext="" importTitle="" />
    <Mapping exportContext="/400%20Example%20Site/Building%20Blocks/Modules/E-Commerce/Editor/Default%20Templates" exportTitle="Promotions%20Widget.tctcmp" importContext="" importTitle="" />
    <Mapping exportContext="/400%20Example%20Site/Building%20Blocks/Modules/E-Commerce/Editor/Default%20Templates" exportTitle="Search%20Box%20%5BNav%5D.tctcmp" importContext="" importTitle="" />
    <Mapping exportContext="/400%20Example%20Site/Building%20Blocks/Modules/E-Commerce/Editor/Default%20Templates" exportTitle="Search%20Feedback%20%5BTools%5D.tctcmp" importContext="" importTitle="" />
    <Mapping exportContext="/400%20Example%20Site/Building%20Blocks/Modules/Navigation/Site%20Manager/Templates" exportTitle="Navigation%20Section%20%5BMegaNavigation%5D.tctcmp" importContext="" importTitle="" />
  </ItemSet>
  <ItemSet role="Page">
    <Mapping exportContext="/400%20Example%20Site/Home/_System/include" exportTitle="Header.tpg" importContext="" importTitle="" />
    <Mapping exportContext="/400%20Example%20Site/Home/Categories" exportTitle="Generic%20CategoryPage.tpg" importContext="" importTitle="" />
    <Mapping exportContext="/400%20Example%20Site/Home/Product%20Details" exportTitle="Generic%20Product%20Detail.tpg" importContext="" importTitle="" />
    <Mapping exportContext="/400%20Example%20Site/Home" exportTitle="Search%20Results.tpg" importContext="" importTitle="" />
    <Mapping exportContext="/400%20Example%20Site/Home" exportTitle="Shopping%20Cart.tpg" importContext="" importTitle="" />
  </ItemSet>
  <ItemSet role="PageTemplate">
    <Mapping exportContext="/000%20Empty/Building%20Blocks/Default%20Templates" exportTitle="Default%20Page%20Template.tptcmp" importContext="" importTitle="" />
    <Mapping exportContext="/100%20Master/Building%20Blocks/Default%20Templates" exportTitle="Default%20Page%20Template.tptcmp" importContext="" importTitle="" />
    <Mapping exportContext="/100%20Master/Building%20Blocks/Framework/Developer/Templates" exportTitle="JSON.tptcmp" importContext="" importTitle="" />
    <Mapping exportContext="/100%20Master/Building%20Blocks/Modules/Core/Site%20Manager/Templates" exportTitle="Include%20Page.tptcmp" importContext="" importTitle="" />
    <Mapping exportContext="/400%20Example%20Site/Building%20Blocks/Modules/Core/Editor/Templates" exportTitle="Content%20Page.tptcmp" importContext="" importTitle="" />
    <Mapping exportContext="/400%20Example%20Site/Building%20Blocks/Modules/Core/Editor/Templates" exportTitle="Section%20Page.tptcmp" importContext="" importTitle="" />
  </ItemSet>
  <ItemSet role="TemplateBuildingBlock">
    <Mapping exportContext="/000%20Empty/Building%20Blocks/Default%20Templates" exportTitle="Default%20Dreamweaver%20Page%20Design.dwt" importContext="" importTitle="" />
    <Mapping exportContext="/100%20Master/Building%20Blocks/Default%20Templates" exportTitle="Default%20Dreamweaver%20Page%20Design.dwt" importContext="" importTitle="" />
    <Mapping exportContext="/400%20Example%20Site/Building%20Blocks/Default%20Templates" exportTitle="Default%20Dreamweaver%20Page%20Design.dwt" importContext="" importTitle="" />
  </ItemSet>
  <ItemSet role="ProcessDefinition">
    <Mapping exportContext="/000%20Empty" exportTitle="Task%20Process.tpd" importContext="" importTitle="" />
    <Mapping exportContext="/100%20Master" exportTitle="Task%20Process.tpd" importContext="" importTitle="" />
    <Mapping exportContext="/400%20Example%20Site" exportTitle="Task%20Process.tpd" importContext="" importTitle="" />
  </ItemSet>
</Mappings>