<PackageItem xmlns:tcm="http://www.tridion.com/ContentManager/5.0" xmlns:xlink="http://www.w3.org/1999/xlink" xmlns="http://www.sdltridion.com/ContentManager/ImportExport/Package/2013">
  <Data>
    <tcm:Data>
      <tcm:Title>Product Detail</tcm:Title>
      <tcm:Type>Normal</tcm:Type>
      <tcm:Schema xlink:type="simple" xlink:title="ECommerce - Product Detail Widget" xlink:href="/webdav/100%20Master/Building%20Blocks/Modules/E-Commerce/Editor/Schemas/ECommerce%20-%20Product%20Detail%20Widget.xsd" IsMandatory="false" />
      <tcm:Content>
        <ProductDetailWidget xmlns="uuid:0089c5d2-aa8c-4c05-8e44-a08a9322441b">
          <image xmlns:xlink="http://www.w3.org/1999/xlink" xlink:href="/webdav/100%20Master/Building%20Blocks/Modules/E-Commerce/Editor/Schemas/Default%20Images/Empty%20Image.png" xlink:title="Empty Image" />
        </ProductDetailWidget>
      </tcm:Content>
      <tcm:Metadata>
        <Metadata xmlns="uuid:0089c5d2-aa8c-4c05-8e44-a08a9322441b" />
      </tcm:Metadata>
      <tcm:IsBasedOnTridionWebSchema>true</tcm:IsBasedOnTridionWebSchema>
      <tcm:MultimediaType xlink:type="simple" xlink:title="" xlink:href="tcm:0-0-0" />
    </tcm:Data>
  </Data>
  <Dependencies>
    <Dependency dependencyType="Publication" itemUrl="/webdav/100%20Master" linkName="LocationInfo/ContextRepository" />
    <Dependency dependencyType="OrganizationalItemFolder" itemUrl="/webdav/100%20Master/Building%20Blocks/Modules/E-Commerce/Site%20Manager/Default%20Widgets" linkName="LocationInfo/OrganizationalItem" />
    <Dependency dependencyType="LinkedComponent" itemUrl="/webdav/100%20Master/Building%20Blocks/Modules/E-Commerce/Editor/Schemas/Default%20Images/Empty%20Image.png" linkName="Content" xpath="*[local-name() = 'ProductDetailWidget'][1]/*[local-name() = 'image'][1]/@xlink:href" />
    <Dependency dependencyType="Schema" itemUrl="/webdav/100%20Master/Building%20Blocks/Modules/E-Commerce/Editor/Schemas/ECommerce%20-%20Product%20Detail%20Widget.xsd" linkName="Schema" />
  </Dependencies>
</PackageItem>