<PackageItem xmlns:tcm="http://www.tridion.com/ContentManager/5.0" xmlns:xlink="http://www.w3.org/1999/xlink" xmlns="http://www.sdltridion.com/ContentManager/ImportExport/Package/2013">
  <Data>
    <tcm:Data>
      <tcm:Title>E-Commerce</tcm:Title>
      <tcm:Type>Normal</tcm:Type>
      <tcm:Schema xlink:type="simple" xlink:title="Module Configuration" xlink:href="/webdav/100%20Master/Building%20Blocks/Modules/Core/Admin/Schemas/Module%20Configuration.xsd" IsMandatory="false" />
      <tcm:Content>
        <ModuleConfiguration xmlns="http://www.sdl.com/web/schemas/core">
          <name>E-Commerce</name>
          <softwareVersion>1</softwareVersion>
          <isActive>Yes</isActive>
          <dependencies>
            <module xmlns:xlink="http://www.w3.org/1999/xlink" xlink:href="/webdav/100%20Master/Building%20Blocks/Modules/Core/Admin/Core.xml" xlink:title="Core" />
            <softwareVersion>1.1</softwareVersion>
          </dependencies>
          <furtherConfiguration xmlns:xlink="http://www.w3.org/1999/xlink" xlink:href="/webdav/100%20Master/Building%20Blocks/Settings/E-Commerce/Site%20Manager/Fredhopper%20Localization%20Configuration.xml" xlink:title="Fredhopper Localization Configuration" />
          <furtherConfiguration xmlns:xlink="http://www.w3.org/1999/xlink" xlink:href="/webdav/100%20Master/Building%20Blocks/Settings/E-Commerce/Site%20Manager/Demandware%20Localization%20Configuration.xml" xlink:title="Demandware Localization Configuration" />
          <furtherConfiguration xmlns:xlink="http://www.w3.org/1999/xlink" xlink:href="/webdav/100%20Master/Building%20Blocks/Settings/E-Commerce/Site%20Manager/Hybris%20Localization%20Configuration.xml" xlink:title="Hybris Localization Configuration" />
          <resource xmlns:xlink="http://www.w3.org/1999/xlink" xlink:href="/webdav/100%20Master/Building%20Blocks/Settings/E-Commerce/Site%20Manager/E-Commerce%20Resources.xml" xlink:title="E-Commerce Resources" />
        </ModuleConfiguration>
      </tcm:Content>
      <tcm:Metadata />
      <tcm:IsBasedOnTridionWebSchema>true</tcm:IsBasedOnTridionWebSchema>
      <tcm:MultimediaType xlink:type="simple" xlink:title="" xlink:href="tcm:0-0-0" />
    </tcm:Data>
  </Data>
  <Dependencies>
    <Dependency dependencyType="Publication" itemUrl="/webdav/100%20Master" linkName="LocationInfo/ContextRepository" />
    <Dependency dependencyType="OrganizationalItemFolder" itemUrl="/webdav/100%20Master/Building%20Blocks/Modules/E-Commerce/Admin" linkName="LocationInfo/OrganizationalItem" />
    <Dependency dependencyType="LinkedComponent" itemUrl="/webdav/100%20Master/Building%20Blocks/Modules/Core/Admin/Core.xml" linkName="Content" xpath="*[local-name() = 'ModuleConfiguration'][1]/*[local-name() = 'dependencies'][1]/*[local-name() = 'module'][1]/@xlink:href" />
    <Dependency dependencyType="LinkedComponent" itemUrl="/webdav/100%20Master/Building%20Blocks/Settings/E-Commerce/Site%20Manager/Fredhopper%20Localization%20Configuration.xml" linkName="Content" xpath="*[local-name() = 'ModuleConfiguration'][1]/*[local-name() = 'furtherConfiguration'][1]/@xlink:href" />
    <Dependency dependencyType="LinkedComponent" itemUrl="/webdav/100%20Master/Building%20Blocks/Settings/E-Commerce/Site%20Manager/Demandware%20Localization%20Configuration.xml" linkName="Content" xpath="*[local-name() = 'ModuleConfiguration'][1]/*[local-name() = 'furtherConfiguration'][2]/@xlink:href" />
    <Dependency dependencyType="LinkedComponent" itemUrl="/webdav/100%20Master/Building%20Blocks/Settings/E-Commerce/Site%20Manager/Hybris%20Localization%20Configuration.xml" linkName="Content" xpath="*[local-name() = 'ModuleConfiguration'][1]/*[local-name() = 'furtherConfiguration'][3]/@xlink:href" />
    <Dependency dependencyType="LinkedComponent" itemUrl="/webdav/100%20Master/Building%20Blocks/Settings/E-Commerce/Site%20Manager/E-Commerce%20Resources.xml" linkName="Content" xpath="*[local-name() = 'ModuleConfiguration'][1]/*[local-name() = 'resource'][1]/@xlink:href" />
    <Dependency dependencyType="Schema" itemUrl="/webdav/100%20Master/Building%20Blocks/Modules/Core/Admin/Schemas/Module%20Configuration.xsd" linkName="Schema" />
  </Dependencies>
</PackageItem>