<PackageItem xmlns:tcm="http://www.tridion.com/ContentManager/5.0" xmlns:xlink="http://www.w3.org/1999/xlink" xmlns="http://www.sdltridion.com/ContentManager/ImportExport/Package/2013">
  <Data>
    <tcm:Data>
      <tcm:Title>Hybris Localization Configuration</tcm:Title>
      <tcm:Type>Normal</tcm:Type>
      <tcm:Schema xlink:type="simple" xlink:title="General Configuration" xlink:href="/webdav/100%20Master/Building%20Blocks/Modules/Core/Site%20Manager/Schemas/General%20Configuration.xsd" IsMandatory="false" />
      <tcm:Content>
        <GeneralConfiguration xmlns="http://www.sdl.com/web/schemas/core">
          <name xmlns:xlink="http://www.w3.org/1999/xlink">Hybris Localization Configuration</name>
          <settings xmlns:xlink="http://www.w3.org/1999/xlink">
            <name>hybris-siteId</name>
            <value>apparel-uk</value>
          </settings>
          <settings xmlns:xlink="http://www.w3.org/1999/xlink">
            <name>hybris-activeServiceCatalog</name>
            <value>/catalogs/apparelProductCatalog/Online</value>
          </settings>
          <settings xmlns:xlink="http://www.w3.org/1999/xlink">
            <name>hybris-catalogBranch</name>
            <value>/categories</value>
          </settings>
          <settings xmlns:xlink="http://www.w3.org/1999/xlink">
            <name>hybris-language</name>
            <value>en</value>
          </settings>
          <settings xmlns:xlink="http://www.w3.org/1999/xlink">
            <name>hybris-currency</name>
            <value>GBP</value>
          </settings>
          <settings>
            <name xmlns:xlink="http://www.w3.org/1999/xlink">hybris-excludeFacets</name>
            <value>availableInStores,collection,gender</value>
          </settings>
          <settings xmlns:xlink="http://www.w3.org/1999/xlink">
            <name>hybris-flyoutFacets</name>
            <value>brand</value>
          </settings>
        </GeneralConfiguration>
      </tcm:Content>
      <tcm:Metadata />
      <tcm:IsBasedOnTridionWebSchema>true</tcm:IsBasedOnTridionWebSchema>
      <tcm:MultimediaType xlink:type="simple" xlink:title="" xlink:href="tcm:0-0-0" />
    </tcm:Data>
  </Data>
  <Dependencies>
    <Dependency dependencyType="Publication" itemUrl="/webdav/100%20Master" linkName="LocationInfo/ContextRepository" />
    <Dependency dependencyType="OrganizationalItemFolder" itemUrl="/webdav/100%20Master/Building%20Blocks/Settings/E-Commerce/Site%20Manager" linkName="LocationInfo/OrganizationalItem" />
    <Dependency dependencyType="Schema" itemUrl="/webdav/100%20Master/Building%20Blocks/Modules/Core/Site%20Manager/Schemas/General%20Configuration.xsd" linkName="Schema" />
  </Dependencies>
</PackageItem>