<PackageItem xmlns:tcm="http://www.tridion.com/ContentManager/5.0" xmlns:xlink="http://www.w3.org/1999/xlink" xmlns="http://www.sdltridion.com/ContentManager/ImportExport/Package/2013">
  <BinaryFileLocation>Binaries\4114-27304.zip</BinaryFileLocation>
  <Data>
    <tcm:Data>
      <tcm:Title>HTML Design</tcm:Title>
      <tcm:Type>Multimedia</tcm:Type>
      <tcm:Schema xlink:type="simple" xlink:title="ZIP file" xlink:href="/webdav/100%20Master/Building%20Blocks/Modules/Core/Developer/Schemas/ZIP%20file.xsd" IsMandatory="false" />
      <tcm:Content />
      <tcm:Metadata />
      <tcm:IsBasedOnTridionWebSchema>true</tcm:IsBasedOnTridionWebSchema>
      <tcm:MultimediaType xlink:type="simple" xlink:title="Zip file" xlink:href="tcm:0-27-65544" />
      <tcm:MultimediaFilename>html-design.zip</tcm:MultimediaFilename>
      <tcm:MultimediaFileSize>89658</tcm:MultimediaFileSize>
      <tcm:IsExternalMultimediaFile>false</tcm:IsExternalMultimediaFile>
    </tcm:Data>
  </Data>
  <Dependencies>
    <Dependency dependencyType="Publication" itemUrl="/webdav/100%20Master" linkName="LocationInfo/ContextRepository" />
    <Dependency dependencyType="OrganizationalItemFolder" itemUrl="/webdav/100%20Master/Building%20Blocks/Modules/Core/Admin" linkName="LocationInfo/OrganizationalItem" />
    <Dependency dependencyType="MultimediaType" itemUrl="/webdav//Zip%20file.tmt" linkName="BinaryContent/MultimediaType" />
    <Dependency dependencyType="Schema" itemUrl="/webdav/100%20Master/Building%20Blocks/Modules/Core/Developer/Schemas/ZIP%20file.xsd" linkName="Schema" />
  </Dependencies>
</PackageItem>