<PackageItem xmlns:tcm="http://www.tridion.com/ContentManager/5.0" xmlns:xlink="http://www.w3.org/1999/xlink" xmlns="http://www.sdltridion.com/ContentManager/ImportExport/Package/2013">
  <Data>
    <tcm:Data>
      <tcm:Title>Privacy Policy</tcm:Title>
      <tcm:Type>Normal</tcm:Type>
      <tcm:Schema xlink:type="simple" xlink:title="Article" xlink:href="/webdav/200%20Example%20Content/Building%20Blocks/Modules/Core/Editor/Schemas/Article.xsd" IsMandatory="false" />
      <tcm:Content>
        <Article xmlns="http://www.sdl.com/web/schemas/core">
          <headline>Privacy Policy</headline>
          <articleBody>
            <subheading>Summary</subheading>
            <content>In sodales elementum lorem, at sollicitudin quam placerat in. Suspendisse vitae purus eu dolor mattis mollis. Nulla sit amet orci ac arcu suscipit commodo ut in tellus. Praesent ultrices lacus massa, at consequat augue consectetur a. Proin nec velit enim. Maecenas sed vulputate orci, ac pretium lorem. Quisque eget velit ac justo vulputate posuere eu vel metus. Vivamus sit amet dolor id leo dictum pretium. In et ultrices lectus, quis sagittis purus</content>
          </articleBody>
          <articleBody>
            <subheading>The information we gather</subheading>
            <content>Vestibulum ante ipsum primis in faucibus orci luctus et ultrices posuere cubilia Curae; Ut porttitor nisi nunc. Aenean commodo arcu vehicula enim tincidunt sodales. Proin tristique mi id nisi dignissim, eget congue purus blandit. Vestibulum dignissim sollicitudin sapien, eget pellentesque dui pellentesque sodales. In hac habitasse platea dictumst. Cras placerat at libero at porta. Vivamus eget magna eros.</content>
          </articleBody>
        </Article>
      </tcm:Content>
      <tcm:Metadata>
        <Metadata xmlns="http://www.sdl.com/web/schemas/core">
          <standardMeta>
            <description>Vestibulum ante ipsum primis in faucibus orci luctus et ultrices posuere cubilia Curae; Ut porttitor nisi nunc. Aenean commodo arcu vehicula enim tincidunt sodales. Proin tristique mi id nisi dignissim, eget congue purus blandit. Vestibulum dignissim sollicitudin sapien, eget pellentesque dui pellentesque sodales. In hac habitasse platea dictumst. </description>
          </standardMeta>
        </Metadata>
      </tcm:Metadata>
      <tcm:IsBasedOnTridionWebSchema>true</tcm:IsBasedOnTridionWebSchema>
      <tcm:MultimediaType xlink:type="simple" xlink:title="" xlink:href="tcm:0-0-0" />
    </tcm:Data>
  </Data>
  <Dependencies>
    <Dependency dependencyType="Publication" itemUrl="/webdav/200%20Example%20Content" linkName="LocationInfo/ContextRepository" />
    <Dependency dependencyType="OrganizationalItemFolder" itemUrl="/webdav/200%20Example%20Content/Building%20Blocks/Content/About" linkName="LocationInfo/OrganizationalItem" />
    <Dependency dependencyType="Schema" itemUrl="/webdav/200%20Example%20Content/Building%20Blocks/Modules/Core/Editor/Schemas/Article.xsd" linkName="Schema" />
  </Dependencies>
</PackageItem>