<PackageItem xmlns:tcm="http://www.tridion.com/ContentManager/5.0" xmlns:xlink="http://www.w3.org/1999/xlink" xmlns="http://www.sdltridion.com/ContentManager/ImportExport/Package/2013">
  <Data>
    <tcm:Data>
      <tcm:Title>Home Section</tcm:Title>
      <tcm:Type>Normal</tcm:Type>
      <tcm:Schema xlink:type="simple" xlink:title="Navigation Section" xlink:href="/webdav/400%20Example%20Site/Building%20Blocks/Modules/Navigation/Site%20Manager/Schemas/Navigation%20Section.xsd" IsMandatory="false" />
      <tcm:Content>
        <NavigationSection xmlns="uuid:f3aa297e-ed6f-4322-ad99-ce9d3f179e00">
          <mainItem>
            <link>
              <linkText>Home</linkText>
              <internalLink xmlns:xlink="http://www.w3.org/1999/xlink" xlink:type="simple" xlink:href="/webdav/400%20Example%20Site/Building%20Blocks/Content/Homepage/Homepage%20Welcome.xml" xlink:title="Homepage Welcome" />
            </link>
          </mainItem>
        </NavigationSection>
      </tcm:Content>
      <tcm:Metadata />
      <tcm:IsBasedOnTridionWebSchema>true</tcm:IsBasedOnTridionWebSchema>
      <tcm:MultimediaType xlink:type="simple" xlink:title="" xlink:href="tcm:0-0-0" />
    </tcm:Data>
  </Data>
  <Dependencies>
    <Dependency dependencyType="Publication" itemUrl="/webdav/400%20Example%20Site" linkName="LocationInfo/ContextRepository" />
    <Dependency dependencyType="OrganizationalItemFolder" itemUrl="/webdav/400%20Example%20Site/Building%20Blocks/Content/_Structure/MegaNavigation" linkName="LocationInfo/OrganizationalItem" />
    <Dependency dependencyType="LinkedComponent" itemUrl="/webdav/400%20Example%20Site/Building%20Blocks/Content/Homepage/Homepage%20Welcome.xml" linkName="Content" xpath="*[local-name() = 'NavigationSection'][1]/*[local-name() = 'mainItem'][1]/*[local-name() = 'link'][1]/*[local-name() = 'internalLink'][1]/@xlink:href" />
    <Dependency dependencyType="Schema" itemUrl="/webdav/400%20Example%20Site/Building%20Blocks/Modules/Navigation/Site%20Manager/Schemas/Navigation%20Section.xsd" linkName="Schema" />
  </Dependencies>
</PackageItem>