<PackageItem xmlns:tcm="http://www.tridion.com/ContentManager/5.0" xmlns:xlink="http://www.w3.org/1999/xlink" xmlns="http://www.sdltridion.com/ContentManager/ImportExport/Package/2013">
  <Data>
    <tcm:Data>
      <tcm:Title>Header</tcm:Title>
      <tcm:Type>Normal</tcm:Type>
      <tcm:Schema xlink:type="simple" xlink:title="Teaser" xlink:href="/webdav/400%20Example%20Site/Building%20Blocks/Modules/Core/Editor/Schemas/Teaser.xsd" IsMandatory="false" />
      <tcm:Content>
        <Teaser xmlns="http://www.sdl.com/web/schemas/core">
          <media xmlns:xlink="http://www.w3.org/1999/xlink" xlink:href="/webdav/400%20Example%20Site/Building%20Blocks/Content/_Structure/Header/Company%20Logo%20540%20px.png" xlink:title="Company Logo 540 px" />
          <link>
            <internalLink xmlns:xlink="http://www.w3.org/1999/xlink" xlink:href="/webdav/400%20Example%20Site/Building%20Blocks/Content/Homepage/Homepage%20Welcome.xml" xlink:title="Homepage Welcome" />
            <alternateText>Go to the home page</alternateText>
          </link>
        </Teaser>
      </tcm:Content>
      <tcm:Metadata />
      <tcm:IsBasedOnTridionWebSchema>true</tcm:IsBasedOnTridionWebSchema>
      <tcm:MultimediaType xlink:type="simple" xlink:title="" xlink:href="tcm:0-0-0" />
    </tcm:Data>
  </Data>
  <Dependencies>
    <Dependency dependencyType="Publication" itemUrl="/webdav/400%20Example%20Site" linkName="LocationInfo/ContextRepository" />
    <Dependency dependencyType="OrganizationalItemFolder" itemUrl="/webdav/400%20Example%20Site/Building%20Blocks/Content/_Structure/Header" linkName="LocationInfo/OrganizationalItem" />
    <Dependency dependencyType="LinkedComponent" itemUrl="/webdav/400%20Example%20Site/Building%20Blocks/Content/_Structure/Header/Company%20Logo%20540%20px.png" linkName="Content" xpath="*[local-name() = 'Teaser'][1]/*[local-name() = 'media'][1]/@xlink:href" />
    <Dependency dependencyType="LinkedComponent" itemUrl="/webdav/400%20Example%20Site/Building%20Blocks/Content/Homepage/Homepage%20Welcome.xml" linkName="Content" xpath="*[local-name() = 'Teaser'][1]/*[local-name() = 'link'][1]/*[local-name() = 'internalLink'][1]/@xlink:href" />
    <Dependency dependencyType="Schema" itemUrl="/webdav/400%20Example%20Site/Building%20Blocks/Modules/Core/Editor/Schemas/Teaser.xsd" linkName="Schema" />
  </Dependencies>
</PackageItem>