<Index dataContractVersion="2013" xmlns="http://www.sdltridion.com/ContentManager/ImportExport/Package/2013">
  <Item id="tcm:0-0-0" selected="false" exported="true">
    <ApplicationIds>
      <ApplicationId>http://www.sdl.com/tridion/SemanticMapping/vocabularies</ApplicationId>
    </ApplicationIds>
    <Item id="tcm:0-84-1" title="000%20Empty" itemType="Publication" selected="false" exported="true">
      <Item id="tcm:84-1418-2" title="Building%20Blocks" itemType="Folder" blueprintStatus="LocalItem" selected="true" exported="true">
        <Item id="db3e1a0543824238b836ceb1b0fd322b" title="Default%20Templates" itemType="Folder" selected="false" exported="false">
          <Item id="7b151c31968d4b3ea0fc92b1caa1d86e" title="Default%20Component%20Template" extension="tctcmp" itemType="ComponentTemplate" selected="false" exported="false" />
          <Item id="5a8059f0184746ee8091d7cf89482c19" title="Default%20Dreamweaver%20Page%20Design" extension="dwt" itemType="TemplateBuildingBlock" selected="false" exported="false" />
          <Item id="d19eae8845da415e944d08982dd44868" title="Default%20Page%20Template" extension="tptcmp" itemType="PageTemplate" selected="false" exported="false" />
        </Item>
        <Item id="9bff6bbe327a48ca92d9eb80a38b546e" title="Default%20Multimedia%20Schema" extension="xsd" itemType="Schema" selected="false" exported="false" />
      </Item>
      <Item id="3253cf4d838a4064b87de80bf54e39ff" title="Task%20Process" extension="tpd" itemType="ProcessDefinition" selected="false" exported="false" />
    </Item>
    <Item id="tcm:0-85-1" title="100%20Master" itemType="Publication" selected="true" exported="true">
      <Item id="tcm:85-1418-2" title="Building%20Blocks" itemType="Folder" blueprintStatus="SharedItem" selected="true" exported="true">
        <Item id="e2562c9ed82e41e0834a5d78c4a4012c" title="Default%20Templates" itemType="Folder" selected="false" exported="false">
          <Item id="99d669d288a447b49da7b03ed94fb105" title="Default%20Component%20Template" extension="tctcmp" itemType="ComponentTemplate" selected="false" exported="false" />
          <Item id="b50f98e125ff4c2a88fb065ae6d0de30" title="Default%20Dreamweaver%20Page%20Design" extension="dwt" itemType="TemplateBuildingBlock" selected="false" exported="false" />
          <Item id="d7f55999aa524d0787052335a18ac7a4" title="Default%20Page%20Template" extension="tptcmp" itemType="PageTemplate" selected="false" exported="false" />
        </Item>
        <Item id="1f7a6f7ef4d547ee8fad44fabe59378d" title="Framework" itemType="Folder" selected="false" exported="false">
          <Item id="cd618d18c1b1435f828561323079bb73" title="Developer" itemType="Folder" selected="false" exported="false">
            <Item id="14640cffb6224344a3ea316e41dd70eb" title="Schemas" itemType="Folder" selected="false" exported="false">
              <Item id="6119bb5ee76f4d25b32aa68df3544893" title="Module%20Configuration" extension="xsd" itemType="Schema" selected="false" exported="false" />
              <Item id="d665dd6f033141df8af3e183d8bdc0bb" title="ZIP%20file" extension="xsd" itemType="Schema" selected="false" exported="false" />
            </Item>
          </Item>
          <Item id="2065390ad55243a08e64149d2619b623" title="Site%20Manager" itemType="Folder" selected="false" exported="false">
            <Item id="cf6e0598281d4110a5986a0cb336a1db" title="Schemas" itemType="Folder" selected="false" exported="false">
              <Item id="ed1780df170a43de852159cc709b3f1d" title="HTML%20Design%20Configuration" extension="xsd" itemType="Schema" selected="false" exported="false" />
              <Item id="828347060443472fa791c4212f1d0e6f" title="Publication%20Metadata" extension="xsd" itemType="Schema" selected="false" exported="false" />
            </Item>
          </Item>
        </Item>
        <Item id="tcm:85-1427-2" title="Modules" itemType="Folder" blueprintStatus="LocalItem" selected="true" exported="true">
          <Item id="4ec62490095c41989f104442164ae3df" title="Core" itemType="Folder" selected="false" exported="false">
            <Item id="52c2cc995dba445d87d4b468e4afeafa" title="Admin" itemType="Folder" selected="false" exported="false">
              <Item id="3377431faa6d4e6599f021cdcfec181e" title="Build%20Files" extension="zip" itemType="Component" selected="false" exported="false" />
            </Item>
          </Item>
          <Item id="tcm:85-1488-2" title="E-Commerce" itemType="Folder" blueprintStatus="LocalItem" selected="true" exported="true">
            <Item id="tcm:85-1489-2" title="Admin" itemType="Folder" blueprintStatus="LocalItem" selected="true" exported="true">
              <Item id="tcm:85-5776" title="E-Commerce%20Cart%2FXPM%20Javascripts" extension="zip" itemType="Component" subtype="1" blueprintStatus="LocalItem" selected="true" exported="true" />
              <Item id="tcm:85-5852" title="E-Commerce%20White%20Label%20HTML%20Design" extension="zip" itemType="Component" subtype="1" blueprintStatus="LocalItem" selected="true" exported="true" />
              <Item id="tcm:85-5818" title="E-Commerce" extension="xml" itemType="Component" blueprintStatus="LocalItem" selected="true" exported="true" />
            </Item>
          </Item>
        </Item>
        <Item id="tcm:85-1439-2" title="Settings" itemType="Folder" blueprintStatus="LocalItem" selected="true" exported="true">
          <Item id="tcm:85-1440-2" title="Core" itemType="Folder" blueprintStatus="LocalItem" selected="true" exported="true">
            <Item id="tcm:85-1446-2" title="Site%20Manager" itemType="Folder" blueprintStatus="LocalItem" selected="true" exported="true">
              <Item id="29b09748b32d4d4292465054bcbf1d3f" title="Bootstrap%20Configuration" extension="xml" itemType="Component" selected="false" exported="false" />
              <Item id="d249e25d4bb94e5a8fca05a90cfb4de2" title="Favicon" extension="ico" itemType="Component" selected="false" exported="false" />
              <Item id="tcm:85-5607" title="HTML%20Design%20Configuration" extension="xml" itemType="Component" blueprintStatus="LocalItem" selected="true" exported="true" />
            </Item>
          </Item>
          <Item id="tcm:85-1486-2" title="E-Commerce" itemType="Folder" blueprintStatus="LocalItem" selected="true" exported="true">
            <Item id="tcm:85-1487-2" title="Site%20Manager" itemType="Folder" blueprintStatus="LocalItem" selected="true" exported="true">
              <Item id="a0b1158c24854f8fb1273d3260bf2337" title="Demandware%20Localization%20Configuration" extension="xml" itemType="Component" selected="false" exported="false" />
              <Item id="tcm:85-5777" title="E-Commerce%20HTML%20Design%20Configuration" extension="xml" itemType="Component" blueprintStatus="LocalItem" selected="true" exported="true" />
              <Item id="65e9d32c89ef4bd4b95197e01e23b826" title="E-Commerce%20Resources" extension="xml" itemType="Component" selected="false" exported="false" />
              <Item id="a327218c32394125bfe98f1605fd2e63" title="Fredhopper%20Localization%20Configuration" extension="xml" itemType="Component" selected="false" exported="false" />
              <Item id="31be9d69849342f0b3e6500729d367c0" title="Hybris%20Localization%20Configuration" extension="xml" itemType="Component" selected="false" exported="false" />
            </Item>
          </Item>
        </Item>
        <Item id="423def12ff2640cbb83013c598b394a8" title="Default%20Multimedia%20Schema" extension="xsd" itemType="Schema" selected="false" exported="false" />
      </Item>
      <Item id="a602c713f745452c8d71570b732688b0" title="Task%20Process" extension="tpd" itemType="ProcessDefinition" selected="false" exported="false" />
    </Item>
    <Item id="tcm:0-23-65544" title="Zip%20file" extension="tmt" itemType="MultimediaType" selected="false" exported="true" />
  </Item>
</Index>