<Mappings xmlns="http://www.sdltridion.com/ContentManager/ImportExport/Package/2013">
  <ItemSet role="Publication">
    <Mapping exportTitle="000%20Empty" importTitle="" />
    <Mapping exportTitle="100%20Master" importTitle="" />
  </ItemSet>
  <ItemSet role="Folder">
    <Mapping exportContext="/000%20Empty" exportTitle="Building%20Blocks" importContext="" importTitle="" />
    <Mapping exportContext="/000%20Empty/Building%20Blocks" exportTitle="Default%20Templates" importContext="" importTitle="" />
    <Mapping exportContext="/100%20Master" exportTitle="Building%20Blocks" importContext="" importTitle="" />
    <Mapping exportContext="/100%20Master/Building%20Blocks" exportTitle="Default%20Templates" importContext="" importTitle="" />
    <Mapping exportContext="/100%20Master/Building%20Blocks" exportTitle="Framework" importContext="" importTitle="" />
    <Mapping exportContext="/100%20Master/Building%20Blocks/Framework" exportTitle="Developer" importContext="" importTitle="" />
    <Mapping exportContext="/100%20Master/Building%20Blocks/Framework/Developer" exportTitle="Schemas" importContext="" importTitle="" />
    <Mapping exportContext="/100%20Master/Building%20Blocks/Framework" exportTitle="Site%20Manager" importContext="" importTitle="" />
    <Mapping exportContext="/100%20Master/Building%20Blocks/Framework/Site%20Manager" exportTitle="Schemas" importContext="" importTitle="" />
    <Mapping exportContext="/100%20Master/Building%20Blocks" exportTitle="Modules" importContext="" importTitle="" />
    <Mapping exportContext="/100%20Master/Building%20Blocks/Modules" exportTitle="Core" importContext="" importTitle="" />
    <Mapping exportContext="/100%20Master/Building%20Blocks/Modules/Core" exportTitle="Admin" importContext="" importTitle="" />
    <Mapping exportContext="/100%20Master/Building%20Blocks/Modules" exportTitle="E-Commerce" importContext="" importTitle="" />
    <Mapping exportContext="/100%20Master/Building%20Blocks/Modules/E-Commerce" exportTitle="Admin" importContext="" importTitle="" />
    <Mapping exportContext="/100%20Master/Building%20Blocks" exportTitle="Settings" importContext="" importTitle="" />
    <Mapping exportContext="/100%20Master/Building%20Blocks/Settings" exportTitle="Core" importContext="" importTitle="" />
    <Mapping exportContext="/100%20Master/Building%20Blocks/Settings/Core" exportTitle="Site%20Manager" importContext="" importTitle="" />
    <Mapping exportContext="/100%20Master/Building%20Blocks/Settings" exportTitle="E-Commerce" importContext="" importTitle="" />
    <Mapping exportContext="/100%20Master/Building%20Blocks/Settings/E-Commerce" exportTitle="Site%20Manager" importContext="" importTitle="" />
  </ItemSet>
  <ItemSet role="Schema">
    <Mapping exportContext="/000%20Empty/Building%20Blocks" exportTitle="Default%20Multimedia%20Schema.xsd" importContext="" importTitle="" />
    <Mapping exportContext="/100%20Master/Building%20Blocks" exportTitle="Default%20Multimedia%20Schema.xsd" importContext="" importTitle="" />
    <Mapping exportContext="/100%20Master/Building%20Blocks/Framework/Developer/Schemas" exportTitle="Module%20Configuration.xsd" importContext="" importTitle="" />
    <Mapping exportContext="/100%20Master/Building%20Blocks/Framework/Developer/Schemas" exportTitle="ZIP%20file.xsd" importContext="" importTitle="" />
    <Mapping exportContext="/100%20Master/Building%20Blocks/Framework/Site%20Manager/Schemas" exportTitle="HTML%20Design%20Configuration.xsd" importContext="" importTitle="" />
    <Mapping exportContext="/100%20Master/Building%20Blocks/Framework/Site%20Manager/Schemas" exportTitle="Publication%20Metadata.xsd" importContext="" importTitle="" />
  </ItemSet>
  <ItemSet role="Component">
    <Mapping exportContext="/100%20Master/Building%20Blocks/Modules/Core/Admin" exportTitle="Build%20Files.zip" importContext="" importTitle="" />
    <Mapping exportContext="/100%20Master/Building%20Blocks/Modules/E-Commerce/Admin" exportTitle="E-Commerce%20Cart%2FXPM%20Javascripts.zip" importContext="" importTitle="" />
    <Mapping exportContext="/100%20Master/Building%20Blocks/Modules/E-Commerce/Admin" exportTitle="E-Commerce%20White%20Label%20HTML%20Design.zip" importContext="" importTitle="" />
    <Mapping exportContext="/100%20Master/Building%20Blocks/Modules/E-Commerce/Admin" exportTitle="E-Commerce.xml" importContext="" importTitle="" />
    <Mapping exportContext="/100%20Master/Building%20Blocks/Settings/Core/Site%20Manager" exportTitle="Bootstrap%20Configuration.xml" importContext="" importTitle="" />
    <Mapping exportContext="/100%20Master/Building%20Blocks/Settings/Core/Site%20Manager" exportTitle="Favicon.ico" importContext="" importTitle="" />
    <Mapping exportContext="/100%20Master/Building%20Blocks/Settings/Core/Site%20Manager" exportTitle="HTML%20Design%20Configuration.xml" importContext="" importTitle="" />
    <Mapping exportContext="/100%20Master/Building%20Blocks/Settings/E-Commerce/Site%20Manager" exportTitle="Demandware%20Localization%20Configuration.xml" importContext="" importTitle="" />
    <Mapping exportContext="/100%20Master/Building%20Blocks/Settings/E-Commerce/Site%20Manager" exportTitle="E-Commerce%20HTML%20Design%20Configuration.xml" importContext="" importTitle="" />
    <Mapping exportContext="/100%20Master/Building%20Blocks/Settings/E-Commerce/Site%20Manager" exportTitle="E-Commerce%20Resources.xml" importContext="" importTitle="" />
    <Mapping exportContext="/100%20Master/Building%20Blocks/Settings/E-Commerce/Site%20Manager" exportTitle="Fredhopper%20Localization%20Configuration.xml" importContext="" importTitle="" />
    <Mapping exportContext="/100%20Master/Building%20Blocks/Settings/E-Commerce/Site%20Manager" exportTitle="Hybris%20Localization%20Configuration.xml" importContext="" importTitle="" />
  </ItemSet>
  <ItemSet role="ComponentTemplate">
    <Mapping exportContext="/000%20Empty/Building%20Blocks/Default%20Templates" exportTitle="Default%20Component%20Template.tctcmp" importContext="" importTitle="" />
    <Mapping exportContext="/100%20Master/Building%20Blocks/Default%20Templates" exportTitle="Default%20Component%20Template.tctcmp" importContext="" importTitle="" />
  </ItemSet>
  <ItemSet role="PageTemplate">
    <Mapping exportContext="/000%20Empty/Building%20Blocks/Default%20Templates" exportTitle="Default%20Page%20Template.tptcmp" importContext="" importTitle="" />
    <Mapping exportContext="/100%20Master/Building%20Blocks/Default%20Templates" exportTitle="Default%20Page%20Template.tptcmp" importContext="" importTitle="" />
  </ItemSet>
  <ItemSet role="TemplateBuildingBlock">
    <Mapping exportContext="/000%20Empty/Building%20Blocks/Default%20Templates" exportTitle="Default%20Dreamweaver%20Page%20Design.dwt" importContext="" importTitle="" />
    <Mapping exportContext="/100%20Master/Building%20Blocks/Default%20Templates" exportTitle="Default%20Dreamweaver%20Page%20Design.dwt" importContext="" importTitle="" />
  </ItemSet>
  <ItemSet role="MultimediaType">
    <Mapping exportTitle="Zip%20file.tmt" importTitle="" />
  </ItemSet>
  <ItemSet role="ProcessDefinition">
    <Mapping exportContext="/000%20Empty" exportTitle="Task%20Process.tpd" importContext="" importTitle="" />
    <Mapping exportContext="/100%20Master" exportTitle="Task%20Process.tpd" importContext="" importTitle="" />
  </ItemSet>
</Mappings>