<PackageItem xmlns:tcm="http://www.tridion.com/ContentManager/5.0" xmlns:xlink="http://www.w3.org/1999/xlink" xmlns="http://www.sdltridion.com/ContentManager/ImportExport/Package/2013">
  <Data>
    <tcm:Data>
      <tcm:Title>Hoodies Lister</tcm:Title>
      <tcm:Type>Normal</tcm:Type>
      <tcm:Schema xlink:type="simple" xlink:title="ECommerce - Product Lister Widget" xlink:href="/webdav/200%20Example%20Content/Building%20Blocks/Modules/E-Commerce/Editor/Schemas/ECommerce%20-%20Product%20Lister%20Widget.xsd" IsMandatory="false" />
      <tcm:Content>
        <ProductListerWidget xmlns="uuid:3e7cc2b0-7f41-4333-b946-faa82a29d979" />
      </tcm:Content>
      <tcm:Metadata>
        <Metadata xmlns="uuid:3e7cc2b0-7f41-4333-b946-faa82a29d979">
          <category>
            <categoryPath>/men/jumpers_and_cardigans/hoodies_and_sweaters/</categoryPath>
          </category>
          <viewSize>8</viewSize>
        </Metadata>
      </tcm:Metadata>
      <tcm:IsBasedOnTridionWebSchema>true</tcm:IsBasedOnTridionWebSchema>
      <tcm:MultimediaType xlink:type="simple" xlink:title="" xlink:href="tcm:0-0-0" />
    </tcm:Data>
  </Data>
  <Dependencies>
    <Dependency dependencyType="Publication" itemUrl="/webdav/200%20Example%20Content" linkName="LocationInfo/ContextRepository" />
    <Dependency dependencyType="OrganizationalItemFolder" itemUrl="/webdav/200%20Example%20Content/Building%20Blocks/Content/E-Commerce/Category" linkName="LocationInfo/OrganizationalItem" />
    <Dependency dependencyType="Schema" itemUrl="/webdav/200%20Example%20Content/Building%20Blocks/Modules/E-Commerce/Editor/Schemas/ECommerce%20-%20Product%20Lister%20Widget.xsd" linkName="Schema" />
  </Dependencies>
</PackageItem>