<PackageItem xmlns:tcm="http://www.tridion.com/ContentManager/5.0" xmlns:xlink="http://www.w3.org/1999/xlink" xmlns="http://www.sdltridion.com/ContentManager/ImportExport/Package/2013">
  <Data>
    <tcm:Data>
      <tcm:Title>Women Section</tcm:Title>
      <tcm:Type>Normal</tcm:Type>
      <tcm:Schema xlink:type="simple" xlink:title="ECommerce - Facets Widget" xlink:href="/webdav/200%20Example%20Content/Building%20Blocks/Modules/E-Commerce/Editor/Schemas/ECommerce%20-%20Facets%20Widget.xsd" IsMandatory="false" />
      <tcm:Content>
        <FacetsWidget xmlns="uuid:7e102470-baf1-4bf1-ae09-372fbc004b74" />
      </tcm:Content>
      <tcm:Metadata>
        <Metadata xmlns="uuid:7e102470-baf1-4bf1-ae09-372fbc004b74">
          <category>
            <categoryPath>/women</categoryPath>
          </category>
        </Metadata>
      </tcm:Metadata>
      <tcm:IsBasedOnTridionWebSchema>true</tcm:IsBasedOnTridionWebSchema>
      <tcm:MultimediaType xlink:type="simple" xlink:title="" xlink:href="tcm:0-0-0" />
    </tcm:Data>
  </Data>
  <Dependencies>
    <Dependency dependencyType="Publication" itemUrl="/webdav/200%20Example%20Content" linkName="LocationInfo/ContextRepository" />
    <Dependency dependencyType="OrganizationalItemFolder" itemUrl="/webdav/200%20Example%20Content/Building%20Blocks/Content/E-Commerce/Mega%20Navigation/Fredhopper" linkName="LocationInfo/OrganizationalItem" />
    <Dependency dependencyType="Schema" itemUrl="/webdav/200%20Example%20Content/Building%20Blocks/Modules/E-Commerce/Editor/Schemas/ECommerce%20-%20Facets%20Widget.xsd" linkName="Schema" />
  </Dependencies>
</PackageItem>