<PackageItem xmlns:tcm="http://www.tridion.com/ContentManager/5.0" xmlns:xlink="http://www.w3.org/1999/xlink" xmlns="http://www.sdltridion.com/ContentManager/ImportExport/Package/2013">
  <Data>
    <tcm:Data>
      <tcm:Title>E-Commerce Resources</tcm:Title>
      <tcm:Type>Normal</tcm:Type>
      <tcm:Schema xlink:type="simple" xlink:title="E-Commerce - Resources" xlink:href="/webdav/100%20Master/Building%20Blocks/Modules/E-Commerce/Site%20Manager/Schemas/E-Commerce%20-%20Resources.xsd" IsMandatory="false" />
      <tcm:Content>
        <ECommerceResources xmlns="uuid:760f04aa-67d1-4331-8e19-b65379f3761f">
          <searchPlaceholderText>Search...</searchPlaceholderText>
          <shoppingCartTitle>Shopping Cart</shoppingCartTitle>
          <shoppingCartEmptyText>Cart is empty</shoppingCartEmptyText>
          <productLabel>Product</productLabel>
          <quantityLabel>Quantity</quantityLabel>
          <priceLabel>Price</priceLabel>
          <cartTotalLabel>Total</cartTotalLabel>
          <addToCartLabel>Add to Cart</addToCartLabel>
        </ECommerceResources>
      </tcm:Content>
      <tcm:Metadata />
      <tcm:IsBasedOnTridionWebSchema>true</tcm:IsBasedOnTridionWebSchema>
      <tcm:MultimediaType xlink:type="simple" xlink:title="" xlink:href="tcm:0-0-0" />
    </tcm:Data>
  </Data>
  <Dependencies>
    <Dependency dependencyType="Publication" itemUrl="/webdav/100%20Master" linkName="LocationInfo/ContextRepository" />
    <Dependency dependencyType="OrganizationalItemFolder" itemUrl="/webdav/100%20Master/Building%20Blocks/Settings/E-Commerce/Site%20Manager" linkName="LocationInfo/OrganizationalItem" />
    <Dependency dependencyType="Schema" itemUrl="/webdav/100%20Master/Building%20Blocks/Modules/E-Commerce/Site%20Manager/Schemas/E-Commerce%20-%20Resources.xsd" linkName="Schema" />
  </Dependencies>
</PackageItem>