<PackageItem xmlns:tcm="http://www.tridion.com/ContentManager/5.0" xmlns:xlink="http://www.w3.org/1999/xlink" xmlns="http://www.sdltridion.com/ContentManager/ImportExport/Package/2013">
  <Data>
    <tcm:Data>
      <tcm:Title>Search Feedback [Tools]</tcm:Title>
      <tcm:Type>CompoundTemplate</tcm:Type>
      <tcm:Priority>0</tcm:Priority>
      <tcm:OutputFormat>HTML Fragment</tcm:OutputFormat>
      <tcm:Content>
        <tcm:PublisherScript>&lt;CompoundTemplate xmlns="http://www.tridion.com/ContentManager/5.3/CompoundTemplate"&gt;
  &lt;TemplateInvocation&gt;
    &lt;Template xlink:href="/webdav/100%20Master/Building%20Blocks/Modules/Core/Developer/Core%20Template%20Building%20Blocks/Render%20Component%20Content.tbbcmp" xmlns:xlink="http://www.w3.org/1999/xlink" xlink:title="Render Component Content" /&gt;
    &lt;TemplateParameters&gt;&lt;/TemplateParameters&gt;
  &lt;/TemplateInvocation&gt;
  &lt;TemplateInvocation&gt;
    &lt;Template xlink:href="/webdav/100%20Master/Building%20Blocks/Modules/Core/Developer/Core%20Template%20Building%20Blocks/Default%20Component%20Template%20Finish%20Actions.tbbcmp" xmlns:xlink="http://www.w3.org/1999/xlink" xlink:title="Default Component Template Finish Actions" /&gt;
    &lt;TemplateParameters&gt;&lt;/TemplateParameters&gt;
  &lt;/TemplateInvocation&gt;
&lt;/CompoundTemplate&gt;</tcm:PublisherScript>
        <tcm:DynamicTemplate />
      </tcm:Content>
      <tcm:AllowOnPage>true</tcm:AllowOnPage>
      <tcm:IsRepositoryPublishable>false</tcm:IsRepositoryPublishable>
      <tcm:RelatedSchemas>
        <tcm:RelatedSchema xlink:type="simple" xlink:title="ECommerce - Search Feedback" xlink:href="/webdav/100%20Master/Building%20Blocks/Modules/E-Commerce/Editor/Schemas/ECommerce%20-%20Search%20Feedback.xsd" />
      </tcm:RelatedSchemas>
      <tcm:TrackingCategories />
      <tcm:MetadataSchema xlink:type="simple" xlink:title="Component Template Metadata" xlink:href="/webdav/100%20Master/Building%20Blocks/Modules/Core/Developer/Schemas/Metadata/Component%20Template%20Metadata.xsd" />
      <tcm:ParameterSchema xlink:type="simple" xlink:title="" xlink:href="tcm:0-0-0" />
      <tcm:Metadata>
        <Metadata xmlns="uuid:bc571910-188a-4206-a4f9-02c014fc6ff2">
          <controller>ECommerce:EComWidget</controller>
          <action>SearchFeedback</action>
          <view>ECommerce:SearchFeedback</view>
          <regionView>Tools</regionView>
        </Metadata>
      </tcm:Metadata>
    </tcm:Data>
  </Data>
  <Dependencies>
    <Dependency dependencyType="Publication" itemUrl="/webdav/100%20Master" linkName="LocationInfo/ContextRepository" />
    <Dependency dependencyType="OrganizationalItemFolder" itemUrl="/webdav/100%20Master/Building%20Blocks/Modules/E-Commerce/Editor/Templates" linkName="LocationInfo/OrganizationalItem" />
    <Dependency dependencyType="ComponentTemplateAllowedSchema" itemUrl="/webdav/100%20Master/Building%20Blocks/Modules/E-Commerce/Editor/Schemas/ECommerce%20-%20Search%20Feedback.xsd" linkName="RelatedSchemas[0]" />
    <Dependency dependencyType="MetadataSchema" itemUrl="/webdav/100%20Master/Building%20Blocks/Modules/Core/Developer/Schemas/Metadata/Component%20Template%20Metadata.xsd" linkName="MetadataSchema" />
    <Dependency dependencyType="TemplateLinkedItem" itemUrl="/webdav/100%20Master/Building%20Blocks/Modules/Core/Developer/Core%20Template%20Building%20Blocks/Default%20Component%20Template%20Finish%20Actions.tbbcmp" linkName="ExtractedReferences[0]" />
    <Dependency dependencyType="TemplateLinkedItem" itemUrl="/webdav/100%20Master/Building%20Blocks/Modules/Core/Developer/Core%20Template%20Building%20Blocks/Render%20Component%20Content.tbbcmp" linkName="ExtractedReferences[1]" />
  </Dependencies>
</PackageItem>