<Index dataContractVersion="2013" xmlns="http://www.sdltridion.com/ContentManager/ImportExport/Package/2013">
  <Item id="tcm:0-0-0" selected="false" exported="true">
    <ApplicationIds>
      <ApplicationId>http://www.sdl.com/tridion/SemanticMapping/vocabularies</ApplicationId>
    </ApplicationIds>
    <Item id="tcm:0-84-1" title="000%20Empty" itemType="Publication" selected="false" exported="true">
      <Item id="tcm:84-1418-2" title="Building%20Blocks" itemType="Folder" blueprintStatus="LocalItem" selected="true" exported="true">
        <Item id="5b863c8399ce41d3b7a7110e47d8909f" title="Default%20Templates" itemType="Folder" selected="false" exported="false">
          <Item id="9721f529bf214c8a87b3fd8f7673b263" title="Default%20Component%20Template" extension="tctcmp" itemType="ComponentTemplate" selected="false" exported="false" />
          <Item id="6b0a451bf485454e9003a77b0f9ef422" title="Default%20Dreamweaver%20Page%20Design" extension="dwt" itemType="TemplateBuildingBlock" selected="false" exported="false" />
          <Item id="eba1917b01724cb49cfc8dcf1d6a2ad7" title="Default%20Page%20Template" extension="tptcmp" itemType="PageTemplate" selected="false" exported="false" />
        </Item>
        <Item id="125c9feeb3504332bc4c4686e38830d7" title="Default%20Multimedia%20Schema" extension="xsd" itemType="Schema" selected="false" exported="false" />
      </Item>
      <Item id="b6b4be37bc9143a1b9f92aeef0e81c9e" title="Task%20Process" extension="tpd" itemType="ProcessDefinition" selected="false" exported="false" />
    </Item>
    <Item id="tcm:0-85-1" title="100%20Master" itemType="Publication" selected="true" exported="true">
      <Item id="tcm:85-1418-2" title="Building%20Blocks" itemType="Folder" blueprintStatus="SharedItem" selected="true" exported="true">
        <Item id="20bd1e65b7304aef95ccc4d71ad95117" title="Default%20Templates" itemType="Folder" selected="false" exported="false">
          <Item id="7d386599e2a04f4e9ef644627196a978" title="Default%20Component%20Template" extension="tctcmp" itemType="ComponentTemplate" selected="false" exported="false" />
          <Item id="d95d9cf2972d44d482bf567f3bf124ce" title="Default%20Dreamweaver%20Page%20Design" extension="dwt" itemType="TemplateBuildingBlock" selected="false" exported="false" />
          <Item id="3aa68b5daa7f4997816abe249d0fc992" title="Default%20Page%20Template" extension="tptcmp" itemType="PageTemplate" selected="false" exported="false" />
        </Item>
        <Item id="0b9c3e5bbdb64e13899bf6ef996e6017" title="Framework" itemType="Folder" selected="false" exported="false">
          <Item id="cc60e7d434a34f70a2dba5158d8cdb7f" title="Developer" itemType="Folder" selected="false" exported="false">
            <Item id="47245e0fbfc0474fb32c0786d9b72f56" title="Schemas" itemType="Folder" selected="false" exported="false">
              <Item id="13d8119fba02426d8c7a57409c2b2b8a" title="Component%20Template%20Metadata" extension="xsd" itemType="Schema" selected="false" exported="false" />
              <Item id="13847f923b1b49d8b1ae058c6cccff9b" title="Module%20Configuration" extension="xsd" itemType="Schema" selected="false" exported="false" />
            </Item>
            <Item id="56175ac786ce4a899509365346827228" title="Templates" itemType="Folder" selected="false" exported="false">
              <Item id="f2fbccc4e7fc45498f5af4e481cd108e" title="Sdl%2EWeb%2ETridion%2ETemplates" itemType="Folder" selected="false" exported="false">
                <Item id="bff6cdb3da0e41f78518638d4198ea79" title="Default%20Component%20Template%20Finish%20Actions" extension="tbbcmp" itemType="TemplateBuildingBlock" selected="false" exported="false" />
                <Item id="83a65ed99663424c979ddfb3a8a4759c" title="Render%20Component%20Content" extension="tbbcmp" itemType="TemplateBuildingBlock" selected="false" exported="false" />
              </Item>
            </Item>
          </Item>
          <Item id="4ba997f48ae349979f2db62fbc4c5dde" title="Site%20Manager" itemType="Folder" selected="false" exported="false">
            <Item id="2f271c84e4ea461aad43044422636e66" title="Schemas" itemType="Folder" selected="false" exported="false">
              <Item id="e584f4cc9b0447c0b60a6ee2961d3c98" title="General%20Configuration" extension="xsd" itemType="Schema" selected="false" exported="false" />
              <Item id="e495d17135b948a7acf00b9833e59cbf" title="Publication%20Metadata" extension="xsd" itemType="Schema" selected="false" exported="false" />
            </Item>
          </Item>
        </Item>
        <Item id="tcm:85-1427-2" title="Modules" itemType="Folder" blueprintStatus="LocalItem" selected="true" exported="true">
          <Item id="003718b8485f40539028c6b4794983ce" title="Core" itemType="Folder" selected="false" exported="false">
            <Item id="3b002d66551b4b9999bd3a5ba33724e7" title="Editor" itemType="Folder" selected="false" exported="false">
              <Item id="1463e7385cd9428586ef986c598360c1" title="Schemas" itemType="Folder" selected="false" exported="false">
                <Item id="3e96a703c93b45acb0bb44f8abfbf7f1" title="Embedded" itemType="Folder" selected="false" exported="false">
                  <Item id="ea0f7bb1291c44a0a7168d83ee468fd0" title="Link" extension="xsd" itemType="Schema" selected="false" exported="false" />
                </Item>
                <Item id="b3490d614d93467e91a2fa7495d65b8b" title="Image" extension="xsd" itemType="Schema" selected="false" exported="false" />
              </Item>
            </Item>
          </Item>
          <Item id="tcm:85-1488-2" title="E-Commerce" itemType="Folder" blueprintStatus="LocalItem" selected="true" exported="true">
            <Item id="tcm:85-1489-2" title="Admin" itemType="Folder" blueprintStatus="LocalItem" selected="true" exported="true">
              <Item id="tcm:85-5818" title="E-Commerce" extension="xml" itemType="Component" blueprintStatus="LocalItem" selected="true" exported="true" />
            </Item>
            <Item id="tcm:85-1490-2" title="Editor" itemType="Folder" blueprintStatus="LocalItem" selected="true" exported="true">
              <Item id="tcm:85-1491-2" title="Default%20Templates" itemType="Folder" blueprintStatus="LocalItem" selected="true" exported="true">
                <Item id="tcm:85-5814-32" title="Breadcrumb" extension="tctcmp" itemType="ComponentTemplate" blueprintStatus="LocalItem" selected="true" exported="true" />
                <Item id="tcm:85-5801-32" title="Cart%20%5BNav%5D" extension="tctcmp" itemType="ComponentTemplate" blueprintStatus="LocalItem" selected="true" exported="true" />
                <Item id="tcm:85-5815-32" title="Cart" extension="tctcmp" itemType="ComponentTemplate" blueprintStatus="LocalItem" selected="true" exported="true" />
                <Item id="tcm:85-5816-32" title="Detail%20Breadcrumb" extension="tctcmp" itemType="ComponentTemplate" blueprintStatus="LocalItem" selected="true" exported="true" />
                <Item id="tcm:85-5785-32" title="Facets%20Widget%20%5BLeft%5D" extension="tctcmp" itemType="ComponentTemplate" blueprintStatus="LocalItem" selected="true" exported="true" />
                <Item id="tcm:85-5813-32" title="Facets%20Widget%20%5BMegaNavigation%5D" extension="tctcmp" itemType="ComponentTemplate" blueprintStatus="LocalItem" selected="true" exported="true" />
                <Item id="tcm:85-5781-32" title="Facets%20Widget%20%5BRight%5D" extension="tctcmp" itemType="ComponentTemplate" blueprintStatus="LocalItem" selected="true" exported="true" />
                <Item id="tcm:85-5798-32" title="Product%20Detail%20ECL" extension="tctcmp" itemType="ComponentTemplate" blueprintStatus="LocalItem" selected="true" exported="true" />
                <Item id="tcm:85-5811-32" title="Product%20Detail%20Widget" extension="tctcmp" itemType="ComponentTemplate" blueprintStatus="LocalItem" selected="true" exported="true" />
                <Item id="tcm:85-5802-32" title="Product%20Lister%20Widget" extension="tctcmp" itemType="ComponentTemplate" blueprintStatus="LocalItem" selected="true" exported="true" />
                <Item id="tcm:85-5800-32" title="Promotions%20Widget" extension="tctcmp" itemType="ComponentTemplate" blueprintStatus="LocalItem" selected="true" exported="true" />
                <Item id="tcm:85-5806-32" title="Search%20Box%20%5BNav%5D" extension="tctcmp" itemType="ComponentTemplate" blueprintStatus="LocalItem" selected="true" exported="true" />
                <Item id="tcm:85-5794-32" title="Search%20Feedback%20%5BTools%5D" extension="tctcmp" itemType="ComponentTemplate" blueprintStatus="LocalItem" selected="true" exported="true" />
              </Item>
              <Item id="tcm:85-1492-2" title="Schemas" itemType="Folder" blueprintStatus="LocalItem" selected="true" exported="true">
                <Item id="tcm:85-1499-2" title="Default%20Images" itemType="Folder" blueprintStatus="LocalItem" selected="true" exported="true">
                  <Item id="tcm:85-5808" title="Empty%20Image" extension="png" itemType="Component" subtype="1" blueprintStatus="LocalItem" selected="true" exported="true" />
                </Item>
                <Item id="tcm:85-1493-2" title="Embedded" itemType="Folder" blueprintStatus="LocalItem" selected="true" exported="true">
                  <Item id="tcm:85-5779-8" title="E-Commerce%20Category" extension="xsd" itemType="Schema" subtype="2" blueprintStatus="LocalItem" selected="true" exported="true" />
                  <Item id="tcm:85-5778-8" title="E-Commerce%20Filter%20Attribute" extension="xsd" itemType="Schema" subtype="2" blueprintStatus="LocalItem" selected="true" exported="true" />
                  <Item id="tcm:85-5790-8" title="E-Commerce%20Product" extension="xsd" itemType="Schema" subtype="2" blueprintStatus="LocalItem" selected="true" exported="true" />
                </Item>
                <Item id="tcm:85-5804-8" title="ECommerce%20-%20Breadcrumb%20Widget" extension="xsd" itemType="Schema" blueprintStatus="LocalItem" selected="true" exported="true" />
                <Item id="tcm:85-5783-8" title="ECommerce%20-%20Cart%20Widget" extension="xsd" itemType="Schema" blueprintStatus="LocalItem" selected="true" exported="true" />
                <Item id="tcm:85-5780-8" title="ECommerce%20-%20Facets%20Widget" extension="xsd" itemType="Schema" blueprintStatus="LocalItem" selected="true" exported="true" />
                <Item id="tcm:85-5809-8" title="ECommerce%20-%20Product%20Detail%20Widget" extension="xsd" itemType="Schema" blueprintStatus="LocalItem" selected="true" exported="true" />
                <Item id="tcm:85-5782-8" title="ECommerce%20-%20Product%20Lister%20Widget" extension="xsd" itemType="Schema" blueprintStatus="LocalItem" selected="true" exported="true" />
                <Item id="tcm:85-5791-8" title="ECommerce%20-%20Promotions%20Widget" extension="xsd" itemType="Schema" blueprintStatus="LocalItem" selected="true" exported="true" />
                <Item id="tcm:85-5786-8" title="ECommerce%20-%20Search%20Box" extension="xsd" itemType="Schema" blueprintStatus="LocalItem" selected="true" exported="true" />
                <Item id="tcm:85-5793-8" title="ECommerce%20-%20Search%20Feedback" extension="xsd" itemType="Schema" blueprintStatus="LocalItem" selected="true" exported="true" />
              </Item>
            </Item>
            <Item id="tcm:85-1494-2" title="Site%20Manager" itemType="Folder" blueprintStatus="LocalItem" selected="true" exported="true">
              <Item id="tcm:85-1498-2" title="Default%20Widgets" itemType="Folder" blueprintStatus="LocalItem" selected="true" exported="true">
                <Item id="tcm:85-5805" title="Breadcrumb" extension="xml" itemType="Component" blueprintStatus="LocalItem" selected="true" exported="true" />
                <Item id="tcm:85-5784" title="Cart" extension="xml" itemType="Component" blueprintStatus="LocalItem" selected="true" exported="true" />
                <Item id="tcm:85-5807" title="Facets" extension="xml" itemType="Component" blueprintStatus="LocalItem" selected="true" exported="true" />
                <Item id="tcm:85-5810" title="Product%20Detail" extension="xml" itemType="Component" blueprintStatus="LocalItem" selected="true" exported="true" />
                <Item id="tcm:85-5799" title="Product%20Lister" extension="xml" itemType="Component" blueprintStatus="LocalItem" selected="true" exported="true" />
                <Item id="tcm:85-5792" title="Promotions" extension="xml" itemType="Component" blueprintStatus="LocalItem" selected="true" exported="true" />
                <Item id="tcm:85-5803" title="Search%20Box" extension="xml" itemType="Component" blueprintStatus="LocalItem" selected="true" exported="true" />
              </Item>
              <Item id="tcm:85-1495-2" title="Schemas" itemType="Folder" blueprintStatus="LocalItem" selected="true" exported="true">
                <Item id="tcm:85-1496-2" title="Embedded" itemType="Folder" blueprintStatus="LocalItem" selected="true" exported="true" />
                <Item id="tcm:85-5787-8" title="E-Commerce%20-%20Resources" extension="xsd" itemType="Schema" blueprintStatus="LocalItem" selected="true" exported="true" />
              </Item>
            </Item>
          </Item>
          <Item id="tcm:85-1483-2" title="Navigation" itemType="Folder" blueprintStatus="LocalItem" selected="true" exported="true">
            <Item id="tcm:85-1484-2" title="Site%20Manager" itemType="Folder" blueprintStatus="LocalItem" selected="true" exported="true">
              <Item id="tcm:85-1485-2" title="Schemas" itemType="Folder" blueprintStatus="LocalItem" selected="true" exported="true">
                <Item id="tcm:85-5795-8" title="Navigation%20Item" extension="xsd" itemType="Schema" subtype="2" blueprintStatus="LocalItem" selected="true" exported="true" />
                <Item id="tcm:85-5797-8" title="Navigation%20Section" extension="xsd" itemType="Schema" blueprintStatus="LocalItem" selected="true" exported="true" />
              </Item>
              <Item id="tcm:85-1497-2" title="Templates" itemType="Folder" blueprintStatus="LocalItem" selected="true" exported="true">
                <Item id="tcm:85-5812-32" title="Navigation%20Section%20%5BMegaNavigation%5D" extension="tctcmp" itemType="ComponentTemplate" blueprintStatus="LocalItem" selected="true" exported="true" />
              </Item>
            </Item>
          </Item>
        </Item>
        <Item id="tcm:85-1439-2" title="Settings" itemType="Folder" blueprintStatus="LocalItem" selected="true" exported="true">
          <Item id="tcm:85-1486-2" title="E-Commerce" itemType="Folder" blueprintStatus="LocalItem" selected="true" exported="true">
            <Item id="tcm:85-1487-2" title="Site%20Manager" itemType="Folder" blueprintStatus="LocalItem" selected="true" exported="true">
              <Item id="tcm:85-5789" title="Demandware%20Localization%20Configuration" extension="xml" itemType="Component" blueprintStatus="LocalItem" selected="true" exported="true" />
              <Item id="tcm:85-5788" title="E-Commerce%20Resources" extension="xml" itemType="Component" blueprintStatus="LocalItem" selected="true" exported="true" />
              <Item id="tcm:85-5817" title="Fredhopper%20Localization%20Configuration" extension="xml" itemType="Component" blueprintStatus="LocalItem" selected="true" exported="true" />
              <Item id="tcm:85-5796" title="Hybris%20Localization%20Configuration" extension="xml" itemType="Component" blueprintStatus="LocalItem" selected="true" exported="true" />
            </Item>
          </Item>
        </Item>
        <Item id="ad714e3845b141f58101fb2c85c1ca0e" title="Default%20Multimedia%20Schema" extension="xsd" itemType="Schema" selected="false" exported="false" />
      </Item>
      <Item id="d4c3999af5574343af77ff4c78394c51" title="Task%20Process" extension="tpd" itemType="ProcessDefinition" selected="false" exported="false" />
    </Item>
    <Item id="tcm:0-3-65544" title="Png%20image" extension="tmt" itemType="MultimediaType" selected="false" exported="true" />
  </Item>
</Index>