<Index dataContractVersion="2013" xmlns="http://www.sdltridion.com/ContentManager/ImportExport/Package/2013">
  <Item id="tcm:0-0-0" selected="false" exported="true">
    <ApplicationIds>
      <ApplicationId>http://www.sdl.com/tridion/SemanticMapping/vocabularies</ApplicationId>
    </ApplicationIds>
    <Item id="tcm:0-28-1" title="000%20Empty" itemType="Publication" selected="false" exported="true">
      <Item id="tcm:28-98-2" title="Building%20Blocks" itemType="Folder" blueprintStatus="LocalItem" selected="true" exported="true">
        <Item id="90f5da1e0aa547feba61a984d829ce4b" title="Default%20Templates" itemType="Folder" selected="false" exported="false">
          <Item id="37e8c3d56ca642a1927ec5bae6a7f632" title="Default%20Component%20Template" extension="tctcmp" itemType="ComponentTemplate" selected="false" exported="false" />
          <Item id="c033d11179f24d2a8029fea7f523edd1" title="Default%20Dreamweaver%20Page%20Design" extension="dwt" itemType="TemplateBuildingBlock" selected="false" exported="false" />
          <Item id="03b4daf7b933498e9bfb10ca7971abd0" title="Default%20Page%20Template" extension="tptcmp" itemType="PageTemplate" selected="false" exported="false" />
        </Item>
        <Item id="de2503bcbf5d41d9ae03c35df15daacb" title="Default%20Multimedia%20Schema" extension="xsd" itemType="Schema" selected="false" exported="false" />
      </Item>
      <Item id="f6bc9a27212c4e7d94e34177b4df736d" title="Task%20Process" extension="tpd" itemType="ProcessDefinition" selected="false" exported="false" />
    </Item>
    <Item id="tcm:0-29-1" title="100%20Master" itemType="Publication" selected="true" exported="true">
      <Item id="tcm:29-98-2" title="Building%20Blocks" itemType="Folder" blueprintStatus="SharedItem" selected="true" exported="true">
        <Item id="c0456c7d220345ed8af21f81088e2c50" title="Default%20Templates" itemType="Folder" selected="false" exported="false">
          <Item id="7b1291c86dbd4e6d91d321e7972d430e" title="Default%20Component%20Template" extension="tctcmp" itemType="ComponentTemplate" selected="false" exported="false" />
          <Item id="603f2d7fbae14696bc3b052906b09908" title="Default%20Dreamweaver%20Page%20Design" extension="dwt" itemType="TemplateBuildingBlock" selected="false" exported="false" />
          <Item id="8887019a834c4918bcd3934a59f925ca" title="Default%20Page%20Template" extension="tptcmp" itemType="PageTemplate" selected="false" exported="false" />
        </Item>
        <Item id="b500a424237d4a68b93a6f68df0330e6" title="Framework" itemType="Folder" selected="false" exported="false">
          <Item id="b86f253a7a4140ef8723b672082922b0" title="Developer" itemType="Folder" selected="false" exported="false">
            <Item id="c087753f8df34827bd8baf02601d72f9" title="Schemas" itemType="Folder" selected="false" exported="false">
              <Item id="ea96fa1d14fd40acba18dfd8823cfc8d" title="Component%20Template%20Metadata" extension="xsd" itemType="Schema" selected="false" exported="false" />
              <Item id="5f32d46ca08e4941b1f669eea43684b3" title="Module%20Configuration" extension="xsd" itemType="Schema" selected="false" exported="false" />
              <Item id="5086654fe63c4fe1b2b9f48bb1a7aca2" title="ZIP%20file" extension="xsd" itemType="Schema" selected="false" exported="false" />
            </Item>
            <Item id="c0e0108695c643a18927b21f5b6ce95c" title="Templates" itemType="Folder" selected="false" exported="false">
              <Item id="119a77c934b6458aa13fa1d1d4a20ff0" title="Sdl%2EWeb%2ETridion%2ETemplates" itemType="Folder" selected="false" exported="false">
                <Item id="6be6e259ab1e4862b20b36c1a2fbe18c" title="Default%20Component%20Template%20Finish%20Actions" extension="tbbcmp" itemType="TemplateBuildingBlock" selected="false" exported="false" />
                <Item id="e3d880f8a7dc4b6e85bd65e1ad42474a" title="Render%20Component%20Content" extension="tbbcmp" itemType="TemplateBuildingBlock" selected="false" exported="false" />
              </Item>
            </Item>
          </Item>
          <Item id="350759c42adc43daafce08468c24b86c" title="Site%20Manager" itemType="Folder" selected="false" exported="false">
            <Item id="ad23444818204e4eacce6bffb4b0aeaf" title="Schemas" itemType="Folder" selected="false" exported="false">
              <Item id="df66869c01b746b6b84bdbc1da2ea0cc" title="General%20Configuration" extension="xsd" itemType="Schema" selected="false" exported="false" />
              <Item id="ac4e06638f534a12863d592eaab6514c" title="HTML%20Design%20Configuration" extension="xsd" itemType="Schema" selected="false" exported="false" />
              <Item id="679d83ad6bf5460c98165d69752bc662" title="Publication%20Metadata" extension="xsd" itemType="Schema" selected="false" exported="false" />
            </Item>
          </Item>
        </Item>
        <Item id="tcm:29-102-2" title="Modules" itemType="Folder" blueprintStatus="LocalItem" selected="true" exported="true">
          <Item id="f9216390204a411ca7706597bf64c52f" title="Core" itemType="Folder" selected="false" exported="false">
            <Item id="056d4a8b8358468284ff66443481e198" title="Editor" itemType="Folder" selected="false" exported="false">
              <Item id="9cb3d0394a924b468596eb0d87d5aa3c" title="Schemas" itemType="Folder" selected="false" exported="false">
                <Item id="3c1a91354801406fa5d1263907dc70ff" title="Embedded" itemType="Folder" selected="false" exported="false">
                  <Item id="d759d42b009642cca46475d99e66541d" title="Link" extension="xsd" itemType="Schema" selected="false" exported="false" />
                </Item>
                <Item id="c712a645fb8541ddb4c97325593dead4" title="Image" extension="xsd" itemType="Schema" selected="false" exported="false" />
              </Item>
            </Item>
          </Item>
          <Item id="tcm:29-190-2" title="E-Commerce" itemType="Folder" blueprintStatus="LocalItem" selected="true" exported="true">
            <Item id="tcm:29-201-2" title="Admin" itemType="Folder" blueprintStatus="LocalItem" selected="true" exported="true">
              <Item id="tcm:29-13221" title="E-Commerce%20HTML%20Design" extension="zip" itemType="Component" subtype="1" blueprintStatus="LocalItem" selected="true" exported="true" />
              <Item id="tcm:29-826" title="E-Commerce" extension="xml" itemType="Component" blueprintStatus="LocalItem" selected="true" exported="true" />
            </Item>
            <Item id="tcm:29-191-2" title="Editor" itemType="Folder" blueprintStatus="LocalItem" selected="true" exported="true">
              <Item id="tcm:29-192-2" title="Default%20Templates" itemType="Folder" blueprintStatus="LocalItem" selected="true" exported="true">
                <Item id="tcm:29-801-32" title="Breadcrumb" extension="tctcmp" itemType="ComponentTemplate" blueprintStatus="LocalItem" selected="true" exported="true" />
                <Item id="tcm:29-825-32" title="Cart%20%5BNav%5D" extension="tctcmp" itemType="ComponentTemplate" blueprintStatus="LocalItem" selected="true" exported="true" />
                <Item id="tcm:29-794-32" title="Cart" extension="tctcmp" itemType="ComponentTemplate" blueprintStatus="LocalItem" selected="true" exported="true" />
                <Item id="tcm:29-802-32" title="Detail%20Breadcrumb" extension="tctcmp" itemType="ComponentTemplate" blueprintStatus="LocalItem" selected="true" exported="true" />
                <Item id="tcm:29-813-32" title="Facets%20Widget%20%5BLeft%5D" extension="tctcmp" itemType="ComponentTemplate" blueprintStatus="LocalItem" selected="true" exported="true" />
                <Item id="tcm:29-792-32" title="Facets%20Widget%20%5BMegaNavigation%5D" extension="tctcmp" itemType="ComponentTemplate" blueprintStatus="LocalItem" selected="true" exported="true" />
                <Item id="tcm:29-791-32" title="Facets%20Widget%20%5BRight%5D" extension="tctcmp" itemType="ComponentTemplate" blueprintStatus="LocalItem" selected="true" exported="true" />
                <Item id="tcm:29-12185-32" title="Product%20Detail%20ECL" extension="tctcmp" itemType="ComponentTemplate" blueprintStatus="LocalItem" selected="true" exported="true" />
                <Item id="tcm:29-823-32" title="Product%20Detail%20Widget" extension="tctcmp" itemType="ComponentTemplate" blueprintStatus="LocalItem" selected="true" exported="true" />
                <Item id="tcm:29-828-32" title="Product%20Lister%20Widget" extension="tctcmp" itemType="ComponentTemplate" blueprintStatus="LocalItem" selected="true" exported="true" />
                <Item id="tcm:29-822-32" title="Promotions%20Widget" extension="tctcmp" itemType="ComponentTemplate" blueprintStatus="LocalItem" selected="true" exported="true" />
                <Item id="tcm:29-798-32" title="Search%20Box%20%5BNav%5D" extension="tctcmp" itemType="ComponentTemplate" blueprintStatus="LocalItem" selected="true" exported="true" />
                <Item id="tcm:29-827-32" title="Search%20Feedback%20%5BTools%5D" extension="tctcmp" itemType="ComponentTemplate" blueprintStatus="LocalItem" selected="true" exported="true" />
              </Item>
              <Item id="tcm:29-193-2" title="Schemas" itemType="Folder" blueprintStatus="LocalItem" selected="true" exported="true">
                <Item id="tcm:29-202-2" title="Default%20Images" itemType="Folder" blueprintStatus="LocalItem" selected="true" exported="true">
                  <Item id="tcm:29-818" title="Empty%20Image" extension="png" itemType="Component" subtype="1" blueprintStatus="LocalItem" selected="true" exported="true" />
                </Item>
                <Item id="tcm:29-194-2" title="Embedded" itemType="Folder" blueprintStatus="LocalItem" selected="true" exported="true">
                  <Item id="tcm:29-789-8" title="E-Commerce%20Category" extension="xsd" itemType="Schema" subtype="2" blueprintStatus="LocalItem" selected="true" exported="true" />
                  <Item id="tcm:29-788-8" title="E-Commerce%20Filter%20Attribute" extension="xsd" itemType="Schema" subtype="2" blueprintStatus="LocalItem" selected="true" exported="true" />
                  <Item id="tcm:29-799-8" title="E-Commerce%20Product" extension="xsd" itemType="Schema" subtype="2" blueprintStatus="LocalItem" selected="true" exported="true" />
                </Item>
                <Item id="tcm:29-800-8" title="ECommerce%20-%20Breadcrumb%20Widget" extension="xsd" itemType="Schema" blueprintStatus="LocalItem" selected="true" exported="true" />
                <Item id="tcm:29-793-8" title="ECommerce%20-%20Cart%20Widget" extension="xsd" itemType="Schema" blueprintStatus="LocalItem" selected="true" exported="true" />
                <Item id="tcm:29-790-8" title="ECommerce%20-%20Facets%20Widget" extension="xsd" itemType="Schema" blueprintStatus="LocalItem" selected="true" exported="true" />
                <Item id="tcm:29-819-8" title="ECommerce%20-%20Product%20Detail%20Widget" extension="xsd" itemType="Schema" blueprintStatus="LocalItem" selected="true" exported="true" />
                <Item id="tcm:29-795-8" title="ECommerce%20-%20Product%20Lister%20Widget" extension="xsd" itemType="Schema" blueprintStatus="LocalItem" selected="true" exported="true" />
                <Item id="tcm:29-806-8" title="ECommerce%20-%20Promotions%20Widget" extension="xsd" itemType="Schema" blueprintStatus="LocalItem" selected="true" exported="true" />
                <Item id="tcm:29-797-8" title="ECommerce%20-%20Search%20Box" extension="xsd" itemType="Schema" blueprintStatus="LocalItem" selected="true" exported="true" />
                <Item id="tcm:29-816-8" title="ECommerce%20-%20Search%20Feedback" extension="xsd" itemType="Schema" blueprintStatus="LocalItem" selected="true" exported="true" />
              </Item>
            </Item>
            <Item id="tcm:29-197-2" title="Site%20Manager" itemType="Folder" blueprintStatus="LocalItem" selected="true" exported="true">
              <Item id="tcm:29-198-2" title="Default%20Widgets" itemType="Folder" blueprintStatus="LocalItem" selected="true" exported="true">
                <Item id="tcm:29-815" title="Breadcrumb" extension="xml" itemType="Component" blueprintStatus="LocalItem" selected="true" exported="true" />
                <Item id="tcm:29-796" title="Cart" extension="xml" itemType="Component" blueprintStatus="LocalItem" selected="true" exported="true" />
                <Item id="tcm:29-817" title="Facets" extension="xml" itemType="Component" blueprintStatus="LocalItem" selected="true" exported="true" />
                <Item id="tcm:29-820" title="Product%20Detail" extension="xml" itemType="Component" blueprintStatus="LocalItem" selected="true" exported="true" />
                <Item id="tcm:29-812" title="Product%20Lister" extension="xml" itemType="Component" blueprintStatus="LocalItem" selected="true" exported="true" />
                <Item id="tcm:29-807" title="Promotions" extension="xml" itemType="Component" blueprintStatus="LocalItem" selected="true" exported="true" />
                <Item id="tcm:29-814" title="Search%20Box" extension="xml" itemType="Component" blueprintStatus="LocalItem" selected="true" exported="true" />
              </Item>
              <Item id="tcm:29-200-2" title="Schemas" itemType="Folder" blueprintStatus="LocalItem" selected="true" exported="true">
                <Item id="tcm:29-6258-2" title="Embedded" itemType="Folder" blueprintStatus="LocalItem" selected="true" exported="true" />
                <Item id="tcm:29-803-8" title="E-Commerce%20-%20Resources" extension="xsd" itemType="Schema" blueprintStatus="LocalItem" selected="true" exported="true" />
              </Item>
            </Item>
          </Item>
          <Item id="tcm:29-187-2" title="Navigation" itemType="Folder" blueprintStatus="LocalItem" selected="true" exported="true">
            <Item id="tcm:29-188-2" title="Site%20Manager" itemType="Folder" blueprintStatus="LocalItem" selected="true" exported="true">
              <Item id="tcm:29-189-2" title="Schemas" itemType="Folder" blueprintStatus="LocalItem" selected="true" exported="true">
                <Item id="tcm:29-808-8" title="Navigation%20Item" extension="xsd" itemType="Schema" subtype="2" blueprintStatus="LocalItem" selected="true" exported="true" />
                <Item id="tcm:29-811-8" title="Navigation%20Section" extension="xsd" itemType="Schema" blueprintStatus="LocalItem" selected="true" exported="true" />
              </Item>
              <Item id="tcm:29-195-2" title="Templates" itemType="Folder" blueprintStatus="LocalItem" selected="true" exported="true">
                <Item id="tcm:29-821-32" title="Navigation%20Section%20%5BMegaNavigation%5D" extension="tctcmp" itemType="ComponentTemplate" blueprintStatus="LocalItem" selected="true" exported="true" />
              </Item>
            </Item>
          </Item>
        </Item>
        <Item id="tcm:29-120-2" title="Settings" itemType="Folder" blueprintStatus="LocalItem" selected="true" exported="true">
          <Item id="tcm:29-196-2" title="E-Commerce" itemType="Folder" blueprintStatus="LocalItem" selected="true" exported="true">
            <Item id="tcm:29-199-2" title="Site%20Manager" itemType="Folder" blueprintStatus="LocalItem" selected="true" exported="true">
              <Item id="tcm:29-805" title="Demandware%20Localization%20Configuration" extension="xml" itemType="Component" blueprintStatus="LocalItem" selected="true" exported="true" />
              <Item id="tcm:29-13222" title="E-Commerce%20HTML%20Design%20Configuration" extension="xml" itemType="Component" blueprintStatus="LocalItem" selected="true" exported="true" />
              <Item id="tcm:29-804" title="E-Commerce%20Resources" extension="xml" itemType="Component" blueprintStatus="LocalItem" selected="true" exported="true" />
              <Item id="tcm:29-824" title="Fredhopper%20Localization%20Configuration" extension="xml" itemType="Component" blueprintStatus="LocalItem" selected="true" exported="true" />
              <Item id="tcm:29-809" title="Hybris%20Localization%20Configuration" extension="xml" itemType="Component" blueprintStatus="LocalItem" selected="true" exported="true" />
            </Item>
          </Item>
        </Item>
        <Item id="4c44b21d669a469892dea74f26768c8a" title="Default%20Multimedia%20Schema" extension="xsd" itemType="Schema" selected="false" exported="false" />
      </Item>
      <Item id="aae7905a4b594ccaba8eab239d0071b4" title="Task%20Process" extension="tpd" itemType="ProcessDefinition" selected="false" exported="false" />
    </Item>
    <Item id="tcm:0-3-65544" title="Png%20image" extension="tmt" itemType="MultimediaType" selected="false" exported="true" />
    <Item id="tcm:0-22-65544" title="Zip%20file" extension="tmt" itemType="MultimediaType" selected="false" exported="true" />
  </Item>
</Index>