<Mappings xmlns="http://www.sdltridion.com/ContentManager/ImportExport/Package/2013">
  <ItemSet role="Publication">
    <Mapping exportTitle="000%20Empty" importTitle="" />
    <Mapping exportTitle="100%20Master" importTitle="" />
  </ItemSet>
  <ItemSet role="Folder">
    <Mapping exportContext="/000%20Empty" exportTitle="Building%20Blocks" importContext="" importTitle="" />
    <Mapping exportContext="/000%20Empty/Building%20Blocks" exportTitle="Default%20Templates" importContext="" importTitle="" />
    <Mapping exportContext="/100%20Master" exportTitle="Building%20Blocks" importContext="" importTitle="" />
    <Mapping exportContext="/100%20Master/Building%20Blocks" exportTitle="Default%20Templates" importContext="" importTitle="" />
    <Mapping exportContext="/100%20Master/Building%20Blocks" exportTitle="Framework" importContext="" importTitle="" />
    <Mapping exportContext="/100%20Master/Building%20Blocks/Framework" exportTitle="Developer" importContext="" importTitle="" />
    <Mapping exportContext="/100%20Master/Building%20Blocks/Framework/Developer" exportTitle="Schemas" importContext="" importTitle="" />
    <Mapping exportContext="/100%20Master/Building%20Blocks/Framework/Developer" exportTitle="Templates" importContext="" importTitle="" />
    <Mapping exportContext="/100%20Master/Building%20Blocks/Framework/Developer/Templates" exportTitle="Sdl%2EWeb%2ETridion%2ETemplates" importContext="" importTitle="" />
    <Mapping exportContext="/100%20Master/Building%20Blocks/Framework" exportTitle="Site%20Manager" importContext="" importTitle="" />
    <Mapping exportContext="/100%20Master/Building%20Blocks/Framework/Site%20Manager" exportTitle="Schemas" importContext="" importTitle="" />
    <Mapping exportContext="/100%20Master/Building%20Blocks" exportTitle="Modules" importContext="" importTitle="" />
    <Mapping exportContext="/100%20Master/Building%20Blocks/Modules" exportTitle="Core" importContext="" importTitle="" />
    <Mapping exportContext="/100%20Master/Building%20Blocks/Modules/Core" exportTitle="Editor" importContext="" importTitle="" />
    <Mapping exportContext="/100%20Master/Building%20Blocks/Modules/Core/Editor" exportTitle="Schemas" importContext="" importTitle="" />
    <Mapping exportContext="/100%20Master/Building%20Blocks/Modules/Core/Editor/Schemas" exportTitle="Embedded" importContext="" importTitle="" />
    <Mapping exportContext="/100%20Master/Building%20Blocks/Modules" exportTitle="E-Commerce" importContext="" importTitle="" />
    <Mapping exportContext="/100%20Master/Building%20Blocks/Modules/E-Commerce" exportTitle="Admin" importContext="" importTitle="" />
    <Mapping exportContext="/100%20Master/Building%20Blocks/Modules/E-Commerce" exportTitle="Editor" importContext="" importTitle="" />
    <Mapping exportContext="/100%20Master/Building%20Blocks/Modules/E-Commerce/Editor" exportTitle="Default%20Templates" importContext="" importTitle="" />
    <Mapping exportContext="/100%20Master/Building%20Blocks/Modules/E-Commerce/Editor" exportTitle="Schemas" importContext="" importTitle="" />
    <Mapping exportContext="/100%20Master/Building%20Blocks/Modules/E-Commerce/Editor/Schemas" exportTitle="Default%20Images" importContext="" importTitle="" />
    <Mapping exportContext="/100%20Master/Building%20Blocks/Modules/E-Commerce/Editor/Schemas" exportTitle="Embedded" importContext="" importTitle="" />
    <Mapping exportContext="/100%20Master/Building%20Blocks/Modules/E-Commerce" exportTitle="Site%20Manager" importContext="" importTitle="" />
    <Mapping exportContext="/100%20Master/Building%20Blocks/Modules/E-Commerce/Site%20Manager" exportTitle="Default%20Widgets" importContext="" importTitle="" />
    <Mapping exportContext="/100%20Master/Building%20Blocks/Modules/E-Commerce/Site%20Manager" exportTitle="Schemas" importContext="" importTitle="" />
    <Mapping exportContext="/100%20Master/Building%20Blocks/Modules/E-Commerce/Site%20Manager/Schemas" exportTitle="Embedded" importContext="" importTitle="" />
    <Mapping exportContext="/100%20Master/Building%20Blocks/Modules" exportTitle="Navigation" importContext="" importTitle="" />
    <Mapping exportContext="/100%20Master/Building%20Blocks/Modules/Navigation" exportTitle="Site%20Manager" importContext="" importTitle="" />
    <Mapping exportContext="/100%20Master/Building%20Blocks/Modules/Navigation/Site%20Manager" exportTitle="Schemas" importContext="" importTitle="" />
    <Mapping exportContext="/100%20Master/Building%20Blocks/Modules/Navigation/Site%20Manager" exportTitle="Templates" importContext="" importTitle="" />
    <Mapping exportContext="/100%20Master/Building%20Blocks" exportTitle="Settings" importContext="" importTitle="" />
    <Mapping exportContext="/100%20Master/Building%20Blocks/Settings" exportTitle="E-Commerce" importContext="" importTitle="" />
    <Mapping exportContext="/100%20Master/Building%20Blocks/Settings/E-Commerce" exportTitle="Site%20Manager" importContext="" importTitle="" />
  </ItemSet>
  <ItemSet role="Schema">
    <Mapping exportContext="/000%20Empty/Building%20Blocks" exportTitle="Default%20Multimedia%20Schema.xsd" importContext="" importTitle="" />
    <Mapping exportContext="/100%20Master/Building%20Blocks" exportTitle="Default%20Multimedia%20Schema.xsd" importContext="" importTitle="" />
    <Mapping exportContext="/100%20Master/Building%20Blocks/Framework/Developer/Schemas" exportTitle="Component%20Template%20Metadata.xsd" importContext="" importTitle="" />
    <Mapping exportContext="/100%20Master/Building%20Blocks/Framework/Developer/Schemas" exportTitle="Module%20Configuration.xsd" importContext="" importTitle="" />
    <Mapping exportContext="/100%20Master/Building%20Blocks/Framework/Site%20Manager/Schemas" exportTitle="General%20Configuration.xsd" importContext="" importTitle="" />
    <Mapping exportContext="/100%20Master/Building%20Blocks/Framework/Site%20Manager/Schemas" exportTitle="Publication%20Metadata.xsd" importContext="" importTitle="" />
    <Mapping exportContext="/100%20Master/Building%20Blocks/Modules/Core/Editor/Schemas/Embedded" exportTitle="Link.xsd" importContext="" importTitle="" />
    <Mapping exportContext="/100%20Master/Building%20Blocks/Modules/Core/Editor/Schemas" exportTitle="Image.xsd" importContext="" importTitle="" />
    <Mapping exportContext="/100%20Master/Building%20Blocks/Modules/E-Commerce/Editor/Schemas" exportTitle="ECommerce%20-%20Breadcrumb%20Widget.xsd" importContext="" importTitle="" />
    <Mapping exportContext="/100%20Master/Building%20Blocks/Modules/E-Commerce/Editor/Schemas" exportTitle="ECommerce%20-%20Cart%20Widget.xsd" importContext="" importTitle="" />
    <Mapping exportContext="/100%20Master/Building%20Blocks/Modules/E-Commerce/Editor/Schemas" exportTitle="ECommerce%20-%20Facets%20Widget.xsd" importContext="" importTitle="" />
    <Mapping exportContext="/100%20Master/Building%20Blocks/Modules/E-Commerce/Editor/Schemas" exportTitle="ECommerce%20-%20Product%20Detail%20Widget.xsd" importContext="" importTitle="" />
    <Mapping exportContext="/100%20Master/Building%20Blocks/Modules/E-Commerce/Editor/Schemas" exportTitle="ECommerce%20-%20Product%20Lister%20Widget.xsd" importContext="" importTitle="" />
    <Mapping exportContext="/100%20Master/Building%20Blocks/Modules/E-Commerce/Editor/Schemas" exportTitle="ECommerce%20-%20Promotions%20Widget.xsd" importContext="" importTitle="" />
    <Mapping exportContext="/100%20Master/Building%20Blocks/Modules/E-Commerce/Editor/Schemas" exportTitle="ECommerce%20-%20Search%20Box.xsd" importContext="" importTitle="" />
    <Mapping exportContext="/100%20Master/Building%20Blocks/Modules/E-Commerce/Editor/Schemas" exportTitle="ECommerce%20-%20Search%20Feedback.xsd" importContext="" importTitle="" />
    <Mapping exportContext="/100%20Master/Building%20Blocks/Modules/E-Commerce/Editor/Schemas/Embedded" exportTitle="E-Commerce%20Category.xsd" importContext="" importTitle="" />
    <Mapping exportContext="/100%20Master/Building%20Blocks/Modules/E-Commerce/Editor/Schemas/Embedded" exportTitle="E-Commerce%20Filter%20Attribute.xsd" importContext="" importTitle="" />
    <Mapping exportContext="/100%20Master/Building%20Blocks/Modules/E-Commerce/Editor/Schemas/Embedded" exportTitle="E-Commerce%20Product.xsd" importContext="" importTitle="" />
    <Mapping exportContext="/100%20Master/Building%20Blocks/Modules/E-Commerce/Site%20Manager/Schemas" exportTitle="E-Commerce%20-%20Resources.xsd" importContext="" importTitle="" />
    <Mapping exportContext="/100%20Master/Building%20Blocks/Modules/Navigation/Site%20Manager/Schemas" exportTitle="Navigation%20Item.xsd" importContext="" importTitle="" />
    <Mapping exportContext="/100%20Master/Building%20Blocks/Modules/Navigation/Site%20Manager/Schemas" exportTitle="Navigation%20Section.xsd" importContext="" importTitle="" />
  </ItemSet>
  <ItemSet role="Component">
    <Mapping exportContext="/100%20Master/Building%20Blocks/Modules/E-Commerce/Admin" exportTitle="E-Commerce.xml" importContext="" importTitle="" />
    <Mapping exportContext="/100%20Master/Building%20Blocks/Modules/E-Commerce/Editor/Schemas/Default%20Images" exportTitle="Empty%20Image.png" importContext="" importTitle="" />
    <Mapping exportContext="/100%20Master/Building%20Blocks/Modules/E-Commerce/Site%20Manager/Default%20Widgets" exportTitle="Breadcrumb.xml" importContext="" importTitle="" />
    <Mapping exportContext="/100%20Master/Building%20Blocks/Modules/E-Commerce/Site%20Manager/Default%20Widgets" exportTitle="Cart.xml" importContext="" importTitle="" />
    <Mapping exportContext="/100%20Master/Building%20Blocks/Modules/E-Commerce/Site%20Manager/Default%20Widgets" exportTitle="Facets.xml" importContext="" importTitle="" />
    <Mapping exportContext="/100%20Master/Building%20Blocks/Modules/E-Commerce/Site%20Manager/Default%20Widgets" exportTitle="Product%20Detail.xml" importContext="" importTitle="" />
    <Mapping exportContext="/100%20Master/Building%20Blocks/Modules/E-Commerce/Site%20Manager/Default%20Widgets" exportTitle="Product%20Lister.xml" importContext="" importTitle="" />
    <Mapping exportContext="/100%20Master/Building%20Blocks/Modules/E-Commerce/Site%20Manager/Default%20Widgets" exportTitle="Promotions.xml" importContext="" importTitle="" />
    <Mapping exportContext="/100%20Master/Building%20Blocks/Modules/E-Commerce/Site%20Manager/Default%20Widgets" exportTitle="Search%20Box.xml" importContext="" importTitle="" />
    <Mapping exportContext="/100%20Master/Building%20Blocks/Settings/E-Commerce/Site%20Manager" exportTitle="Demandware%20Localization%20Configuration.xml" importContext="" importTitle="" />
    <Mapping exportContext="/100%20Master/Building%20Blocks/Settings/E-Commerce/Site%20Manager" exportTitle="E-Commerce%20Resources.xml" importContext="" importTitle="" />
    <Mapping exportContext="/100%20Master/Building%20Blocks/Settings/E-Commerce/Site%20Manager" exportTitle="Fredhopper%20Localization%20Configuration.xml" importContext="" importTitle="" />
    <Mapping exportContext="/100%20Master/Building%20Blocks/Settings/E-Commerce/Site%20Manager" exportTitle="Hybris%20Localization%20Configuration.xml" importContext="" importTitle="" />
  </ItemSet>
  <ItemSet role="ComponentTemplate">
    <Mapping exportContext="/000%20Empty/Building%20Blocks/Default%20Templates" exportTitle="Default%20Component%20Template.tctcmp" importContext="" importTitle="" />
    <Mapping exportContext="/100%20Master/Building%20Blocks/Default%20Templates" exportTitle="Default%20Component%20Template.tctcmp" importContext="" importTitle="" />
    <Mapping exportContext="/100%20Master/Building%20Blocks/Modules/E-Commerce/Editor/Default%20Templates" exportTitle="Breadcrumb.tctcmp" importContext="" importTitle="" />
    <Mapping exportContext="/100%20Master/Building%20Blocks/Modules/E-Commerce/Editor/Default%20Templates" exportTitle="Cart%20%5BNav%5D.tctcmp" importContext="" importTitle="" />
    <Mapping exportContext="/100%20Master/Building%20Blocks/Modules/E-Commerce/Editor/Default%20Templates" exportTitle="Cart.tctcmp" importContext="" importTitle="" />
    <Mapping exportContext="/100%20Master/Building%20Blocks/Modules/E-Commerce/Editor/Default%20Templates" exportTitle="Detail%20Breadcrumb.tctcmp" importContext="" importTitle="" />
    <Mapping exportContext="/100%20Master/Building%20Blocks/Modules/E-Commerce/Editor/Default%20Templates" exportTitle="Facets%20Widget%20%5BLeft%5D.tctcmp" importContext="" importTitle="" />
    <Mapping exportContext="/100%20Master/Building%20Blocks/Modules/E-Commerce/Editor/Default%20Templates" exportTitle="Facets%20Widget%20%5BMegaNavigation%5D.tctcmp" importContext="" importTitle="" />
    <Mapping exportContext="/100%20Master/Building%20Blocks/Modules/E-Commerce/Editor/Default%20Templates" exportTitle="Facets%20Widget%20%5BRight%5D.tctcmp" importContext="" importTitle="" />
    <Mapping exportContext="/100%20Master/Building%20Blocks/Modules/E-Commerce/Editor/Default%20Templates" exportTitle="Product%20Detail%20ECL.tctcmp" importContext="" importTitle="" />
    <Mapping exportContext="/100%20Master/Building%20Blocks/Modules/E-Commerce/Editor/Default%20Templates" exportTitle="Product%20Detail%20Widget.tctcmp" importContext="" importTitle="" />
    <Mapping exportContext="/100%20Master/Building%20Blocks/Modules/E-Commerce/Editor/Default%20Templates" exportTitle="Product%20Lister%20Widget.tctcmp" importContext="" importTitle="" />
    <Mapping exportContext="/100%20Master/Building%20Blocks/Modules/E-Commerce/Editor/Default%20Templates" exportTitle="Promotions%20Widget.tctcmp" importContext="" importTitle="" />
    <Mapping exportContext="/100%20Master/Building%20Blocks/Modules/E-Commerce/Editor/Default%20Templates" exportTitle="Search%20Box%20%5BNav%5D.tctcmp" importContext="" importTitle="" />
    <Mapping exportContext="/100%20Master/Building%20Blocks/Modules/E-Commerce/Editor/Default%20Templates" exportTitle="Search%20Feedback%20%5BTools%5D.tctcmp" importContext="" importTitle="" />
    <Mapping exportContext="/100%20Master/Building%20Blocks/Modules/Navigation/Site%20Manager/Templates" exportTitle="Navigation%20Section%20%5BMegaNavigation%5D.tctcmp" importContext="" importTitle="" />
  </ItemSet>
  <ItemSet role="PageTemplate">
    <Mapping exportContext="/000%20Empty/Building%20Blocks/Default%20Templates" exportTitle="Default%20Page%20Template.tptcmp" importContext="" importTitle="" />
    <Mapping exportContext="/100%20Master/Building%20Blocks/Default%20Templates" exportTitle="Default%20Page%20Template.tptcmp" importContext="" importTitle="" />
  </ItemSet>
  <ItemSet role="TemplateBuildingBlock">
    <Mapping exportContext="/000%20Empty/Building%20Blocks/Default%20Templates" exportTitle="Default%20Dreamweaver%20Page%20Design.dwt" importContext="" importTitle="" />
    <Mapping exportContext="/100%20Master/Building%20Blocks/Default%20Templates" exportTitle="Default%20Dreamweaver%20Page%20Design.dwt" importContext="" importTitle="" />
    <Mapping exportContext="/100%20Master/Building%20Blocks/Framework/Developer/Templates/Sdl%2EWeb%2ETridion%2ETemplates" exportTitle="Default%20Component%20Template%20Finish%20Actions.tbbcmp" importContext="" importTitle="" />
    <Mapping exportContext="/100%20Master/Building%20Blocks/Framework/Developer/Templates/Sdl%2EWeb%2ETridion%2ETemplates" exportTitle="Render%20Component%20Content.tbbcmp" importContext="" importTitle="" />
  </ItemSet>
  <ItemSet role="MultimediaType">
    <Mapping exportTitle="Png%20image.tmt" importTitle="" />
  </ItemSet>
  <ItemSet role="ProcessDefinition">
    <Mapping exportContext="/000%20Empty" exportTitle="Task%20Process.tpd" importContext="" importTitle="" />
    <Mapping exportContext="/100%20Master" exportTitle="Task%20Process.tpd" importContext="" importTitle="" />
  </ItemSet>
</Mappings>