<PackageItem xmlns:tcm="http://www.tridion.com/ContentManager/5.0" xmlns:xlink="http://www.w3.org/1999/xlink" xmlns="http://www.sdltridion.com/ContentManager/ImportExport/Package/2013">
  <Data>
    <tcm:Data>
      <tcm:Title>Generic Product Detail</tcm:Title>
      <tcm:FileName>generic</tcm:FileName>
      <tcm:PageTemplate IsInherited="true" xlink:type="simple" xlink:title="Section Page" xlink:href="/webdav/400%20Example%20Site/Building%20Blocks/Modules/Core/Editor/Templates/Section%20Page.tptcmp" />
      <tcm:ComponentPresentations>
        <tcm:ComponentPresentation>
          <tcm:Component xlink:type="simple" xlink:title="Breadcrumb" xlink:href="/webdav/400%20Example%20Site/Building%20Blocks/Modules/E-Commerce/Site%20Manager/Default%20Widgets/Breadcrumb.xml" />
          <tcm:ComponentTemplate xlink:type="simple" xlink:title="Detail Breadcrumb" xlink:href="/webdav/400%20Example%20Site/Building%20Blocks/Modules/E-Commerce/Editor/Templates/Detail%20Breadcrumb.tctcmp" />
          <tcm:Conditions />
        </tcm:ComponentPresentation>
        <tcm:ComponentPresentation>
          <tcm:Component xlink:type="simple" xlink:title="Product Detail" xlink:href="/webdav/400%20Example%20Site/Building%20Blocks/Modules/E-Commerce/Site%20Manager/Default%20Widgets/Product%20Detail.xml" />
          <tcm:ComponentTemplate xlink:type="simple" xlink:title="Product Detail Widget" xlink:href="/webdav/400%20Example%20Site/Building%20Blocks/Modules/E-Commerce/Editor/Templates/Product%20Detail%20Widget.tctcmp" />
          <tcm:Conditions />
        </tcm:ComponentPresentation>
        <tcm:ComponentPresentation>
          <tcm:Component xlink:type="simple" xlink:title="Promotions" xlink:href="/webdav/400%20Example%20Site/Building%20Blocks/Modules/E-Commerce/Site%20Manager/Default%20Widgets/Promotions.xml" />
          <tcm:ComponentTemplate xlink:type="simple" xlink:title="Promotions Widget" xlink:href="/webdav/400%20Example%20Site/Building%20Blocks/Modules/E-Commerce/Editor/Templates/Promotions%20Widget.tctcmp" />
          <tcm:Conditions />
        </tcm:ComponentPresentation>
      </tcm:ComponentPresentations>
      <tcm:MetadataSchema xlink:type="simple" xlink:title="" xlink:href="tcm:0-0-0" />
      <tcm:Metadata />
      <tcm:RegionSchema xlink:type="simple" xlink:title="" xlink:href="tcm:0-0-0" />
      <tcm:Regions />
    </tcm:Data>
  </Data>
  <Dependencies>
    <Dependency dependencyType="Publication" itemUrl="/webdav/400%20Example%20Site" linkName="LocationInfo/ContextRepository" />
    <Dependency dependencyType="OrganizationalItemStructureGroup" itemUrl="/webdav/400%20Example%20Site/Home/Product%20Details" linkName="LocationInfo/OrganizationalItem" />
    <Dependency dependencyType="ComponentPresentationComponent" itemUrl="/webdav/400%20Example%20Site/Building%20Blocks/Modules/E-Commerce/Site%20Manager/Default%20Widgets/Breadcrumb.xml" linkName="ComponentPresentations[0]/Component" />
    <Dependency dependencyType="ComponentPresentationComponent" itemUrl="/webdav/400%20Example%20Site/Building%20Blocks/Modules/E-Commerce/Site%20Manager/Default%20Widgets/Product%20Detail.xml" linkName="ComponentPresentations[1]/Component" />
    <Dependency dependencyType="ComponentPresentationComponent" itemUrl="/webdav/400%20Example%20Site/Building%20Blocks/Modules/E-Commerce/Site%20Manager/Default%20Widgets/Promotions.xml" linkName="ComponentPresentations[2]/Component" />
    <Dependency dependencyType="ComponentPresentationComponentTemplate" itemUrl="/webdav/400%20Example%20Site/Building%20Blocks/Modules/E-Commerce/Editor/Templates/Detail%20Breadcrumb.tctcmp" linkName="ComponentPresentations[0]/ComponentTemplate" />
    <Dependency dependencyType="ComponentPresentationComponentTemplate" itemUrl="/webdav/400%20Example%20Site/Building%20Blocks/Modules/E-Commerce/Editor/Templates/Product%20Detail%20Widget.tctcmp" linkName="ComponentPresentations[1]/ComponentTemplate" />
    <Dependency dependencyType="ComponentPresentationComponentTemplate" itemUrl="/webdav/400%20Example%20Site/Building%20Blocks/Modules/E-Commerce/Editor/Templates/Promotions%20Widget.tctcmp" linkName="ComponentPresentations[2]/ComponentTemplate" />
    <Dependency dependencyType="PageTemplate" itemUrl="/webdav/400%20Example%20Site/Building%20Blocks/Modules/Core/Editor/Templates/Section%20Page.tptcmp" linkName="PageTemplate" />
  </Dependencies>
</PackageItem>