<Index dataContractVersion="2013" xmlns="http://www.sdltridion.com/ContentManager/ImportExport/Package/2013">
  <Item id="tcm:0-0-0" selected="false" exported="true">
    <ApplicationIds>
      <ApplicationId>http://www.sdl.com/tridion/SemanticMapping/vocabularies</ApplicationId>
    </ApplicationIds>
    <Item id="tcm:0-28-1" title="000%20Empty" itemType="Publication" selected="false" exported="true">
      <Item id="tcm:28-704-2" title="Building%20Blocks" itemType="Folder" blueprintStatus="LocalItem" selected="true" exported="true">
        <Item id="82d5adf5f593439897378887dd2bc10c" title="Default%20Templates" itemType="Folder" selected="false" exported="false">
          <Item id="6f123a91985d428bae0d708fc2ac6ab8" title="Default%20Component%20Template" extension="tctcmp" itemType="ComponentTemplate" selected="false" exported="false" />
          <Item id="16ecd1d3f7ed48eba63e1810d32b64ae" title="Default%20Dreamweaver%20Page%20Design" extension="dwt" itemType="TemplateBuildingBlock" selected="false" exported="false" />
          <Item id="248e80df01a04b289a60bb36ce65d69e" title="Default%20Page%20Template" extension="tptcmp" itemType="PageTemplate" selected="false" exported="false" />
        </Item>
        <Item id="15aff79a77b645e2ab1bab73e215a602" title="Default%20Multimedia%20Schema" extension="xsd" itemType="Schema" selected="false" exported="false" />
      </Item>
      <Item id="tcm:28-707-4" title="Home" itemType="StructureGroup" blueprintStatus="LocalItem" selected="true" exported="true" />
      <Item id="9e1a8d63ec904336bfb0f23caf7b104a" title="Task%20Process" extension="tpd" itemType="ProcessDefinition" selected="false" exported="false" />
    </Item>
    <Item id="tcm:0-29-1" title="100%20Master" itemType="Publication" selected="false" exported="true">
      <Item id="tcm:29-704-2" title="Building%20Blocks" itemType="Folder" blueprintStatus="SharedItem" selected="false" exported="true">
        <Item id="5b81dbdd2a9f49eca90cef2926341fc3" title="Default%20Templates" itemType="Folder" selected="false" exported="false">
          <Item id="5e2b07981f11484394b5ffb4d98edba5" title="Default%20Component%20Template" extension="tctcmp" itemType="ComponentTemplate" selected="false" exported="false" />
          <Item id="e099d447ef9840139bf8f520f0e1d20c" title="Default%20Dreamweaver%20Page%20Design" extension="dwt" itemType="TemplateBuildingBlock" selected="false" exported="false" />
          <Item id="dbe857b0b56a4176886f21ce38d4e7e7" title="Default%20Page%20Template" extension="tptcmp" itemType="PageTemplate" selected="false" exported="false" />
        </Item>
        <Item id="tcm:29-708-2" title="Modules" itemType="Folder" blueprintStatus="LocalItem" selected="false" exported="true">
          <Item id="bc2349346e5d4d1fbd05c85d87b3422c" title="Core" itemType="Folder" selected="false" exported="false">
            <Item id="fbdcaed1503c4190872714cfecadc9d6" title="Developer" itemType="Folder" selected="false" exported="false">
              <Item id="3f409f0577d54091988cd34baae07dc4" title="Templates" itemType="Folder" selected="false" exported="false">
                <Item id="74560f7b5122437f90ba2a92534076db" title="JSON" extension="tptcmp" itemType="PageTemplate" selected="false" exported="false" />
              </Item>
            </Item>
            <Item id="a3df2b4b10be4d62af696cbc85ba19af" title="Site%20Manager" itemType="Folder" selected="false" exported="false">
              <Item id="abca1ad79d8348769f821e33325ac2aa" title="Schemas" itemType="Folder" selected="false" exported="false">
                <Item id="413de0aacf0e43669c887864743d6121" title="Metadata" itemType="Folder" selected="false" exported="false">
                  <Item id="2888f53107ba4dca83190cb8dc43b62a" title="Publication%20Metadata" extension="xsd" itemType="Schema" selected="false" exported="false" />
                </Item>
                <Item id="012332c69f684146ac9d12ae1e70aa52" title="Language%20Selector%20Configuration" extension="xsd" itemType="Schema" selected="false" exported="false" />
              </Item>
              <Item id="a19238e7a4504ba1b41b588942226c18" title="Templates" itemType="Folder" selected="false" exported="false">
                <Item id="ca1c7819034945c8ba50f9bbdf08b9c5" title="Include%20Page" extension="tptcmp" itemType="PageTemplate" selected="false" exported="false" />
              </Item>
            </Item>
          </Item>
          <Item id="tcm:29-768-2" title="E-Commerce" itemType="Folder" blueprintStatus="LocalItem" selected="false" exported="true">
            <Item id="d25925e12a3d4be5ab19c4d2319446eb" title="Editor" itemType="Folder" selected="false" exported="false">
              <Item id="efd1d4fef88841d79b14af0ed0ef661e" title="Schemas" itemType="Folder" selected="false" exported="false">
                <Item id="6a54b8bdc81140eba1403576d178f8b4" title="ECommerce%20-%20Cart%20Widget" extension="xsd" itemType="Schema" selected="false" exported="false" />
                <Item id="b09ab08c7c344e3eaea074d5a0b8c259" title="ECommerce%20-%20Search%20Box" extension="xsd" itemType="Schema" selected="false" exported="false" />
              </Item>
            </Item>
            <Item id="tcm:29-769-2" title="Site%20Manager" itemType="Folder" blueprintStatus="LocalItem" selected="false" exported="true">
              <Item id="tcm:29-770-2" title="Default%20Widgets" itemType="Folder" blueprintStatus="LocalItem" selected="false" exported="true">
                <Item id="tcm:29-4076" title="Cart" extension="xml" itemType="Component" blueprintStatus="LocalItem" selected="false" exported="true" />
                <Item id="tcm:29-4078" title="Search%20Box" extension="xml" itemType="Component" blueprintStatus="LocalItem" selected="false" exported="true" />
              </Item>
            </Item>
          </Item>
        </Item>
        <Item id="tcm:29-725-2" title="Settings" itemType="Folder" blueprintStatus="LocalItem" selected="false" exported="true">
          <Item id="tcm:29-726-2" title="Core" itemType="Folder" blueprintStatus="LocalItem" selected="false" exported="true">
            <Item id="tcm:29-727-2" title="Site%20Manager" itemType="Folder" blueprintStatus="LocalItem" selected="false" exported="true">
              <Item id="tcm:29-3928" title="Language%20Selector%20Configuration" extension="xml" itemType="Component" blueprintStatus="LocalItem" selected="false" exported="true" />
            </Item>
          </Item>
        </Item>
        <Item id="2489bf4fcd834675b43140d456200485" title="Default%20Multimedia%20Schema" extension="xsd" itemType="Schema" selected="false" exported="false" />
      </Item>
      <Item id="tcm:29-733-512" title="Content%20Type" itemType="Category" blueprintStatus="LocalItem" selected="false" exported="true">
        <Item id="tcm:29-3886-1024" title="Article" extension="tkw" itemType="Keyword" blueprintStatus="LocalItem" selected="false" exported="true" />
      </Item>
      <Item id="tcm:29-707-4" title="Home" itemType="StructureGroup" blueprintStatus="SharedItem" selected="false" exported="true">
        <Item id="tcm:29-723-4" title="_System" itemType="StructureGroup" blueprintStatus="LocalItem" selected="true" exported="true">
          <Item id="tcm:29-737-4" title="include" itemType="StructureGroup" blueprintStatus="LocalItem" selected="true" exported="true" />
        </Item>
      </Item>
      <Item id="tcm:29-734-512" title="List%20Sort%20Type" itemType="Category" blueprintStatus="LocalItem" selected="false" exported="true">
        <Item id="tcm:29-3931-1024" title="Last%20Published%20Date" extension="tkw" itemType="Keyword" blueprintStatus="LocalItem" selected="false" exported="true" />
      </Item>
      <Item id="6c4ad1239fd84c40a60005761f0c9516" title="Task%20Process" extension="tpd" itemType="ProcessDefinition" selected="false" exported="false" />
    </Item>
    <Item id="tcm:0-30-1" title="110%20DXA%20Site%20Type" itemType="Publication" selected="false" exported="true">
      <ApplicationIds>
        <ApplicationId>SiteEdit</ApplicationId>
      </ApplicationIds>
      <Item id="tcm:30-704-2" title="Building%20Blocks" itemType="Folder" blueprintStatus="SharedItem" selected="false" exported="true">
        <Item id="tcm:30-743-2" title="Content" itemType="Folder" blueprintStatus="LocalizedItem" selected="true" exported="true">
          <Item id="tcm:30-750-2" title="Articles" itemType="Folder" blueprintStatus="LocalItem" selected="false" exported="true" />
          <Item id="tcm:30-794-2" title="E-Commerce" itemType="Folder" blueprintStatus="LocalItem" selected="true" exported="true">
            <Item id="tcm:30-798-2" title="Category" itemType="Folder" blueprintStatus="LocalItem" selected="true" exported="true" />
            <Item id="bd0d2ddf32af46159872a2073b1ab34b" title="Detail" itemType="Folder" selected="false" exported="false" />
            <Item id="tcm:30-795-2" title="Images" itemType="Folder" blueprintStatus="LocalItem" selected="true" exported="true" />
          </Item>
          <Item id="tcm:30-757-2" title="Images" itemType="Folder" blueprintStatus="LocalItem" selected="false" exported="true" />
          <Item id="tcm:30-755-2" title="Video" itemType="Folder" blueprintStatus="LocalItem" selected="false" exported="true" />
          <Item id="aa2759aba1ba41ea96bc7030e0aa2e94" title="_Cloneable%20Content" itemType="Folder" selected="false" exported="false">
            <Item id="6d6895882a744947947e0e9709a827d2" title="Article" extension="xml" itemType="Component" selected="false" exported="false" />
            <Item id="fa620342a1834436a33697036f6d76f9" title="Content%20List" extension="xml" itemType="Component" selected="false" exported="false" />
            <Item id="3f1975e4c30f4c61867a0e44c5554641" title="Content%20Query" extension="xml" itemType="Component" selected="false" exported="false" />
            <Item id="90a73334efd64d5b8c35567b89973794" title="E-Commerce%20Product%20Detail" extension="xml" itemType="Component" selected="false" exported="false" />
            <Item id="766171652ef644b99c413bd468a7dbe7" title="Image%20List" extension="xml" itemType="Component" selected="false" exported="false" />
            <Item id="21a127eb378e4d1e9f7b734de0b2115e" title="Large%20Image" extension="jpg" itemType="Component" selected="false" exported="false" />
            <Item id="8a82518a1f1e47b6b5901439da526de1" title="News%20Article" extension="xml" itemType="Component" selected="false" exported="false" />
            <Item id="83b3edcfd6bb44878f2ff3e0cbeeaaca" title="Place" extension="xml" itemType="Component" selected="false" exported="false" />
            <Item id="6424cbaa0a5944b6a3ff434cc8273fba" title="YouTube%20Video" extension="jpg" itemType="Component" selected="false" exported="false" />
          </Item>
          <Item id="tcm:30-747-2" title="_Structure" itemType="Folder" blueprintStatus="LocalItem" selected="false" exported="true">
            <Item id="tcm:30-748-2" title="Header" itemType="Folder" blueprintStatus="LocalItem" selected="false" exported="true">
              <Item id="tcm:30-3962" title="Old%20Browser%20bar" extension="xml" itemType="Component" blueprintStatus="LocalItem" selected="false" exported="true" />
            </Item>
            <Item id="tcm:30-804-2" title="MegaNavigation" itemType="Folder" blueprintStatus="LocalItem" selected="false" exported="true" />
          </Item>
        </Item>
        <Item id="05fdc5557e214de3bca891be9e90017a" title="Default%20Templates" itemType="Folder" selected="false" exported="false">
          <Item id="39b92a33475a4887a14f867cbf785660" title="Default%20Component%20Template" extension="tctcmp" itemType="ComponentTemplate" selected="false" exported="false" />
          <Item id="4aeee2f783b64cd2a1749620e0f83c81" title="Default%20Dreamweaver%20Page%20Design" extension="dwt" itemType="TemplateBuildingBlock" selected="false" exported="false" />
        </Item>
        <Item id="ca0ea22868334aea99df842c3355e64c" title="Modules" itemType="Folder" selected="false" exported="false">
          <Item id="e2fbd636b0b74df2adefa458ea3878d4" title="Core" itemType="Folder" selected="false" exported="false">
            <Item id="0f457088c66944bf822847cc0a19891c" title="Editor" itemType="Folder" selected="false" exported="false">
              <Item id="e3cd495156cd49e2b3e899f3252bf6da" title="Schemas" itemType="Folder" selected="false" exported="false">
                <Item id="80bc9f228ee9432091a65a7b7776e0f6" title="Article" extension="xsd" itemType="Schema" selected="false" exported="false" />
                <Item id="698d5e1ae06140f3991b3ca02d6268ff" title="Image" extension="xsd" itemType="Schema" selected="false" exported="false" />
                <Item id="8453b32cef664a0c9e843ee7e0e2c784" title="YouTube%20Video" extension="xsd" itemType="Schema" selected="false" exported="false" />
              </Item>
              <Item id="30753f2b40314d438486f379c5e6ac62" title="Templates" itemType="Folder" selected="false" exported="false">
                <Item id="ce60b445820f4db986e06bfcc69809a2" title="Accordion" extension="tctcmp" itemType="ComponentTemplate" selected="false" exported="false" />
                <Item id="0970735a389441a79faa4fba06d44f0a" title="Article" extension="tctcmp" itemType="ComponentTemplate" selected="false" exported="false" />
                <Item id="40fdf03a560349c3b6569ecd7289002b" title="Content%20Page%20Without%20Navigation" extension="tptcmp" itemType="PageTemplate" selected="false" exported="false" />
                <Item id="c30abc72bb7e4972967720a14c0eca77" title="Content%20Page" extension="tptcmp" itemType="PageTemplate" selected="false" exported="false" />
                <Item id="b18b69273049408182c6d809dd94be39" title="Download" extension="tctcmp" itemType="ComponentTemplate" selected="false" exported="false" />
                <Item id="f009a68fd5734c02b89d79dda601d3a8" title="Home%20Page" extension="tptcmp" itemType="PageTemplate" selected="false" exported="false" />
                <Item id="44a597378a064332a171b7fa2d5157d0" title="Paged%20List" extension="tctcmp" itemType="ComponentTemplate" selected="false" exported="false" />
                <Item id="63901fa45d5443ada6550d7982f70a36" title="Place" extension="tctcmp" itemType="ComponentTemplate" selected="false" exported="false" />
                <Item id="e95856ea07bd4dad8d9b5210991587e0" title="Redirect%20Page" extension="tptcmp" itemType="PageTemplate" selected="false" exported="false" />
                <Item id="9caeef69eaf940c2b2e0b489c298ae0f" title="Section%20Page" extension="tptcmp" itemType="PageTemplate" selected="false" exported="false" />
                <Item id="7b6c9fd5a4ec4b3b96df3777e36cef8f" title="Thumbnail%20List" extension="tctcmp" itemType="ComponentTemplate" selected="false" exported="false" />
                <Item id="a467b006c04143db8581a7df1ec7ffe5" title="YouTube%20Video" extension="tctcmp" itemType="ComponentTemplate" selected="false" exported="false" />
              </Item>
            </Item>
            <Item id="a589447faff247e9802bbbc4171b9b9f" title="Site%20Manager" itemType="Folder" selected="false" exported="false">
              <Item id="61235282c44f4a738c88734871e4b871" title="Schemas" itemType="Folder" selected="false" exported="false">
                <Item id="de1cdaac9a45427fbfe8218775442007" title="Notification%20Bar" extension="xsd" itemType="Schema" selected="false" exported="false" />
              </Item>
            </Item>
          </Item>
          <Item id="3d19a331ba96440e87c2d73e50cfad17" title="E-Commerce" itemType="Folder" selected="false" exported="false">
            <Item id="d4493c8fc43744ad95261517ed1bdac4" title="Editor" itemType="Folder" selected="false" exported="false">
              <Item id="e58d618a9a724d0eb41d68a9a7dc4137" title="Templates" itemType="Folder" selected="false" exported="false">
                <Item id="2566018052924876a40d938dc82bb296" title="Product%20Detail%20Widget" extension="tctcmp" itemType="ComponentTemplate" selected="false" exported="false" />
              </Item>
            </Item>
            <Item id="5e7a0fb14d8c43d787afa0d138891dd9" title="Site%20Manager" itemType="Folder" selected="false" exported="false">
              <Item id="96c8463a168c4e518f404c8fcf8c45cf" title="Default%20Widgets" itemType="Folder" selected="false" exported="false">
                <Item id="c9d7e0a1e78c48e2b96f303c1dc3075e" title="Product%20Detail" extension="xml" itemType="Component" selected="false" exported="false" />
              </Item>
            </Item>
          </Item>
        </Item>
        <Item id="e069799e315f4281a2ec1d42ecba4ce4" title="Default%20Multimedia%20Schema" extension="xsd" itemType="Schema" selected="false" exported="false" />
      </Item>
      <Item id="5d8015db640f4dbaaa6a601a49da02be" title="Task%20Process" extension="tpd" itemType="ProcessDefinition" selected="false" exported="false" />
    </Item>
    <Item id="tcm:0-31-1" title="200%20Example%20Content" itemType="Publication" selected="true" exported="true">
      <Item id="tcm:31-704-2" title="Building%20Blocks" itemType="Folder" blueprintStatus="SharedItem" selected="true" exported="true">
        <Item id="tcm:31-743-2" title="Content" itemType="Folder" blueprintStatus="SharedItem" selected="true" exported="true">
          <Item id="tcm:31-759-2" title="About" itemType="Folder" blueprintStatus="LocalItem" selected="false" exported="true">
            <Item id="tcm:31-4000" title="Company%20Information" extension="xml" itemType="Component" blueprintStatus="LocalItem" selected="false" exported="true" />
            <Item id="tcm:31-3997" title="Contact%20Tab%20Content" extension="xml" itemType="Component" blueprintStatus="LocalItem" selected="false" exported="true" />
            <Item id="tcm:31-4026" title="Privacy%20Policy" extension="xml" itemType="Component" blueprintStatus="LocalItem" selected="false" exported="true" />
          </Item>
          <Item id="tcm:31-750-2" title="Articles" itemType="Folder" blueprintStatus="SharedItem" selected="false" exported="true">
            <Item id="tcm:31-4015" title="All%20Articles%20Index" extension="xml" itemType="Component" blueprintStatus="LocalItem" selected="false" exported="true" />
            <Item id="tcm:31-4020" title="News%20Intro" extension="xml" itemType="Component" blueprintStatus="LocalItem" selected="false" exported="true" />
          </Item>
          <Item id="tcm:31-794-2" title="E-Commerce" itemType="Folder" blueprintStatus="SharedItem" selected="true" exported="true">
            <Item id="tcm:31-798-2" title="Category" itemType="Folder" blueprintStatus="SharedItem" selected="true" exported="true">
              <Item id="tcm:31-4138" title="Hoodies%20Lister" extension="xml" itemType="Component" blueprintStatus="LocalItem" selected="true" exported="true" />
            </Item>
            <Item id="tcm:31-806-2" title="Headers" itemType="Folder" blueprintStatus="LocalItem" selected="true" exported="true">
              <Item id="tcm:31-4136" title="Hoodies%20Header" extension="xml" itemType="Component" blueprintStatus="LocalItem" selected="true" exported="true" />
            </Item>
            <Item id="tcm:31-795-2" title="Images" itemType="Folder" blueprintStatus="SharedItem" selected="true" exported="true">
              <Item id="tcm:31-4135" title="Hoodies%20Banner" extension="jpg" itemType="Component" subtype="1" blueprintStatus="LocalItem" selected="true" exported="true" />
            </Item>
            <Item id="tcm:31-803-2" title="Mega%20Navigation" itemType="Folder" blueprintStatus="LocalItem" selected="true" exported="true">
              <Item id="tcm:31-802-2" title="Fredhopper" itemType="Folder" blueprintStatus="LocalItem" selected="true" exported="true">
                <Item id="tcm:31-4122" title="Beauty%20Section" extension="xml" itemType="Component" blueprintStatus="LocalItem" selected="true" exported="true" />
                <Item id="tcm:31-4123" title="Gifts%20Section" extension="xml" itemType="Component" blueprintStatus="LocalItem" selected="true" exported="true" />
                <Item id="tcm:31-4124" title="Home%20%26%20Electricals%20Section" extension="xml" itemType="Component" blueprintStatus="LocalItem" selected="true" exported="true" />
                <Item id="tcm:31-4125" title="Kids%20Section" extension="xml" itemType="Component" blueprintStatus="LocalItem" selected="true" exported="true" />
                <Item id="tcm:31-4126" title="Men%20Section" extension="xml" itemType="Component" blueprintStatus="LocalItem" selected="true" exported="true" />
                <Item id="tcm:31-4127" title="Sport%20%26%20Leisure%20Section" extension="xml" itemType="Component" blueprintStatus="LocalItem" selected="true" exported="true" />
                <Item id="tcm:31-4128" title="Women%20Section" extension="xml" itemType="Component" blueprintStatus="LocalItem" selected="true" exported="true" />
              </Item>
            </Item>
          </Item>
          <Item id="tcm:31-763-2" title="Homepage" itemType="Folder" blueprintStatus="LocalItem" selected="false" exported="true">
            <Item id="tcm:31-4023" title="Homepage%20Welcome" extension="xml" itemType="Component" blueprintStatus="LocalItem" selected="false" exported="true" />
          </Item>
          <Item id="tcm:31-757-2" title="Images" itemType="Folder" blueprintStatus="SharedItem" selected="false" exported="true">
            <Item id="tcm:31-760-2" title="Large" itemType="Folder" blueprintStatus="LocalItem" selected="false" exported="true">
              <Item id="tcm:31-4014" title="bridge" extension="jpg" itemType="Component" subtype="1" blueprintStatus="LocalItem" selected="false" exported="true" />
              <Item id="tcm:31-3999" title="planes" extension="jpg" itemType="Component" subtype="1" blueprintStatus="LocalItem" selected="false" exported="true" />
            </Item>
          </Item>
          <Item id="tcm:31-755-2" title="Video" itemType="Folder" blueprintStatus="SharedItem" selected="false" exported="true">
            <Item id="tcm:31-3998" title="Company%20News%20Media%20Manager%20Video" extension="png" itemType="Component" subtype="1" blueprintStatus="LocalItem" selected="false" exported="true" />
          </Item>
          <Item id="47dfcd2fc4ea43f684273bc00b738c59" title="_Structure" itemType="Folder" selected="false" exported="false">
            <Item id="tcm:31-748-2" title="Header" itemType="Folder" blueprintStatus="SharedItem" selected="false" exported="true">
              <Item id="tcm:31-4016" title="Company%20Logo%20540%20px" extension="png" itemType="Component" subtype="1" blueprintStatus="LocalItem" selected="false" exported="true" />
            </Item>
          </Item>
        </Item>
        <Item id="1c54444f93fd457daa7255a66edfba5e" title="Default%20Templates" itemType="Folder" selected="false" exported="false">
          <Item id="7fb1bd423d9d44d3a13c95c5c47839d8" title="Default%20Component%20Template" extension="tctcmp" itemType="ComponentTemplate" selected="false" exported="false" />
          <Item id="b86cd5c3348041faa5bffce7e75bd187" title="Default%20Dreamweaver%20Page%20Design" extension="dwt" itemType="TemplateBuildingBlock" selected="false" exported="false" />
          <Item id="d108eb7b53ea4b938911a054340bc5b9" title="Default%20Page%20Template" extension="tptcmp" itemType="PageTemplate" selected="false" exported="false" />
        </Item>
        <Item id="4029e4bcf5364b0f9a7cb94d2610c2bd" title="Modules" itemType="Folder" selected="false" exported="false">
          <Item id="84eb1bfb74824c39911cc97d5839d541" title="Core" itemType="Folder" selected="false" exported="false">
            <Item id="51f40b3b1d3747b2896aba1872ef47ba" title="Editor" itemType="Folder" selected="false" exported="false">
              <Item id="edd1f37c995540d98efd240a2080c84b" title="Schemas" itemType="Folder" selected="false" exported="false">
                <Item id="d6f76cbcd88b49619a7b9e093d5ba5f3" title="Article" extension="xsd" itemType="Schema" selected="false" exported="false" />
                <Item id="4d44c88a08904c9e9fd9d085d725b370" title="Content%20Query" extension="xsd" itemType="Schema" selected="false" exported="false" />
                <Item id="bb5381c69bc94a718d38633a5816306a" title="Image" extension="xsd" itemType="Schema" selected="false" exported="false" />
                <Item id="e4311a987726475aa95d1add9f60184e" title="Item%20List" extension="xsd" itemType="Schema" selected="false" exported="false" />
                <Item id="0379422e4bb5470c8f72f655a3460877" title="YouTube%20Video" extension="xsd" itemType="Schema" selected="false" exported="false" />
              </Item>
            </Item>
          </Item>
          <Item id="9a2712eca41147f0a227a36dd42a3bf1" title="E-Commerce" itemType="Folder" selected="false" exported="false">
            <Item id="46e1071046dd4eaead385fc3816156ee" title="Editor" itemType="Folder" selected="false" exported="false">
              <Item id="25c61a6cb1284fea9f3bc1750c9feecc" title="Schemas" itemType="Folder" selected="false" exported="false">
                <Item id="0adb336d55584192b01fb14cb31045a2" title="ECommerce%20-%20Facets%20Widget" extension="xsd" itemType="Schema" selected="false" exported="false" />
                <Item id="619117e0332c4222bdcae746d179c929" title="ECommerce%20-%20Product%20Lister%20Widget" extension="xsd" itemType="Schema" selected="false" exported="false" />
              </Item>
            </Item>
          </Item>
        </Item>
        <Item id="ec1029f761034c70a9b4359221094491" title="Default%20Multimedia%20Schema" extension="xsd" itemType="Schema" selected="false" exported="false" />
      </Item>
      <Item id="623ad56079264aeab6d8429243a4a9b8" title="Content%20Type" itemType="Category" selected="false" exported="false">
        <Item id="tcm:31-3886-1024" title="Article" extension="tkw" itemType="Keyword" blueprintStatus="SharedItem" selected="false" exported="true" />
      </Item>
      <Item id="ebe2c186740841eaa45e724ba0a60bde" title="List%20Sort%20Type" itemType="Category" selected="false" exported="false">
        <Item id="tcm:31-3931-1024" title="Last%20Published%20Date" extension="tkw" itemType="Keyword" blueprintStatus="SharedItem" selected="false" exported="true" />
      </Item>
      <Item id="1f11149f76404a2d85070b9e20682753" title="Task%20Process" extension="tpd" itemType="ProcessDefinition" selected="false" exported="false" />
    </Item>
    <Item id="tcm:0-32-1" title="400%20Example%20Site" itemType="Publication" selected="true" exported="true">
      <ApplicationIds>
        <ApplicationId>SiteEdit</ApplicationId>
      </ApplicationIds>
      <Item id="37c3e8d3aec14eedadc356e2acd3151c" title="Building%20Blocks" itemType="Folder" selected="false" exported="false">
        <Item id="947e09d3fd5248ecb36b09228a2694c7" title="Content" itemType="Folder" selected="false" exported="false">
          <Item id="b45afad27abc4a538325aad5b5d43599" title="About" itemType="Folder" selected="false" exported="false">
            <Item id="tcm:32-4000" title="Company%20Information" extension="xml" itemType="Component" blueprintStatus="SharedItem" selected="false" exported="true" />
            <Item id="tcm:32-3997" title="Contact%20Tab%20Content" extension="xml" itemType="Component" blueprintStatus="SharedItem" selected="false" exported="true" />
            <Item id="tcm:32-4026" title="Privacy%20Policy" extension="xml" itemType="Component" blueprintStatus="SharedItem" selected="false" exported="true" />
          </Item>
          <Item id="3b5b58f6a6264e1e853b982436c38e13" title="Articles" itemType="Folder" selected="false" exported="false">
            <Item id="tcm:32-4015" title="All%20Articles%20Index" extension="xml" itemType="Component" blueprintStatus="SharedItem" selected="false" exported="true" />
            <Item id="tcm:32-4020" title="News%20Intro" extension="xml" itemType="Component" blueprintStatus="SharedItem" selected="false" exported="true" />
          </Item>
          <Item id="fb28e6b5e88c4b52ad46695c9537c46c" title="E-Commerce" itemType="Folder" selected="false" exported="false">
            <Item id="846672e9f66a494aa5cb5f0679c8b7e0" title="Category" itemType="Folder" selected="false" exported="false">
              <Item id="tcm:32-4138" title="Hoodies%20Lister" extension="xml" itemType="Component" blueprintStatus="SharedItem" selected="false" exported="true" />
            </Item>
            <Item id="b72df45fd488492abb5cc72211364e1f" title="Headers" itemType="Folder" selected="false" exported="false">
              <Item id="tcm:32-4136" title="Hoodies%20Header" extension="xml" itemType="Component" blueprintStatus="SharedItem" selected="false" exported="true" />
            </Item>
            <Item id="09f9671297c049348b01910994006ee4" title="Mega%20Navigation" itemType="Folder" selected="false" exported="false">
              <Item id="41383e837101421392f7aab7cec0b538" title="Fredhopper" itemType="Folder" selected="false" exported="false">
                <Item id="tcm:32-4122" title="Beauty%20Section" extension="xml" itemType="Component" blueprintStatus="SharedItem" selected="false" exported="true" />
                <Item id="tcm:32-4123" title="Gifts%20Section" extension="xml" itemType="Component" blueprintStatus="SharedItem" selected="false" exported="true" />
                <Item id="tcm:32-4125" title="Kids%20Section" extension="xml" itemType="Component" blueprintStatus="SharedItem" selected="false" exported="true" />
                <Item id="tcm:32-4126" title="Men%20Section" extension="xml" itemType="Component" blueprintStatus="SharedItem" selected="false" exported="true" />
                <Item id="tcm:32-4127" title="Sport%20%26%20Leisure%20Section" extension="xml" itemType="Component" blueprintStatus="SharedItem" selected="false" exported="true" />
                <Item id="tcm:32-4128" title="Women%20Section" extension="xml" itemType="Component" blueprintStatus="SharedItem" selected="false" exported="true" />
              </Item>
            </Item>
          </Item>
          <Item id="a65b1d858ebc4d398f2314891ebb1169" title="Homepage" itemType="Folder" selected="false" exported="false">
            <Item id="tcm:32-4023" title="Homepage%20Welcome" extension="xml" itemType="Component" blueprintStatus="SharedItem" selected="false" exported="true" />
          </Item>
          <Item id="408cf793358743f8b3f87de144265cab" title="_Structure" itemType="Folder" selected="false" exported="false">
            <Item id="tcm:32-748-2" title="Header" itemType="Folder" blueprintStatus="SharedItem" selected="false" exported="true">
              <Item id="tcm:32-4016" title="Company%20Logo%20540%20px" extension="png" itemType="Component" subtype="1" blueprintStatus="SharedItem" selected="false" exported="true" />
              <Item id="tcm:32-4037" title="Cookie%20bar" extension="xml" itemType="Component" blueprintStatus="LocalItem" selected="false" exported="true" />
              <Item id="tcm:32-4039" title="Header%20Links" extension="xml" itemType="Component" blueprintStatus="LocalItem" selected="false" exported="true" />
              <Item id="tcm:32-4038" title="Header" extension="xml" itemType="Component" blueprintStatus="LocalItem" selected="false" exported="true" />
              <Item id="tcm:32-3962" title="Old%20Browser%20bar" extension="xml" itemType="Component" blueprintStatus="SharedItem" selected="false" exported="true" />
            </Item>
            <Item id="tcm:32-804-2" title="MegaNavigation" itemType="Folder" blueprintStatus="SharedItem" selected="false" exported="true">
              <Item id="tcm:32-4121" title="Article%20Section" extension="xml" itemType="Component" blueprintStatus="LocalItem" selected="false" exported="true" />
              <Item id="tcm:32-4120" title="Home%20Section" extension="xml" itemType="Component" blueprintStatus="LocalItem" selected="false" exported="true" />
            </Item>
          </Item>
        </Item>
        <Item id="972f374847404f949ff11394e4fb27ee" title="Default%20Templates" itemType="Folder" selected="false" exported="false">
          <Item id="49603e5ea3334d22bd0e9f5f490320f4" title="Default%20Component%20Template" extension="tctcmp" itemType="ComponentTemplate" selected="false" exported="false" />
          <Item id="a2a5ecae8ea14fcbb3de7312fb66bb26" title="Default%20Dreamweaver%20Page%20Design" extension="dwt" itemType="TemplateBuildingBlock" selected="false" exported="false" />
        </Item>
        <Item id="b4097d2f08264c0587bc8173a667bf75" title="Modules" itemType="Folder" selected="false" exported="false">
          <Item id="5d269821e6d94e349c38a10e42d498b1" title="Core" itemType="Folder" selected="false" exported="false">
            <Item id="4282e5b6c97044bba07c978ab06e1828" title="Editor" itemType="Folder" selected="false" exported="false">
              <Item id="9050c1cac2fb4d78ab400f8324ddfb10" title="Schemas" itemType="Folder" selected="false" exported="false">
                <Item id="d904e59b1aa543f899e50b4effa8172b" title="Link%20List" extension="xsd" itemType="Schema" selected="false" exported="false" />
                <Item id="6a83b6f476c04c28bcd0d33ba033cf3e" title="Teaser" extension="xsd" itemType="Schema" selected="false" exported="false" />
              </Item>
              <Item id="8c4115cc3a864b33abb24e933b8c4872" title="Templates" itemType="Folder" selected="false" exported="false">
                <Item id="ef96a1fe959a41a9ae436c61c6b8406a" title="Article" extension="tctcmp" itemType="ComponentTemplate" selected="false" exported="false" />
                <Item id="c31fdc590cb841de8a89f92d163607d8" title="Content%20Page" extension="tptcmp" itemType="PageTemplate" selected="false" exported="false" />
                <Item id="26f252e122784dfa9141bda012196f1c" title="Section%20Page" extension="tptcmp" itemType="PageTemplate" selected="false" exported="false" />
              </Item>
            </Item>
            <Item id="2f754cd966ba451180c4aaa742e004f2" title="Site%20Manager" itemType="Folder" selected="false" exported="false">
              <Item id="578f8021975949a09f5c3fdb4a823daf" title="Schemas" itemType="Folder" selected="false" exported="false">
                <Item id="ffb73d2859964ee5a4111b9ab9272a15" title="Metadata" itemType="Folder" selected="false" exported="false">
                  <Item id="188a8cd23e8d45cf885d9b5490a43532" title="Publication%20Metadata" extension="xsd" itemType="Schema" selected="false" exported="false" />
                </Item>
                <Item id="6f9955ae273e4fff974ba74db21514bc" title="Notification%20Bar" extension="xsd" itemType="Schema" selected="false" exported="false" />
              </Item>
              <Item id="4fcf32d77499490584d92b56ca8d8f30" title="Templates" itemType="Folder" selected="false" exported="false">
                <Item id="db8c5292a0334fab8abbba7f0aed3e8e" title="Cookie%20Notification%20Bar%20%5BInfo%5D" extension="tctcmp" itemType="ComponentTemplate" selected="false" exported="false" />
                <Item id="18cdf45fde4149abaef9f7fc4ef4fb47" title="Header%20Links%20%5BNav%5D" extension="tctcmp" itemType="ComponentTemplate" selected="false" exported="false" />
                <Item id="967d5cd079584174b5196d79f5ae8787" title="Header%20Logo%20%5BLogo%5D" extension="tctcmp" itemType="ComponentTemplate" selected="false" exported="false" />
                <Item id="8c64782b95b14eb08a8ce5329f186229" title="Include%20Page" extension="tptcmp" itemType="PageTemplate" selected="false" exported="false" />
                <Item id="fc27e6999bc44cb1b37475c0a4d90651" title="Language%20Selector%20%5BNav%5D" extension="tctcmp" itemType="ComponentTemplate" selected="false" exported="false" />
                <Item id="17e6498d1472470aaae236fcb9dae87e" title="Old%20Browser%20Notification%20Bar%20%5BInfo%5D" extension="tctcmp" itemType="ComponentTemplate" selected="false" exported="false" />
              </Item>
            </Item>
          </Item>
          <Item id="3a13d13894b646e88f08c34172848f72" title="E-Commerce" itemType="Folder" selected="false" exported="false">
            <Item id="9eb752a993e54f118c8e72c6fa4a58db" title="Editor" itemType="Folder" selected="false" exported="false">
              <Item id="77af80becfc04538b177f8bffc6ed079" title="Templates" itemType="Folder" selected="false" exported="false">
                <Item id="2ada71c077c641e6bb11ef0deb38a3ad" title="Cart%20%5BNav%5D" extension="tctcmp" itemType="ComponentTemplate" selected="false" exported="false" />
                <Item id="a32e44d009384a8c996cdc47e4f71cdd" title="Facets%20Widget%20%5BMegaNavigation%5D" extension="tctcmp" itemType="ComponentTemplate" selected="false" exported="false" />
                <Item id="d10a4283adf24249919a99ee9e84ccda" title="Product%20Lister%20Widget" extension="tctcmp" itemType="ComponentTemplate" selected="false" exported="false" />
                <Item id="76a4ce4eafc24e34aa5a9e2110e63a65" title="Search%20Box%20%5BNav%5D" extension="tctcmp" itemType="ComponentTemplate" selected="false" exported="false" />
              </Item>
            </Item>
            <Item id="211b90da697245968ea801fc5a5a2536" title="Site%20Manager" itemType="Folder" selected="false" exported="false">
              <Item id="c8046d0be1b14be381670ed76e78676b" title="Default%20Widgets" itemType="Folder" selected="false" exported="false">
                <Item id="tcm:32-4076" title="Cart" extension="xml" itemType="Component" blueprintStatus="SharedItem" selected="false" exported="true" />
                <Item id="tcm:32-4078" title="Search%20Box" extension="xml" itemType="Component" blueprintStatus="SharedItem" selected="false" exported="true" />
              </Item>
            </Item>
          </Item>
          <Item id="b32b928c258c48f9903e891200828ccb" title="Navigation" itemType="Folder" selected="false" exported="false">
            <Item id="f7edfb3193c4488788dc2dfde0f2aee9" title="Site%20Manager" itemType="Folder" selected="false" exported="false">
              <Item id="19e42be439ff4bd9878bc5891dd86be8" title="Schemas" itemType="Folder" selected="false" exported="false">
                <Item id="ff71d3d0c2194840ae8867eebad9e16e" title="Navigation%20Section" extension="xsd" itemType="Schema" selected="false" exported="false" />
              </Item>
              <Item id="ce751b11d74242e8aa736bfb0102317d" title="Templates" itemType="Folder" selected="false" exported="false">
                <Item id="fa9c8c2f9efc4465a43a48b48004c3c2" title="Navigation%20Section%20%5BMegaNavigation%5D" extension="tctcmp" itemType="ComponentTemplate" selected="false" exported="false" />
              </Item>
            </Item>
          </Item>
        </Item>
        <Item id="fe88904623de46a4ac481edf163e1263" title="Settings" itemType="Folder" selected="false" exported="false">
          <Item id="e2d343ce4c884ecdb1b39536ac88cc0f" title="Core" itemType="Folder" selected="false" exported="false">
            <Item id="2f7ab9759569460ebed9856012fcb0f7" title="Site%20Manager" itemType="Folder" selected="false" exported="false">
              <Item id="tcm:32-3928" title="Language%20Selector%20Configuration" extension="xml" itemType="Component" blueprintStatus="SharedItem" selected="false" exported="true" />
            </Item>
          </Item>
        </Item>
        <Item id="d49c73bec2bc49059de6bc6c3d2bb6fa" title="Default%20Multimedia%20Schema" extension="xsd" itemType="Schema" selected="false" exported="false" />
      </Item>
      <Item id="tcm:32-707-4" title="Home" itemType="StructureGroup" blueprintStatus="SharedItem" selected="true" exported="true">
        <Item id="tcm:32-723-4" title="_System" itemType="StructureGroup" blueprintStatus="SharedItem" selected="true" exported="true">
          <Item id="tcm:32-737-4" title="include" itemType="StructureGroup" blueprintStatus="SharedItem" selected="true" exported="true">
            <Item id="tcm:32-3986-64" title="Header" extension="tpg" itemType="Page" blueprintStatus="LocalizedItem" selected="true" exported="true" />
          </Item>
        </Item>
        <Item id="tcm:32-4137-64" title="Hoodies%20Landing%20Page" extension="tpg" itemType="Page" blueprintStatus="LocalItem" selected="true" exported="true" />
      </Item>
      <Item id="e2d8022438c1492ba5f6b3783f63c4f3" title="Task%20Process" extension="tpd" itemType="ProcessDefinition" selected="false" exported="false" />
    </Item>
    <Item id="tcm:0-2-65544" title="Jpeg%20image" extension="tmt" itemType="MultimediaType" selected="false" exported="true" />
    <Item id="tcm:0-3-65544" title="Png%20image" extension="tmt" itemType="MultimediaType" selected="false" exported="true" />
  </Item>
</Index>