<PackageItem xmlns:tcm="http://www.tridion.com/ContentManager/5.0" xmlns:xlink="http://www.w3.org/1999/xlink" xmlns="http://www.sdltridion.com/ContentManager/ImportExport/Package/2013">
  <Data>
    <tcm:Data>
      <tcm:Title>Cart</tcm:Title>
      <tcm:Type>Normal</tcm:Type>
      <tcm:Schema xlink:type="simple" xlink:title="ECommerce - Cart Widget" xlink:href="/webdav/100%20Master/Building%20Blocks/Modules/E-Commerce/Editor/Schemas/ECommerce%20-%20Cart%20Widget.xsd" IsMandatory="false" />
      <tcm:Content>
        <CartWidget xmlns="uuid:a96a08a9-4c0f-443e-8e2a-4736197be31b" />
      </tcm:Content>
      <tcm:Metadata>
        <Metadata xmlns="uuid:a96a08a9-4c0f-443e-8e2a-4736197be31b">
          <checkoutLink>
            <linkText>Checkout</linkText>
            <externalLink xmlns:xlink="http://www.w3.org/1999/xlink" xlink:href="#" />
          </checkoutLink>
        </Metadata>
      </tcm:Metadata>
      <tcm:IsBasedOnTridionWebSchema>true</tcm:IsBasedOnTridionWebSchema>
      <tcm:MultimediaType xlink:type="simple" xlink:title="" xlink:href="tcm:0-0-0" />
    </tcm:Data>
  </Data>
  <Dependencies>
    <Dependency dependencyType="Publication" itemUrl="/webdav/100%20Master" linkName="LocationInfo/ContextRepository" />
    <Dependency dependencyType="OrganizationalItemFolder" itemUrl="/webdav/100%20Master/Building%20Blocks/Modules/E-Commerce/Site%20Manager/Default%20Widgets" linkName="LocationInfo/OrganizationalItem" />
    <Dependency dependencyType="Schema" itemUrl="/webdav/100%20Master/Building%20Blocks/Modules/E-Commerce/Editor/Schemas/ECommerce%20-%20Cart%20Widget.xsd" linkName="Schema" />
  </Dependencies>
</PackageItem>