<Index dataContractVersion="2013" xmlns="http://www.sdltridion.com/ContentManager/ImportExport/Package/2013">
  <Item id="tcm:0-0-0" selected="false" exported="true">
    <ApplicationIds>
      <ApplicationId>http://www.sdl.com/tridion/SemanticMapping/vocabularies</ApplicationId>
    </ApplicationIds>
    <Item id="tcm:0-79-1" title="000%20Empty" itemType="Publication" selected="false" exported="true">
      <Item id="tcm:79-1317-2" title="Building%20Blocks" itemType="Folder" blueprintStatus="LocalItem" selected="true" exported="true">
        <Item id="c0689ded0f02474b99ab79e384b22882" title="Default%20Templates" itemType="Folder" selected="false" exported="false">
          <Item id="2437fa26d71c411fa477fa404c65568e" title="Default%20Component%20Template" extension="tctcmp" itemType="ComponentTemplate" selected="false" exported="false" />
          <Item id="f7f201e242554ffebf031d7bebb19d53" title="Default%20Dreamweaver%20Page%20Design" extension="dwt" itemType="TemplateBuildingBlock" selected="false" exported="false" />
          <Item id="1461c058aace4a948842051ab8312123" title="Default%20Page%20Template" extension="tptcmp" itemType="PageTemplate" selected="false" exported="false" />
        </Item>
        <Item id="2d0295821f7f4be7a68b2b330f60b647" title="Default%20Multimedia%20Schema" extension="xsd" itemType="Schema" selected="false" exported="false" />
      </Item>
      <Item id="tcm:79-1320-4" title="Home" itemType="StructureGroup" blueprintStatus="LocalItem" selected="true" exported="true" />
      <Item id="33b75d77aa604208b6e60e9f8c992c4a" title="Task%20Process" extension="tpd" itemType="ProcessDefinition" selected="false" exported="false" />
    </Item>
    <Item id="tcm:0-80-1" title="100%20Master" itemType="Publication" selected="false" exported="true">
      <Item id="tcm:80-1317-2" title="Building%20Blocks" itemType="Folder" blueprintStatus="SharedItem" selected="false" exported="true">
        <Item id="0df43ea2ccdc41978063acfbdcd2acc5" title="Default%20Templates" itemType="Folder" selected="false" exported="false">
          <Item id="35a3db8d9fbd4610b16189d76b838ca0" title="Default%20Component%20Template" extension="tctcmp" itemType="ComponentTemplate" selected="false" exported="false" />
          <Item id="422699cd86f940239f21ef7ebc5d5c0b" title="Default%20Dreamweaver%20Page%20Design" extension="dwt" itemType="TemplateBuildingBlock" selected="false" exported="false" />
          <Item id="617ce206542649bfa29a3549d6a295c8" title="Default%20Page%20Template" extension="tptcmp" itemType="PageTemplate" selected="false" exported="false" />
        </Item>
        <Item id="c3f0900811004dcea89db5e57d457760" title="Framework" itemType="Folder" selected="false" exported="false">
          <Item id="e348ee33ae394eeaa3fb728f7a1a9b40" title="Developer" itemType="Folder" selected="false" exported="false">
            <Item id="c927fba862604b6285fae892cbeddecf" title="Templates" itemType="Folder" selected="false" exported="false">
              <Item id="44672306e69a41ba804af042e87a21d7" title="JSON" extension="tptcmp" itemType="PageTemplate" selected="false" exported="false" />
            </Item>
          </Item>
          <Item id="9264b1279e5a4610b736e7a0ce295251" title="Site%20Manager" itemType="Folder" selected="false" exported="false">
            <Item id="2215fedbadde4f47868dce0da74673f1" title="Schemas" itemType="Folder" selected="false" exported="false">
              <Item id="7f506300d3c14851a0f809ab45c66b60" title="Publication%20Metadata" extension="xsd" itemType="Schema" selected="false" exported="false" />
            </Item>
          </Item>
        </Item>
        <Item id="tcm:80-1326-2" title="Modules" itemType="Folder" blueprintStatus="LocalItem" selected="false" exported="true">
          <Item id="4cbae4f6880141b2b22a8ed021a93697" title="Core" itemType="Folder" selected="false" exported="false">
            <Item id="187d489100f947ef8a51b3ccc1d8363f" title="Site%20Manager" itemType="Folder" selected="false" exported="false">
              <Item id="ccbcd235be4b4cdb8ad7d804498928c5" title="Schemas" itemType="Folder" selected="false" exported="false">
                <Item id="e81e365b8d1c4e42bdd3c7856676f21e" title="Language%20Selector%20Configuration" extension="xsd" itemType="Schema" selected="false" exported="false" />
              </Item>
              <Item id="dc2da147deae470aba21e26eca56d0f4" title="Templates" itemType="Folder" selected="false" exported="false">
                <Item id="329c63eac7e84cbabe8516fdb2cfbc31" title="Include%20Page" extension="tptcmp" itemType="PageTemplate" selected="false" exported="false" />
              </Item>
            </Item>
          </Item>
          <Item id="tcm:80-1387-2" title="E-Commerce" itemType="Folder" blueprintStatus="LocalItem" selected="false" exported="true">
            <Item id="9fdeb6d8e09d4f3daf1700040b2b23f2" title="Editor" itemType="Folder" selected="false" exported="false">
              <Item id="cefde718e60f4f3197493a4f4fb379cf" title="Schemas" itemType="Folder" selected="false" exported="false">
                <Item id="2697d1d4c5ab49df9099e2cc4beece96" title="ECommerce%20-%20Cart%20Widget" extension="xsd" itemType="Schema" selected="false" exported="false" />
                <Item id="a7887ce6d3f844e186daeca821091131" title="ECommerce%20-%20Search%20Box" extension="xsd" itemType="Schema" selected="false" exported="false" />
              </Item>
            </Item>
            <Item id="tcm:80-1393-2" title="Site%20Manager" itemType="Folder" blueprintStatus="LocalItem" selected="false" exported="true">
              <Item id="tcm:80-1397-2" title="Default%20Widgets" itemType="Folder" blueprintStatus="LocalItem" selected="false" exported="true">
                <Item id="tcm:80-5390" title="Cart" extension="xml" itemType="Component" blueprintStatus="LocalItem" selected="false" exported="true" />
                <Item id="tcm:80-5409" title="Search%20Box" extension="xml" itemType="Component" blueprintStatus="LocalItem" selected="false" exported="true" />
              </Item>
            </Item>
          </Item>
        </Item>
        <Item id="tcm:80-1338-2" title="Settings" itemType="Folder" blueprintStatus="LocalItem" selected="false" exported="true">
          <Item id="tcm:80-1339-2" title="Core" itemType="Folder" blueprintStatus="LocalItem" selected="false" exported="true">
            <Item id="tcm:80-1345-2" title="Site%20Manager" itemType="Folder" blueprintStatus="LocalItem" selected="false" exported="true">
              <Item id="tcm:80-5181" title="Language%20Selector%20Configuration" extension="xml" itemType="Component" blueprintStatus="LocalItem" selected="false" exported="true" />
            </Item>
          </Item>
        </Item>
        <Item id="f499c30ef6424702814016f4528620f7" title="Default%20Multimedia%20Schema" extension="xsd" itemType="Schema" selected="false" exported="false" />
      </Item>
      <Item id="tcm:80-1320-4" title="Home" itemType="StructureGroup" blueprintStatus="SharedItem" selected="false" exported="true">
        <Item id="tcm:80-1341-4" title="_System" itemType="StructureGroup" blueprintStatus="LocalItem" selected="true" exported="true">
          <Item id="tcm:80-1344-4" title="include" itemType="StructureGroup" blueprintStatus="LocalItem" selected="true" exported="true" />
        </Item>
      </Item>
      <Item id="3ffa71a15a1b4484ab22fec48bcb16e3" title="Task%20Process" extension="tpd" itemType="ProcessDefinition" selected="false" exported="false" />
    </Item>
    <Item id="tcm:0-81-1" title="110%20DXA%20Site%20Type" itemType="Publication" selected="false" exported="true">
      <ApplicationIds>
        <ApplicationId>SiteEdit</ApplicationId>
      </ApplicationIds>
      <Item id="tcm:81-1317-2" title="Building%20Blocks" itemType="Folder" blueprintStatus="SharedItem" selected="false" exported="true">
        <Item id="tcm:81-1351-2" title="Content" itemType="Folder" blueprintStatus="LocalizedItem" selected="true" exported="true">
          <Item id="e7f5a527b21f4131936b6f27f7c89ebf" title="Articles" itemType="Folder" selected="false" exported="false" />
          <Item id="tcm:81-1399-2" title="E-Commerce" itemType="Folder" blueprintStatus="LocalItem" selected="true" exported="true">
            <Item id="tcm:81-1403-2" title="Category" itemType="Folder" blueprintStatus="LocalItem" selected="true" exported="true" />
            <Item id="tcm:81-1401-2" title="Images" itemType="Folder" blueprintStatus="LocalItem" selected="true" exported="true" />
          </Item>
          <Item id="tcm:81-1368-2" title="Images" itemType="Folder" blueprintStatus="LocalItem" selected="false" exported="true" />
          <Item id="tcm:81-1360-2" title="Video" itemType="Folder" blueprintStatus="LocalItem" selected="false" exported="true" />
          <Item id="e93ad55d3cd64bdf84d74f33d704bc4c" title="_Cloneable%20Content" itemType="Folder" selected="false" exported="false">
            <Item id="64e5be3c2a6e41149fb08a2fe62c36a2" title="Article" extension="xml" itemType="Component" selected="false" exported="false" />
            <Item id="cd3740845fbf465bb277db30667f2db8" title="Content%20List" extension="xml" itemType="Component" selected="false" exported="false" />
            <Item id="7b8381886ff34b978f5526bc2a896bfd" title="Content%20Query" extension="xml" itemType="Component" selected="false" exported="false" />
            <Item id="ba289c7b78dc4acfa57374074fb53474" title="Image%20List" extension="xml" itemType="Component" selected="false" exported="false" />
            <Item id="25a98fa780e74184aacd2cc1dee7dabc" title="Large%20Image" extension="jpg" itemType="Component" selected="false" exported="false" />
            <Item id="30bb0ca9630945d48315067176602597" title="News%20Article" extension="xml" itemType="Component" selected="false" exported="false" />
            <Item id="0b74fd9b9e6d4462a6d3e074fc3fbe09" title="Place" extension="xml" itemType="Component" selected="false" exported="false" />
            <Item id="6fc326e01e694a05b0394ee9f5c6c26e" title="YouTube%20Video" extension="jpg" itemType="Component" selected="false" exported="false" />
          </Item>
          <Item id="tcm:81-1359-2" title="_Structure" itemType="Folder" blueprintStatus="LocalItem" selected="false" exported="true">
            <Item id="tcm:81-1361-2" title="Header" itemType="Folder" blueprintStatus="LocalItem" selected="false" exported="true">
              <Item id="tcm:81-5298" title="Old%20Browser%20bar" extension="xml" itemType="Component" blueprintStatus="LocalItem" selected="false" exported="true" />
            </Item>
            <Item id="tcm:81-1402-2" title="MegaNavigation" itemType="Folder" blueprintStatus="LocalItem" selected="false" exported="true" />
          </Item>
        </Item>
        <Item id="46df63e657fd4b199e0bbab2eefc8556" title="Default%20Templates" itemType="Folder" selected="false" exported="false">
          <Item id="9825cf87d0384517b4bdda4b6d73485c" title="Default%20Component%20Template" extension="tctcmp" itemType="ComponentTemplate" selected="false" exported="false" />
          <Item id="d1e6e75f76e14f6283bd2b936932a7dd" title="Default%20Dreamweaver%20Page%20Design" extension="dwt" itemType="TemplateBuildingBlock" selected="false" exported="false" />
        </Item>
        <Item id="1a5d513828c346c5b6efb9988bf98889" title="Modules" itemType="Folder" selected="false" exported="false">
          <Item id="4a4d2e1448cc4dd7af800f3882d2cb57" title="Core" itemType="Folder" selected="false" exported="false">
            <Item id="1ab09896aca24237bf16ce8088fe428c" title="Editor" itemType="Folder" selected="false" exported="false">
              <Item id="1cbc15f744a84e079a35bebd3bed6dbb" title="Schemas" itemType="Folder" selected="false" exported="false">
                <Item id="d5c05d8fae9f4c0381e2396131513d8f" title="Image" extension="xsd" itemType="Schema" selected="false" exported="false" />
                <Item id="fe427a3b70234cf680cbc0dd590eb49a" title="YouTube%20Video" extension="xsd" itemType="Schema" selected="false" exported="false" />
              </Item>
              <Item id="95951dd98ed84dadae48e5fa5982177a" title="Templates" itemType="Folder" selected="false" exported="false">
                <Item id="43f41ce2dd9a4b5ea1908b964f34d05f" title="Accordion" extension="tctcmp" itemType="ComponentTemplate" selected="false" exported="false" />
                <Item id="7ec6b7f8412f437d842bd61923ab7f55" title="Article" extension="tctcmp" itemType="ComponentTemplate" selected="false" exported="false" />
                <Item id="e9f0bae067b64fe0a8448eb2eebe83ec" title="Content%20Page%20Without%20Navigation" extension="tptcmp" itemType="PageTemplate" selected="false" exported="false" />
                <Item id="5cf4d4eb4b184c5ba2482758245ce24b" title="Content%20Page" extension="tptcmp" itemType="PageTemplate" selected="false" exported="false" />
                <Item id="cb7377da54cc483e8fdebcac662b44ea" title="Download" extension="tctcmp" itemType="ComponentTemplate" selected="false" exported="false" />
                <Item id="695c462e4f5442b19ab62e8acef41723" title="Home%20Page" extension="tptcmp" itemType="PageTemplate" selected="false" exported="false" />
                <Item id="0466bca0bac941f2bafb3219ec922182" title="Paged%20List" extension="tctcmp" itemType="ComponentTemplate" selected="false" exported="false" />
                <Item id="dd67e29ee8a443bb849881d5dae32bf9" title="Place" extension="tctcmp" itemType="ComponentTemplate" selected="false" exported="false" />
                <Item id="3b341f60eabf43fea60235544fa1feb4" title="Redirect%20Page" extension="tptcmp" itemType="PageTemplate" selected="false" exported="false" />
                <Item id="9672b0d1373c4b3cba34c28d8ddb2145" title="Section%20Page" extension="tptcmp" itemType="PageTemplate" selected="false" exported="false" />
                <Item id="4a5b464c72b14fd3b3cac10bf39acb95" title="Thumbnail%20List" extension="tctcmp" itemType="ComponentTemplate" selected="false" exported="false" />
                <Item id="51cc385c30624365b280199d48da0baf" title="YouTube%20Video" extension="tctcmp" itemType="ComponentTemplate" selected="false" exported="false" />
              </Item>
            </Item>
            <Item id="6f484673aa0148e19182a312838a1689" title="Site%20Manager" itemType="Folder" selected="false" exported="false">
              <Item id="2da49b5f06784a1dad9fb5533d5a1bf8" title="Schemas" itemType="Folder" selected="false" exported="false">
                <Item id="ad93219c32354dfe8099846afdd1db07" title="Notification%20Bar" extension="xsd" itemType="Schema" selected="false" exported="false" />
              </Item>
            </Item>
          </Item>
        </Item>
        <Item id="698d6e49738e4aeca8e3baad7c5ca3d7" title="Default%20Multimedia%20Schema" extension="xsd" itemType="Schema" selected="false" exported="false" />
      </Item>
      <Item id="491b41fefeb145caa0b74a737aeccb46" title="Task%20Process" extension="tpd" itemType="ProcessDefinition" selected="false" exported="false" />
    </Item>
    <Item id="tcm:0-82-1" title="200%20Example%20Content" itemType="Publication" selected="true" exported="true">
      <Item id="tcm:82-1317-2" title="Building%20Blocks" itemType="Folder" blueprintStatus="SharedItem" selected="true" exported="true">
        <Item id="tcm:82-1351-2" title="Content" itemType="Folder" blueprintStatus="SharedItem" selected="true" exported="true">
          <Item id="tcm:82-1372-2" title="About" itemType="Folder" blueprintStatus="LocalItem" selected="false" exported="true">
            <Item id="tcm:82-5316" title="Company%20Information" extension="xml" itemType="Component" blueprintStatus="LocalItem" selected="false" exported="true" />
            <Item id="tcm:82-5313" title="Contact%20Tab%20Content" extension="xml" itemType="Component" blueprintStatus="LocalItem" selected="false" exported="true" />
            <Item id="tcm:82-5342" title="Privacy%20Policy" extension="xml" itemType="Component" blueprintStatus="LocalItem" selected="false" exported="true" />
          </Item>
          <Item id="tcm:82-1399-2" title="E-Commerce" itemType="Folder" blueprintStatus="SharedItem" selected="true" exported="true">
            <Item id="tcm:82-1403-2" title="Category" itemType="Folder" blueprintStatus="SharedItem" selected="true" exported="true">
              <Item id="tcm:82-5470" title="Hoodies%20Lister" extension="xml" itemType="Component" blueprintStatus="LocalItem" selected="true" exported="true" />
            </Item>
            <Item id="tcm:82-1415-2" title="Headers" itemType="Folder" blueprintStatus="LocalItem" selected="true" exported="true">
              <Item id="tcm:82-5472" title="Hoodies%20Header" extension="xml" itemType="Component" blueprintStatus="LocalItem" selected="true" exported="true" />
            </Item>
            <Item id="tcm:82-1401-2" title="Images" itemType="Folder" blueprintStatus="SharedItem" selected="true" exported="true">
              <Item id="tcm:82-5471" title="Hoodies%20Banner" extension="jpg" itemType="Component" subtype="1" blueprintStatus="LocalItem" selected="true" exported="true" />
            </Item>
            <Item id="tcm:82-1407-2" title="Mega%20Navigation" itemType="Folder" blueprintStatus="LocalItem" selected="true" exported="true">
              <Item id="tcm:82-1412-2" title="Fredhopper" itemType="Folder" blueprintStatus="LocalItem" selected="true" exported="true">
                <Item id="tcm:82-5460" title="Beauty%20Section" extension="xml" itemType="Component" blueprintStatus="LocalItem" selected="true" exported="true" />
                <Item id="tcm:82-5463" title="Gifts%20Section" extension="xml" itemType="Component" blueprintStatus="LocalItem" selected="true" exported="true" />
                <Item id="tcm:82-5458" title="Home%20%26%20Electricals%20Section" extension="xml" itemType="Component" blueprintStatus="LocalItem" selected="true" exported="true" />
                <Item id="tcm:82-5461" title="Kids%20Section" extension="xml" itemType="Component" blueprintStatus="LocalItem" selected="true" exported="true" />
                <Item id="tcm:82-5459" title="Men%20Section" extension="xml" itemType="Component" blueprintStatus="LocalItem" selected="true" exported="true" />
                <Item id="tcm:82-5457" title="Sport%20%26%20Leisure%20Section" extension="xml" itemType="Component" blueprintStatus="LocalItem" selected="true" exported="true" />
                <Item id="tcm:82-5462" title="Women%20Section" extension="xml" itemType="Component" blueprintStatus="LocalItem" selected="true" exported="true" />
              </Item>
            </Item>
          </Item>
          <Item id="tcm:82-1376-2" title="Homepage" itemType="Folder" blueprintStatus="LocalItem" selected="false" exported="true">
            <Item id="tcm:82-5339" title="Homepage%20Welcome" extension="xml" itemType="Component" blueprintStatus="LocalItem" selected="false" exported="true" />
          </Item>
          <Item id="tcm:82-1368-2" title="Images" itemType="Folder" blueprintStatus="SharedItem" selected="false" exported="true">
            <Item id="tcm:82-1373-2" title="Large" itemType="Folder" blueprintStatus="LocalItem" selected="false" exported="true">
              <Item id="tcm:82-5315" title="planes" extension="jpg" itemType="Component" subtype="1" blueprintStatus="LocalItem" selected="false" exported="true" />
            </Item>
          </Item>
          <Item id="tcm:82-1360-2" title="Video" itemType="Folder" blueprintStatus="SharedItem" selected="false" exported="true">
            <Item id="tcm:82-5314" title="Company%20News%20Media%20Manager%20Video" extension="png" itemType="Component" subtype="1" blueprintStatus="LocalItem" selected="false" exported="true" />
          </Item>
          <Item id="3ffd4c6ed07e41d4b740cb8d8743584d" title="_Structure" itemType="Folder" selected="false" exported="false">
            <Item id="tcm:82-1361-2" title="Header" itemType="Folder" blueprintStatus="SharedItem" selected="false" exported="true">
              <Item id="tcm:82-5332" title="Company%20Logo%20540%20px" extension="png" itemType="Component" subtype="1" blueprintStatus="LocalItem" selected="false" exported="true" />
            </Item>
            <Item id="tcm:82-1402-2" title="MegaNavigation" itemType="Folder" blueprintStatus="SharedItem" selected="false" exported="true">
              <Item id="tcm:82-5429" title="Home%20Section" extension="xml" itemType="Component" blueprintStatus="LocalItem" selected="false" exported="true" />
            </Item>
          </Item>
        </Item>
        <Item id="de9f625544b1462fbed43be8e870995b" title="Default%20Templates" itemType="Folder" selected="false" exported="false">
          <Item id="1f9687767be34852a5a42d76bcae9be1" title="Default%20Component%20Template" extension="tctcmp" itemType="ComponentTemplate" selected="false" exported="false" />
          <Item id="7a8d0c1f4b5b4686996ba96785965b8a" title="Default%20Dreamweaver%20Page%20Design" extension="dwt" itemType="TemplateBuildingBlock" selected="false" exported="false" />
          <Item id="effe84031e664b448b3de2eac86335fa" title="Default%20Page%20Template" extension="tptcmp" itemType="PageTemplate" selected="false" exported="false" />
        </Item>
        <Item id="02533dd54f8f468f90f4283abe310a25" title="Modules" itemType="Folder" selected="false" exported="false">
          <Item id="bb026966744443558dc7be1ce7a8fe90" title="Core" itemType="Folder" selected="false" exported="false">
            <Item id="f5efb5d77d074dcfb461f52f453b59b8" title="Editor" itemType="Folder" selected="false" exported="false">
              <Item id="af1e22068cee4ae2b0ef922b96082ed5" title="Schemas" itemType="Folder" selected="false" exported="false">
                <Item id="61b36e6a2ce543d18430efc43bd33c30" title="Article" extension="xsd" itemType="Schema" selected="false" exported="false" />
                <Item id="e0ba7153cef149a187c023bdb9d69929" title="Image" extension="xsd" itemType="Schema" selected="false" exported="false" />
                <Item id="ffa8780aa03149078102bba8dc9cf346" title="Item%20List" extension="xsd" itemType="Schema" selected="false" exported="false" />
                <Item id="c0bf21506f4548b3b76d6af80e1d1ded" title="YouTube%20Video" extension="xsd" itemType="Schema" selected="false" exported="false" />
              </Item>
            </Item>
          </Item>
          <Item id="02ba9ce5289e49a48bea868d4849534f" title="E-Commerce" itemType="Folder" selected="false" exported="false">
            <Item id="f69db7c49bc846179cf56439ca84dc2b" title="Editor" itemType="Folder" selected="false" exported="false">
              <Item id="b37e29430c044fefa5afae9a6bd5b2cd" title="Schemas" itemType="Folder" selected="false" exported="false">
                <Item id="77d30e16fde843248e63940221400635" title="ECommerce%20-%20Facets%20Widget" extension="xsd" itemType="Schema" selected="false" exported="false" />
                <Item id="5059e490bb224d3e81f8b3407bbc5e99" title="ECommerce%20-%20Product%20Lister%20Widget" extension="xsd" itemType="Schema" selected="false" exported="false" />
              </Item>
            </Item>
          </Item>
          <Item id="d60d3e63e8e94ab9b26f333a9e86adaf" title="Navigation" itemType="Folder" selected="false" exported="false">
            <Item id="578bfaf3465d4d70ac1ece8cee71454a" title="Site%20Manager" itemType="Folder" selected="false" exported="false">
              <Item id="93de06b6048a45499644d1c5001a5ceb" title="Schemas" itemType="Folder" selected="false" exported="false">
                <Item id="6584f37ad9004e268276a4cf299f1949" title="Navigation%20Section" extension="xsd" itemType="Schema" selected="false" exported="false" />
              </Item>
            </Item>
          </Item>
        </Item>
        <Item id="a22af565be62456097d4b03e0ec78e05" title="Default%20Multimedia%20Schema" extension="xsd" itemType="Schema" selected="false" exported="false" />
      </Item>
      <Item id="d37f9e4eb6be4127a23800b087db67dc" title="Task%20Process" extension="tpd" itemType="ProcessDefinition" selected="false" exported="false" />
    </Item>
    <Item id="tcm:0-83-1" title="400%20Example%20Site" itemType="Publication" selected="true" exported="true">
      <ApplicationIds>
        <ApplicationId>SiteEdit</ApplicationId>
      </ApplicationIds>
      <Item id="f158e88e039f4adc80925055f4914b77" title="Building%20Blocks" itemType="Folder" selected="false" exported="false">
        <Item id="5affe7fad560463da2fb9fc31c8e9eb7" title="Content" itemType="Folder" selected="false" exported="false">
          <Item id="81d72f4c27bd4bcb82f22a4b44a289ec" title="About" itemType="Folder" selected="false" exported="false">
            <Item id="tcm:83-5316" title="Company%20Information" extension="xml" itemType="Component" blueprintStatus="SharedItem" selected="false" exported="true" />
            <Item id="tcm:83-5313" title="Contact%20Tab%20Content" extension="xml" itemType="Component" blueprintStatus="SharedItem" selected="false" exported="true" />
            <Item id="tcm:83-5342" title="Privacy%20Policy" extension="xml" itemType="Component" blueprintStatus="SharedItem" selected="false" exported="true" />
          </Item>
          <Item id="85d49292c99e45c5aba8a89785c7caeb" title="E-Commerce" itemType="Folder" selected="false" exported="false">
            <Item id="d48096ef998b4778a752a4d8b8467095" title="Category" itemType="Folder" selected="false" exported="false">
              <Item id="tcm:83-5470" title="Hoodies%20Lister" extension="xml" itemType="Component" blueprintStatus="SharedItem" selected="false" exported="true" />
            </Item>
            <Item id="112acfeea1ef42c99848cd1d662ae62b" title="Headers" itemType="Folder" selected="false" exported="false">
              <Item id="tcm:83-5472" title="Hoodies%20Header" extension="xml" itemType="Component" blueprintStatus="SharedItem" selected="false" exported="true" />
            </Item>
            <Item id="e5b7cec233e840d080b19e7198684a21" title="Mega%20Navigation" itemType="Folder" selected="false" exported="false">
              <Item id="c323ad677c124da18ee381dc6aeaa5c8" title="Fredhopper" itemType="Folder" selected="false" exported="false">
                <Item id="tcm:83-5460" title="Beauty%20Section" extension="xml" itemType="Component" blueprintStatus="SharedItem" selected="false" exported="true" />
                <Item id="tcm:83-5461" title="Kids%20Section" extension="xml" itemType="Component" blueprintStatus="SharedItem" selected="false" exported="true" />
                <Item id="tcm:83-5459" title="Men%20Section" extension="xml" itemType="Component" blueprintStatus="SharedItem" selected="false" exported="true" />
                <Item id="tcm:83-5457" title="Sport%20%26%20Leisure%20Section" extension="xml" itemType="Component" blueprintStatus="SharedItem" selected="false" exported="true" />
                <Item id="tcm:83-5462" title="Women%20Section" extension="xml" itemType="Component" blueprintStatus="SharedItem" selected="false" exported="true" />
              </Item>
            </Item>
          </Item>
          <Item id="2c9fc766d8ce424aa0aa9dff8c5fea95" title="Homepage" itemType="Folder" selected="false" exported="false">
            <Item id="tcm:83-5339" title="Homepage%20Welcome" extension="xml" itemType="Component" blueprintStatus="SharedItem" selected="false" exported="true" />
          </Item>
          <Item id="a90a8c123a04493f9c56b7e4bfda9cb6" title="_Structure" itemType="Folder" selected="false" exported="false">
            <Item id="tcm:83-1361-2" title="Header" itemType="Folder" blueprintStatus="SharedItem" selected="false" exported="true">
              <Item id="tcm:83-5332" title="Company%20Logo%20540%20px" extension="png" itemType="Component" subtype="1" blueprintStatus="SharedItem" selected="false" exported="true" />
              <Item id="tcm:83-5355" title="Cookie%20bar" extension="xml" itemType="Component" blueprintStatus="LocalItem" selected="false" exported="true" />
              <Item id="tcm:83-5357" title="Header%20Links" extension="xml" itemType="Component" blueprintStatus="LocalItem" selected="false" exported="true" />
              <Item id="tcm:83-5356" title="Header" extension="xml" itemType="Component" blueprintStatus="LocalItem" selected="false" exported="true" />
              <Item id="tcm:83-5298" title="Old%20Browser%20bar" extension="xml" itemType="Component" blueprintStatus="SharedItem" selected="false" exported="true" />
            </Item>
            <Item id="4ba5532be382425e84eb048d4ca92efa" title="MegaNavigation" itemType="Folder" selected="false" exported="false">
              <Item id="tcm:83-5429" title="Home%20Section" extension="xml" itemType="Component" blueprintStatus="SharedItem" selected="false" exported="true" />
            </Item>
          </Item>
        </Item>
        <Item id="300ed74f672747649245bcc2644a3605" title="Default%20Templates" itemType="Folder" selected="false" exported="false">
          <Item id="58d05b74224e4910b4dc2eb512d265b0" title="Default%20Component%20Template" extension="tctcmp" itemType="ComponentTemplate" selected="false" exported="false" />
          <Item id="9d6fa19bfc7848f39a405ed61e02417e" title="Default%20Dreamweaver%20Page%20Design" extension="dwt" itemType="TemplateBuildingBlock" selected="false" exported="false" />
        </Item>
        <Item id="ff0bb55f53f04ebb81b2b121d3c955fc" title="Framework" itemType="Folder" selected="false" exported="false">
          <Item id="c7eb9a6a331749bfbf28e26961a0fa3f" title="Site%20Manager" itemType="Folder" selected="false" exported="false">
            <Item id="3889e61a95ad413982816a7eba77d666" title="Schemas" itemType="Folder" selected="false" exported="false">
              <Item id="08225ace1e994fd1b04a920dd44d38d1" title="Publication%20Metadata" extension="xsd" itemType="Schema" selected="false" exported="false" />
            </Item>
          </Item>
        </Item>
        <Item id="7b0639ce2a78429a83570fdab8c181b7" title="Modules" itemType="Folder" selected="false" exported="false">
          <Item id="4f7dd54144f14cd19ac1425d94467661" title="Core" itemType="Folder" selected="false" exported="false">
            <Item id="f22e4aa7436d451fa7adda9c12ca544d" title="Editor" itemType="Folder" selected="false" exported="false">
              <Item id="37b85b52186c4fa7a64362d46b1edaac" title="Schemas" itemType="Folder" selected="false" exported="false">
                <Item id="fa8af3eada8c4445b27bdb3980a5a93a" title="Link%20List" extension="xsd" itemType="Schema" selected="false" exported="false" />
                <Item id="172836aa6ddf42ba910e616893945c41" title="Teaser" extension="xsd" itemType="Schema" selected="false" exported="false" />
              </Item>
              <Item id="ce5dbc65334d43adb215df632b037ea3" title="Templates" itemType="Folder" selected="false" exported="false">
                <Item id="ffe48c4041f54190b2e72ea1532f733a" title="Article" extension="tctcmp" itemType="ComponentTemplate" selected="false" exported="false" />
                <Item id="0811925c5657407ea9b87aac2eb65945" title="Content%20Page" extension="tptcmp" itemType="PageTemplate" selected="false" exported="false" />
                <Item id="3e640b0ae54c4d0b9df8c575072d262c" title="Section%20Page" extension="tptcmp" itemType="PageTemplate" selected="false" exported="false" />
              </Item>
            </Item>
            <Item id="ffc3ad71cd4f4840893e9c3965827f86" title="Site%20Manager" itemType="Folder" selected="false" exported="false">
              <Item id="7fa19d9f8c3b4e17b4396c57fbb8c086" title="Schemas" itemType="Folder" selected="false" exported="false">
                <Item id="d26cb93551f54e539958f024ad1b8833" title="Notification%20Bar" extension="xsd" itemType="Schema" selected="false" exported="false" />
              </Item>
              <Item id="d72b9ab877e34e2a8fa5f628cfabb18e" title="Templates" itemType="Folder" selected="false" exported="false">
                <Item id="726d581d4a184848b96eeefbbc92b457" title="Cookie%20Notification%20Bar%20%5BInfo%5D" extension="tctcmp" itemType="ComponentTemplate" selected="false" exported="false" />
                <Item id="1adf8db8e4f8430d8beab8fef1fc0b37" title="Header%20Links%20%5BNav%5D" extension="tctcmp" itemType="ComponentTemplate" selected="false" exported="false" />
                <Item id="8add307194674084ba1338a5bba77b61" title="Header%20Logo%20%5BLogo%5D" extension="tctcmp" itemType="ComponentTemplate" selected="false" exported="false" />
                <Item id="4818c507d1154874ba71167e49496acc" title="Language%20Selector%20%5BNav%5D" extension="tctcmp" itemType="ComponentTemplate" selected="false" exported="false" />
                <Item id="f7eaf3e010e6437590e359cfb526989b" title="Old%20Browser%20Notification%20Bar%20%5BInfo%5D" extension="tctcmp" itemType="ComponentTemplate" selected="false" exported="false" />
              </Item>
            </Item>
          </Item>
          <Item id="a24e9c45bc1a40c3b9ddf94eb0d15515" title="E-Commerce" itemType="Folder" selected="false" exported="false">
            <Item id="082e8dca523a4ba8b8f8a68bcb6e9011" title="Editor" itemType="Folder" selected="false" exported="false">
              <Item id="f4f68cbb40594b10a5d5bf995d18710a" title="Default%20Templates" itemType="Folder" selected="false" exported="false">
                <Item id="ef130d49428b4b1c82dacabcef9e850c" title="Cart%20%5BNav%5D" extension="tctcmp" itemType="ComponentTemplate" selected="false" exported="false" />
                <Item id="1ab7796e52b94f82ba9c282726db4968" title="Facets%20Widget%20%5BMegaNavigation%5D" extension="tctcmp" itemType="ComponentTemplate" selected="false" exported="false" />
                <Item id="f96babd245a9486588258cedbc8a4703" title="Product%20Lister%20Widget" extension="tctcmp" itemType="ComponentTemplate" selected="false" exported="false" />
                <Item id="a1ddc12e0d7b435db7c60d91e15dc56d" title="Search%20Box%20%5BNav%5D" extension="tctcmp" itemType="ComponentTemplate" selected="false" exported="false" />
              </Item>
            </Item>
            <Item id="a7119d759830442e836a200fde1b7ba6" title="Site%20Manager" itemType="Folder" selected="false" exported="false">
              <Item id="01424d0c1209410281d149361ace3705" title="Default%20Widgets" itemType="Folder" selected="false" exported="false">
                <Item id="tcm:83-5390" title="Cart" extension="xml" itemType="Component" blueprintStatus="SharedItem" selected="false" exported="true" />
                <Item id="tcm:83-5409" title="Search%20Box" extension="xml" itemType="Component" blueprintStatus="SharedItem" selected="false" exported="true" />
              </Item>
            </Item>
          </Item>
          <Item id="037b20d257854cf29b38bd2045f72f0c" title="Navigation" itemType="Folder" selected="false" exported="false">
            <Item id="76e20fa0008e4d25bab585a7eb23faeb" title="Site%20Manager" itemType="Folder" selected="false" exported="false">
              <Item id="8c32b9ac1b4e44b79821b6589d1b73aa" title="Templates" itemType="Folder" selected="false" exported="false">
                <Item id="5e139f12994e455ea1e40f7c0b9f8151" title="Navigation%20Section%20%5BMegaNavigation%5D" extension="tctcmp" itemType="ComponentTemplate" selected="false" exported="false" />
              </Item>
            </Item>
          </Item>
        </Item>
        <Item id="6016ac6dac994f198e4319f17aefa503" title="Settings" itemType="Folder" selected="false" exported="false">
          <Item id="b71e58c574f440129d15b9de4d1a6909" title="Core" itemType="Folder" selected="false" exported="false">
            <Item id="9d3c74b886aa4e4e8b35e16161e3f8e4" title="Site%20Manager" itemType="Folder" selected="false" exported="false">
              <Item id="tcm:83-5181" title="Language%20Selector%20Configuration" extension="xml" itemType="Component" blueprintStatus="SharedItem" selected="false" exported="true" />
            </Item>
          </Item>
        </Item>
        <Item id="bb72baa84adb4e13be343ab686579d07" title="Default%20Multimedia%20Schema" extension="xsd" itemType="Schema" selected="false" exported="false" />
      </Item>
      <Item id="tcm:83-1320-4" title="Home" itemType="StructureGroup" blueprintStatus="SharedItem" selected="true" exported="true">
        <Item id="tcm:83-1341-4" title="_System" itemType="StructureGroup" blueprintStatus="SharedItem" selected="true" exported="true">
          <Item id="tcm:83-1344-4" title="include" itemType="StructureGroup" blueprintStatus="SharedItem" selected="true" exported="true">
            <Item id="tcm:83-5299-64" title="Header" extension="tpg" itemType="Page" blueprintStatus="LocalizedItem" selected="true" exported="true" />
          </Item>
        </Item>
        <Item id="tcm:83-5473-64" title="Hoodies%20Landing%20Page" extension="tpg" itemType="Page" blueprintStatus="LocalItem" selected="true" exported="true" />
      </Item>
      <Item id="d51f760687d9418aa661d501d8d35ff8" title="Task%20Process" extension="tpd" itemType="ProcessDefinition" selected="false" exported="false" />
    </Item>
    <Item id="tcm:0-2-65544" title="Jpeg%20image" extension="tmt" itemType="MultimediaType" selected="false" exported="true" />
    <Item id="tcm:0-3-65544" title="Png%20image" extension="tmt" itemType="MultimediaType" selected="false" exported="true" />
  </Item>
</Index>