<PackageItem xmlns:tcm="http://www.tridion.com/ContentManager/5.0" xmlns:xlink="http://www.w3.org/1999/xlink" xmlns="http://www.sdltridion.com/ContentManager/ImportExport/Package/2013">
  <Data>
    <tcm:Data>
      <tcm:Title>Search Feedback</tcm:Title>
      <tcm:Type>Normal</tcm:Type>
      <tcm:Schema xlink:type="simple" xlink:title="ECommerce - Search Feedback" xlink:href="/webdav/200%20Example%20Content/Building%20Blocks/Modules/E-Commerce/Editor/Schemas/ECommerce%20-%20Search%20Feedback.xsd" IsMandatory="false" />
      <tcm:Content>
        <SearchFeedback xmlns="uuid:952442c8-e591-45be-8227-67906853c80f">
          <spellCheckLabel>Did you mean this instead?</spellCheckLabel>
        </SearchFeedback>
      </tcm:Content>
      <tcm:Metadata />
      <tcm:IsBasedOnTridionWebSchema>true</tcm:IsBasedOnTridionWebSchema>
      <tcm:MultimediaType xlink:type="simple" xlink:title="" xlink:href="tcm:0-0-0" />
    </tcm:Data>
  </Data>
  <Dependencies>
    <Dependency dependencyType="Publication" itemUrl="/webdav/200%20Example%20Content" linkName="LocationInfo/ContextRepository" />
    <Dependency dependencyType="OrganizationalItemFolder" itemUrl="/webdav/200%20Example%20Content/Building%20Blocks/Content/E-Commerce/Widgets" linkName="LocationInfo/OrganizationalItem" />
    <Dependency dependencyType="Schema" itemUrl="/webdav/200%20Example%20Content/Building%20Blocks/Modules/E-Commerce/Editor/Schemas/ECommerce%20-%20Search%20Feedback.xsd" linkName="Schema" />
  </Dependencies>
</PackageItem>