<Index dataContractVersion="2013" xmlns="http://www.sdltridion.com/ContentManager/ImportExport/Package/2013">
  <Item id="tcm:0-0-0" selected="false" exported="true">
    <ApplicationIds>
      <ApplicationId>http://www.sdl.com/tridion/SemanticMapping/vocabularies</ApplicationId>
    </ApplicationIds>
    <Item id="tcm:0-17-1" title="000%20Empty" itemType="Publication" selected="false" exported="true">
      <Item id="tcm:17-136-2" title="Building%20Blocks" itemType="Folder" blueprintStatus="LocalItem" selected="true" exported="true">
        <Item id="tcm:17-137-2" title="Default%20Templates" itemType="Folder" blueprintStatus="LocalItem" selected="false" exported="true">
          <Item id="tcm:17-622-2048" title="Cleanup%20Template" extension="tbbcs" itemType="TemplateBuildingBlock" blueprintStatus="LocalItem" selected="false" exported="true" />
          <Item id="tcm:17-628-2048" title="Convert%20Xml%20to%20Html" extension="tbbcs" itemType="TemplateBuildingBlock" blueprintStatus="LocalItem" selected="false" exported="true" />
          <Item id="tcm:17-627-8" title="Convert%20Xml%20to%20Html" extension="xsd" itemType="Schema" subtype="6" blueprintStatus="LocalItem" selected="false" exported="true" />
          <Item id="tcm:17-646-32" title="Default%20Component%20Template" extension="tctcmp" itemType="ComponentTemplate" blueprintStatus="LocalItem" selected="false" exported="true" />
          <Item id="tcm:17-640-2048" title="Default%20Dreamweaver%20Component%20Design" extension="dwt" itemType="TemplateBuildingBlock" blueprintStatus="LocalItem" selected="false" exported="true" />
          <Item id="tcm:17-641-2048" title="Default%20Dreamweaver%20Page%20Design" extension="dwt" itemType="TemplateBuildingBlock" blueprintStatus="LocalItem" selected="false" exported="true" />
          <Item id="tcm:17-644-2048" title="Default%20Finish%20Actions" extension="tbbcmp" itemType="TemplateBuildingBlock" blueprintStatus="LocalItem" selected="false" exported="true" />
          <Item id="tcm:17-643-8" title="Default%20Finish%20Actions" extension="xsd" itemType="Schema" subtype="6" blueprintStatus="LocalItem" selected="false" exported="true" />
          <Item id="tcm:17-645-128" title="Default%20Page%20Template" extension="tptcmp" itemType="PageTemplate" blueprintStatus="LocalItem" selected="false" exported="true" />
          <Item id="tcm:17-639-8" title="Dreamweaver%20Region%20Selection" extension="xsd" itemType="Schema" subtype="6" blueprintStatus="LocalItem" selected="false" exported="true" />
          <Item id="tcm:17-631-2048" title="Extract%20Components%20from%20Page" extension="tbbcs" itemType="TemplateBuildingBlock" blueprintStatus="LocalItem" selected="false" exported="true" />
          <Item id="tcm:17-635-2048" title="Link%20Resolver" extension="tbbcs" itemType="TemplateBuildingBlock" blueprintStatus="LocalItem" selected="false" exported="true" />
          <Item id="tcm:17-634-8" title="Link%20Resolver" extension="xsd" itemType="Schema" subtype="6" blueprintStatus="LocalItem" selected="false" exported="true" />
          <Item id="tcm:17-637-2048" title="Publish%20Binaries%20in%20Package" extension="tbbcs" itemType="TemplateBuildingBlock" blueprintStatus="LocalItem" selected="false" exported="true" />
          <Item id="tcm:17-636-8" title="Publish%20Binaries%20in%20Package" extension="xsd" itemType="Schema" subtype="6" blueprintStatus="LocalItem" selected="false" exported="true" />
          <Item id="tcm:17-638-2048" title="Target%20Group%20Personalization" extension="tbbcs" itemType="TemplateBuildingBlock" blueprintStatus="LocalItem" selected="false" exported="true" />
          <Item id="tcm:17-657-2048" title="Tridion%2EExtensions%2EContextExpressions%2ETemplates" extension="tbbasm" itemType="TemplateBuildingBlock" blueprintStatus="LocalItem" selected="false" exported="true" />
        </Item>
        <Item id="tcm:17-620-8" title="Default%20Multimedia%20Schema" extension="xsd" itemType="Schema" subtype="1" blueprintStatus="LocalItem" selected="false" exported="true" />
      </Item>
      <Item id="tcm:17-139-4" title="Home" itemType="StructureGroup" blueprintStatus="LocalItem" selected="true" exported="true" />
      <Item id="tcm:17-4-131074" title="Task%20Process" extension="tpd" itemType="ProcessDefinition" blueprintStatus="LocalItem" selected="false" exported="true" />
    </Item>
    <Item id="tcm:0-18-1" title="100%20Master" itemType="Publication" selected="false" exported="true">
      <Item id="tcm:18-136-2" title="Building%20Blocks" itemType="Folder" blueprintStatus="SharedItem" selected="false" exported="true">
        <Item id="376a1b73efd54512b21e087cb8dba1cd" title="Default%20Templates" itemType="Folder" selected="false" exported="false">
          <Item id="tcm:18-646-32" title="Default%20Component%20Template" extension="tctcmp" itemType="ComponentTemplate" blueprintStatus="SharedItem" selected="false" exported="true" />
          <Item id="tcm:18-641-2048" title="Default%20Dreamweaver%20Page%20Design" extension="dwt" itemType="TemplateBuildingBlock" blueprintStatus="SharedItem" selected="false" exported="true" />
          <Item id="tcm:18-645-128" title="Default%20Page%20Template" extension="tptcmp" itemType="PageTemplate" blueprintStatus="SharedItem" selected="false" exported="true" />
        </Item>
        <Item id="tcm:18-140-2" title="Modules" itemType="Folder" blueprintStatus="LocalItem" selected="false" exported="true">
          <Item id="tcm:18-141-2" title="Core" itemType="Folder" blueprintStatus="LocalItem" selected="false" exported="true">
            <Item id="tcm:18-145-2" title="Developer" itemType="Folder" blueprintStatus="LocalItem" selected="false" exported="true">
              <Item id="tcm:18-146-2" title="Core%20Template%20Building%20Blocks" itemType="Folder" blueprintStatus="LocalItem" selected="false" exported="true">
                <Item id="tcm:18-151-2" title="DD4T" itemType="Folder" blueprintStatus="LocalItem" selected="false" exported="true">
                  <Item id="tcm:18-671-2048" title="DD4T%2ETemplates%2EMerged" extension="tbbasm" itemType="TemplateBuildingBlock" blueprintStatus="LocalItem" selected="false" exported="true" />
                  <Item id="tcm:18-675-2048" title="Generate%20dynamic%20component%20presentation" extension="tbbcs" itemType="TemplateBuildingBlock" blueprintStatus="LocalItem" selected="false" exported="true" />
                  <Item id="tcm:18-674-8" title="Generate%20dynamic%20component%20presentation" extension="xsd" itemType="Schema" subtype="6" blueprintStatus="LocalItem" selected="false" exported="true" />
                  <Item id="tcm:18-689-2048" title="Generate%20dynamic%20page" extension="tbbcs" itemType="TemplateBuildingBlock" blueprintStatus="LocalItem" selected="false" exported="true" />
                  <Item id="tcm:18-670-8" title="Generate%20dynamic%20page" extension="xsd" itemType="Schema" subtype="6" blueprintStatus="LocalItem" selected="false" exported="true" />
                  <Item id="tcm:18-672-2048" title="Publish%20binaries%20for%20component" extension="tbbcs" itemType="TemplateBuildingBlock" blueprintStatus="LocalItem" selected="false" exported="true" />
                  <Item id="tcm:18-669-8" title="Publish%20binaries%20for%20component" extension="xsd" itemType="Schema" subtype="6" blueprintStatus="LocalItem" selected="false" exported="true" />
                </Item>
                <Item id="tcm:18-673-2048" title="Default%20Component%20Template%20Finish%20Actions" extension="tbbcmp" itemType="TemplateBuildingBlock" blueprintStatus="LocalItem" selected="false" exported="true" />
                <Item id="tcm:18-691-2048" title="Default%20Page%20Template%20Finish%20Actions" extension="tbbcmp" itemType="TemplateBuildingBlock" blueprintStatus="LocalItem" selected="false" exported="true" />
                <Item id="tcm:18-676-2048" title="Render%20Component%20Content" extension="tbbcmp" itemType="TemplateBuildingBlock" blueprintStatus="LocalItem" selected="false" exported="true" />
                <Item id="tcm:18-683-2048" title="Render%20Component%20Presentations" extension="tbbcs" itemType="TemplateBuildingBlock" blueprintStatus="LocalItem" selected="false" exported="true" />
                <Item id="tcm:18-690-2048" title="Render%20Page%20Content" extension="tbbcmp" itemType="TemplateBuildingBlock" blueprintStatus="LocalItem" selected="false" exported="true" />
                <Item id="tcm:18-668-2048" title="Resolve%20Rich%20Text" extension="tbbcs" itemType="TemplateBuildingBlock" blueprintStatus="LocalItem" selected="false" exported="true" />
                <Item id="tcm:18-667-8" title="Resolve%20Rich%20Text" extension="xsd" itemType="Schema" subtype="6" blueprintStatus="LocalItem" selected="false" exported="true" />
                <Item id="tcm:18-664-2048" title="Sdl%2EWeb%2ETridion%2ETemplates" extension="tbbasm" itemType="TemplateBuildingBlock" blueprintStatus="LocalItem" selected="false" exported="true" />
              </Item>
              <Item id="tcm:18-149-2" title="Schemas" itemType="Folder" blueprintStatus="LocalItem" selected="false" exported="true">
                <Item id="tcm:18-157-2" title="Embedded" itemType="Folder" blueprintStatus="LocalItem" selected="false" exported="true">
                  <Item id="tcm:18-687-8" title="Region%20Metadata" extension="xsd" itemType="Schema" subtype="2" blueprintStatus="LocalItem" selected="false" exported="true" />
                </Item>
                <Item id="tcm:18-150-2" title="Metadata" itemType="Folder" blueprintStatus="LocalItem" selected="false" exported="true">
                  <Item id="tcm:18-666-8" title="Component%20Template%20Metadata" extension="xsd" itemType="Schema" subtype="3" blueprintStatus="LocalItem" selected="false" exported="true" />
                  <Item id="tcm:18-688-8" title="Page%20Template%20Metadata" extension="xsd" itemType="Schema" subtype="3" blueprintStatus="LocalItem" selected="false" exported="true" />
                </Item>
              </Item>
              <Item id="tcm:18-155-2" title="Templates" itemType="Folder" blueprintStatus="LocalItem" selected="false" exported="true">
                <Item id="tcm:18-684-128" title="JSON" extension="tptcmp" itemType="PageTemplate" blueprintStatus="LocalItem" selected="false" exported="true" />
              </Item>
            </Item>
            <Item id="tcm:18-142-2" title="Editor" itemType="Folder" blueprintStatus="LocalItem" selected="false" exported="true">
              <Item id="tcm:18-143-2" title="Schemas" itemType="Folder" blueprintStatus="LocalItem" selected="false" exported="true">
                <Item id="tcm:18-144-2" title="Embedded" itemType="Folder" blueprintStatus="LocalItem" selected="false" exported="true">
                  <Item id="tcm:18-713-8" title="Item%20List%20Element" extension="xsd" itemType="Schema" subtype="2" blueprintStatus="LocalItem" selected="false" exported="true" />
                  <Item id="tcm:18-662-8" title="Link" extension="xsd" itemType="Schema" subtype="2" blueprintStatus="LocalItem" selected="false" exported="true">
                    <ApplicationIds>
                      <ApplicationId>http://www.sdl.com/tridion/SemanticMapping/typeof</ApplicationId>
                    </ApplicationIds>
                  </Item>
                  <Item id="tcm:18-694-8" title="Paragraph" extension="xsd" itemType="Schema" subtype="2" blueprintStatus="LocalItem" selected="false" exported="true" />
                  <Item id="tcm:18-658-8" title="Standard%20Metadata" extension="xsd" itemType="Schema" subtype="2" blueprintStatus="LocalItem" selected="false" exported="true" />
                </Item>
                <Item id="tcm:18-695-8" title="Article" extension="xsd" itemType="Schema" blueprintStatus="LocalItem" selected="false" exported="true">
                  <ApplicationIds>
                    <ApplicationId>http://www.sdl.com/tridion/SemanticMapping/typeof</ApplicationId>
                  </ApplicationIds>
                </Item>
                <Item id="tcm:18-660-8" title="Image" extension="xsd" itemType="Schema" subtype="1" blueprintStatus="LocalItem" selected="false" exported="true">
                  <ApplicationIds>
                    <ApplicationId>http://www.sdl.com/tridion/SemanticMapping/typeof</ApplicationId>
                  </ApplicationIds>
                </Item>
                <Item id="tcm:18-714-8" title="Item%20List" extension="xsd" itemType="Schema" blueprintStatus="LocalItem" selected="false" exported="true" />
                <Item id="tcm:18-663-8" title="Link%20List" extension="xsd" itemType="Schema" blueprintStatus="LocalItem" selected="false" exported="true" />
                <Item id="tcm:18-696-8" title="Teaser" extension="xsd" itemType="Schema" blueprintStatus="LocalItem" selected="false" exported="true" />
                <Item id="tcm:18-725-8" title="YouTube%20Video" extension="xsd" itemType="Schema" subtype="1" blueprintStatus="LocalItem" selected="false" exported="true" />
              </Item>
              <Item id="tcm:18-161-2" title="Templates" itemType="Folder" blueprintStatus="LocalItem" selected="false" exported="true">
                <Item id="tcm:18-767-128" title="Content%20Page" extension="tptcmp" itemType="PageTemplate" blueprintStatus="LocalItem" selected="false" exported="true" />
                <Item id="tcm:18-796-128" title="Section%20Page" extension="tptcmp" itemType="PageTemplate" blueprintStatus="LocalItem" selected="false" exported="true" />
              </Item>
            </Item>
            <Item id="tcm:18-147-2" title="Site%20Manager" itemType="Folder" blueprintStatus="LocalItem" selected="false" exported="true">
              <Item id="tcm:18-154-2" title="Schemas" itemType="Folder" blueprintStatus="LocalItem" selected="false" exported="true">
                <Item id="tcm:18-168-2" title="Metadata" itemType="Folder" blueprintStatus="LocalItem" selected="false" exported="true">
                  <Item id="tcm:18-742-8" title="Publication%20Metadata" extension="xsd" itemType="Schema" subtype="3" blueprintStatus="LocalItem" selected="false" exported="true" />
                </Item>
                <Item id="tcm:18-756-8" title="Language%20Selector%20Configuration" extension="xsd" itemType="Schema" blueprintStatus="LocalItem" selected="false" exported="true" />
                <Item id="tcm:18-693-8" title="Notification%20Bar" extension="xsd" itemType="Schema" blueprintStatus="LocalItem" selected="false" exported="true" />
              </Item>
              <Item id="tcm:18-148-2" title="Templates" itemType="Folder" blueprintStatus="LocalItem" selected="false" exported="true">
                <Item id="tcm:18-761-32" title="Cookie%20Notification%20Bar%20%5BInfo%5D" extension="tctcmp" itemType="ComponentTemplate" blueprintStatus="LocalItem" selected="false" exported="true" />
                <Item id="tcm:18-680-32" title="Header%20Links%20%5BNav%5D" extension="tctcmp" itemType="ComponentTemplate" blueprintStatus="LocalItem" selected="false" exported="true" />
                <Item id="tcm:18-770-32" title="Header%20Logo%20%5BLogo%5D" extension="tctcmp" itemType="ComponentTemplate" blueprintStatus="LocalItem" selected="false" exported="true" />
                <Item id="tcm:18-692-128" title="Include%20Page" extension="tptcmp" itemType="PageTemplate" blueprintStatus="LocalItem" selected="false" exported="true" />
                <Item id="tcm:18-757-32" title="Language%20Selector%20%5BNav%5D" extension="tctcmp" itemType="ComponentTemplate" blueprintStatus="LocalItem" selected="false" exported="true" />
                <Item id="tcm:18-780-32" title="Old%20Browser%20Notification%20Bar%20%5BInfo%5D" extension="tctcmp" itemType="ComponentTemplate" blueprintStatus="LocalItem" selected="false" exported="true" />
              </Item>
            </Item>
          </Item>
          <Item id="tcm:18-207-2" title="E-Commerce" itemType="Folder" blueprintStatus="LocalItem" selected="false" exported="true">
            <Item id="tcm:18-208-2" title="Editor" itemType="Folder" blueprintStatus="LocalItem" selected="false" exported="true">
              <Item id="tcm:18-210-2" title="Schemas" itemType="Folder" blueprintStatus="LocalItem" selected="false" exported="true">
                <Item id="tcm:18-213-2" title="Default%20Images" itemType="Folder" blueprintStatus="LocalItem" selected="false" exported="true">
                  <Item id="tcm:18-911" title="Empty%20Image" extension="png" itemType="Component" subtype="1" blueprintStatus="LocalItem" selected="false" exported="true" />
                </Item>
                <Item id="tcm:18-214-2" title="Embedded" itemType="Folder" blueprintStatus="LocalItem" selected="false" exported="true">
                  <Item id="tcm:18-918-8" title="E-Commerce%20Category" extension="xsd" itemType="Schema" subtype="2" blueprintStatus="LocalItem" selected="false" exported="true" />
                  <Item id="tcm:18-912-8" title="E-Commerce%20Product" extension="xsd" itemType="Schema" subtype="2" blueprintStatus="LocalItem" selected="false" exported="true" />
                </Item>
                <Item id="tcm:18-936-8" title="ECommerce%20-%20Breadcrumb%20Widget" extension="xsd" itemType="Schema" blueprintStatus="LocalItem" selected="false" exported="true" />
                <Item id="tcm:18-909-8" title="ECommerce%20-%20Cart%20Widget" extension="xsd" itemType="Schema" blueprintStatus="LocalItem" selected="false" exported="true" />
                <Item id="tcm:18-919-8" title="ECommerce%20-%20Facets%20Widget" extension="xsd" itemType="Schema" blueprintStatus="LocalItem" selected="false" exported="true" />
                <Item id="tcm:18-913-8" title="ECommerce%20-%20Product%20Detail%20Widget" extension="xsd" itemType="Schema" blueprintStatus="LocalItem" selected="false" exported="true" />
                <Item id="tcm:18-927-8" title="ECommerce%20-%20Product%20Lister%20Widget" extension="xsd" itemType="Schema" blueprintStatus="LocalItem" selected="false" exported="true" />
                <Item id="tcm:18-930-8" title="ECommerce%20-%20Promotions%20Widget" extension="xsd" itemType="Schema" blueprintStatus="LocalItem" selected="false" exported="true" />
                <Item id="tcm:18-922-8" title="ECommerce%20-%20Search%20Box" extension="xsd" itemType="Schema" blueprintStatus="LocalItem" selected="false" exported="true" />
                <Item id="tcm:18-923-8" title="ECommerce%20-%20Search%20Feedback" extension="xsd" itemType="Schema" blueprintStatus="LocalItem" selected="false" exported="true" />
              </Item>
              <Item id="tcm:18-209-2" title="Templates" itemType="Folder" blueprintStatus="LocalItem" selected="false" exported="true">
                <Item id="tcm:18-943-32" title="Breadcrumb" extension="tctcmp" itemType="ComponentTemplate" blueprintStatus="LocalItem" selected="false" exported="true" />
                <Item id="tcm:18-910-32" title="Cart%20%5BNav%5D" extension="tctcmp" itemType="ComponentTemplate" blueprintStatus="LocalItem" selected="false" exported="true" />
                <Item id="tcm:18-935-32" title="Cart" extension="tctcmp" itemType="ComponentTemplate" blueprintStatus="LocalItem" selected="false" exported="true" />
                <Item id="tcm:18-937-32" title="Detail%20Breadcrumb" extension="tctcmp" itemType="ComponentTemplate" blueprintStatus="LocalItem" selected="false" exported="true" />
                <Item id="tcm:18-920-32" title="Facets%20Widget%20%5BLeft%5D" extension="tctcmp" itemType="ComponentTemplate" blueprintStatus="LocalItem" selected="false" exported="true" />
                <Item id="tcm:18-931-32" title="Product%20Detail%20Widget" extension="tctcmp" itemType="ComponentTemplate" blueprintStatus="LocalItem" selected="false" exported="true" />
                <Item id="tcm:18-933-32" title="Product%20Lister%20Widget" extension="tctcmp" itemType="ComponentTemplate" blueprintStatus="LocalItem" selected="false" exported="true" />
                <Item id="tcm:18-934-32" title="Promotions%20Widget" extension="tctcmp" itemType="ComponentTemplate" blueprintStatus="LocalItem" selected="false" exported="true" />
                <Item id="tcm:18-942-32" title="Search%20Box%20%5BNav%5D" extension="tctcmp" itemType="ComponentTemplate" blueprintStatus="LocalItem" selected="false" exported="true" />
                <Item id="tcm:18-941-32" title="Search%20Feedback%20%5BTools%5D" extension="tctcmp" itemType="ComponentTemplate" blueprintStatus="LocalItem" selected="false" exported="true" />
              </Item>
            </Item>
            <Item id="tcm:18-211-2" title="Site%20Manager" itemType="Folder" blueprintStatus="LocalItem" selected="false" exported="true">
              <Item id="tcm:18-212-2" title="Default%20Widgets" itemType="Folder" blueprintStatus="LocalItem" selected="false" exported="true">
                <Item id="tcm:18-939" title="Breadcrumb" extension="xml" itemType="Component" blueprintStatus="LocalItem" selected="false" exported="true" />
                <Item id="tcm:18-917" title="Cart" extension="xml" itemType="Component" blueprintStatus="LocalItem" selected="false" exported="true" />
                <Item id="tcm:18-924" title="Facets" extension="xml" itemType="Component" blueprintStatus="LocalItem" selected="false" exported="true" />
                <Item id="tcm:18-914" title="Product%20Detail" extension="xml" itemType="Component" blueprintStatus="LocalItem" selected="false" exported="true" />
                <Item id="tcm:18-928" title="Product%20Lister" extension="xml" itemType="Component" blueprintStatus="LocalItem" selected="false" exported="true" />
                <Item id="tcm:18-945" title="Promotions" extension="xml" itemType="Component" blueprintStatus="LocalItem" selected="false" exported="true" />
                <Item id="tcm:18-926" title="Search%20Box" extension="xml" itemType="Component" blueprintStatus="LocalItem" selected="false" exported="true" />
              </Item>
            </Item>
          </Item>
          <Item id="tcm:18-204-2" title="Navigation" itemType="Folder" blueprintStatus="LocalItem" selected="false" exported="true">
            <Item id="tcm:18-205-2" title="Site%20Manager" itemType="Folder" blueprintStatus="LocalItem" selected="false" exported="true">
              <Item id="tcm:18-206-2" title="Schemas" itemType="Folder" blueprintStatus="LocalItem" selected="false" exported="true">
                <Item id="tcm:18-907-8" title="Navigation%20Item" extension="xsd" itemType="Schema" subtype="2" blueprintStatus="LocalItem" selected="false" exported="true" />
                <Item id="tcm:18-908-8" title="Navigation%20Section" extension="xsd" itemType="Schema" blueprintStatus="LocalItem" selected="false" exported="true" />
              </Item>
              <Item id="tcm:18-216-2" title="Templates" itemType="Folder" blueprintStatus="LocalItem" selected="false" exported="true">
                <Item id="tcm:18-938-32" title="Navigation%20Section%20%5BMegaNavigation%5D" extension="tctcmp" itemType="ComponentTemplate" blueprintStatus="LocalItem" selected="false" exported="true" />
              </Item>
            </Item>
          </Item>
        </Item>
        <Item id="tcm:18-158-2" title="Settings" itemType="Folder" blueprintStatus="LocalItem" selected="false" exported="true">
          <Item id="tcm:18-159-2" title="Core" itemType="Folder" blueprintStatus="LocalItem" selected="false" exported="true">
            <Item id="tcm:18-160-2" title="Site%20Manager" itemType="Folder" blueprintStatus="LocalItem" selected="false" exported="true">
              <Item id="tcm:18-773" title="Language%20Selector%20Configuration" extension="xml" itemType="Component" blueprintStatus="LocalItem" selected="false" exported="true" />
            </Item>
          </Item>
        </Item>
        <Item id="tcm:18-620-8" title="Default%20Multimedia%20Schema" extension="xsd" itemType="Schema" subtype="1" blueprintStatus="SharedItem" selected="false" exported="true" />
      </Item>
      <Item id="tcm:18-139-4" title="Home" itemType="StructureGroup" blueprintStatus="SharedItem" selected="false" exported="true">
        <Item id="tcm:18-156-4" title="_System" itemType="StructureGroup" blueprintStatus="LocalItem" selected="true" exported="true">
          <Item id="tcm:18-169-4" title="include" itemType="StructureGroup" blueprintStatus="LocalItem" selected="true" exported="true" />
        </Item>
      </Item>
      <Item id="tcm:18-4-131074" title="Task%20Process" extension="tpd" itemType="ProcessDefinition" blueprintStatus="SharedItem" selected="false" exported="true" />
    </Item>
    <Item id="tcm:0-19-1" title="110%20DXA%20Site%20Type" itemType="Publication" selected="true" exported="true">
      <ApplicationIds>
        <ApplicationId>SiteEdit</ApplicationId>
      </ApplicationIds>
      <Item id="tcm:19-136-2" title="Building%20Blocks" itemType="Folder" blueprintStatus="SharedItem" selected="true" exported="true">
        <Item id="tcm:19-175-2" title="Content" itemType="Folder" blueprintStatus="LocalizedItem" selected="true" exported="true">
          <Item id="2216ecc2ac5f4b2faf743606641906f6" title="Articles" itemType="Folder" selected="false" exported="false" />
          <Item id="tcm:19-218-2" title="E-Commerce" itemType="Folder" blueprintStatus="LocalItem" selected="true" exported="true">
            <Item id="tcm:19-222-2" title="Category" itemType="Folder" blueprintStatus="LocalItem" selected="true" exported="true" />
            <Item id="tcm:19-219-2" title="Detail" itemType="Folder" blueprintStatus="LocalItem" selected="true" exported="true" />
            <Item id="tcm:19-220-2" title="Images" itemType="Folder" blueprintStatus="LocalItem" selected="true" exported="true" />
            <Item id="tcm:19-223-2" title="Widgets" itemType="Folder" blueprintStatus="LocalItem" selected="true" exported="true" />
          </Item>
          <Item id="tcm:19-190-2" title="Images" itemType="Folder" blueprintStatus="LocalItem" selected="false" exported="true" />
          <Item id="tcm:19-188-2" title="Video" itemType="Folder" blueprintStatus="LocalItem" selected="false" exported="true" />
          <Item id="tcm:19-182-2" title="_Cloneable%20Content" itemType="Folder" blueprintStatus="LocalItem" selected="true" exported="true">
            <Item id="f489ad0d48a24fd5a8ddd766cdc56a0a" title="Article" extension="xml" itemType="Component" selected="false" exported="false" />
            <Item id="18ad194a43a542fc9179bfb23b5aa2da" title="Content%20List" extension="xml" itemType="Component" selected="false" exported="false" />
            <Item id="cfee921d6af8405eb58095ef292e2de4" title="Content%20Query" extension="xml" itemType="Component" selected="false" exported="false" />
            <Item id="tcm:19-946" title="E-Commerce%20Product%20Detail" extension="xml" itemType="Component" blueprintStatus="LocalItem" selected="true" exported="true" />
            <Item id="8a5ea1b85f9449f5b62e665cb7416eee" title="Image%20List" extension="xml" itemType="Component" selected="false" exported="false" />
            <Item id="6859f7dd40eb4257b795145a38fb2a0d" title="Large%20Image" extension="jpg" itemType="Component" selected="false" exported="false" />
            <Item id="b4e67e000672411ea59b6ef69b68ad08" title="News%20Article" extension="xml" itemType="Component" selected="false" exported="false" />
            <Item id="a78771f62ee545db80ba1cfd64e65180" title="Place" extension="xml" itemType="Component" selected="false" exported="false" />
            <Item id="2770897324ad4d92b7228d9f98e5f951" title="YouTube%20Video" extension="jpg" itemType="Component" selected="false" exported="false" />
          </Item>
          <Item id="tcm:19-180-2" title="_Structure" itemType="Folder" blueprintStatus="LocalItem" selected="false" exported="true">
            <Item id="tcm:19-181-2" title="Header" itemType="Folder" blueprintStatus="LocalItem" selected="false" exported="true">
              <Item id="tcm:19-807" title="Old%20Browser%20bar" extension="xml" itemType="Component" blueprintStatus="LocalItem" selected="false" exported="true" />
            </Item>
            <Item id="tcm:19-221-2" title="MegaNavigation" itemType="Folder" blueprintStatus="LocalItem" selected="false" exported="true" />
          </Item>
        </Item>
        <Item id="084033cb422b46bba8f67030360c08f8" title="Default%20Templates" itemType="Folder" selected="false" exported="false">
          <Item id="tcm:19-646-32" title="Default%20Component%20Template" extension="tctcmp" itemType="ComponentTemplate" blueprintStatus="SharedItem" selected="false" exported="true" />
          <Item id="tcm:19-641-2048" title="Default%20Dreamweaver%20Page%20Design" extension="dwt" itemType="TemplateBuildingBlock" blueprintStatus="SharedItem" selected="false" exported="true" />
        </Item>
        <Item id="91c53a4757e7421ca7b7054a2cf59849" title="Modules" itemType="Folder" selected="false" exported="false">
          <Item id="17a9cbdcb40d44fdaca1b32b3e094511" title="Core" itemType="Folder" selected="false" exported="false">
            <Item id="33f510dcd23f4571af454955e9645e9d" title="Editor" itemType="Folder" selected="false" exported="false">
              <Item id="ebac6daea514402baee119dd3bd1e9b3" title="Schemas" itemType="Folder" selected="false" exported="false">
                <Item id="tcm:19-660-8" title="Image" extension="xsd" itemType="Schema" subtype="1" blueprintStatus="SharedItem" selected="false" exported="true">
                  <ApplicationIds>
                    <ApplicationId>http://www.sdl.com/tridion/SemanticMapping/typeof</ApplicationId>
                  </ApplicationIds>
                </Item>
                <Item id="tcm:19-725-8" title="YouTube%20Video" extension="xsd" itemType="Schema" subtype="1" blueprintStatus="SharedItem" selected="false" exported="true" />
              </Item>
              <Item id="8ac0749f62434ce69cef354b487078c4" title="Templates" itemType="Folder" selected="false" exported="false">
                <Item id="422a065d1bc84a5dac43b7b70e05a9e6" title="Accordion" extension="tctcmp" itemType="ComponentTemplate" selected="false" exported="false" />
                <Item id="09b09665275e4153b33f45d3764ae728" title="Article" extension="tctcmp" itemType="ComponentTemplate" selected="false" exported="false" />
                <Item id="f3ee272a03364110b7fedb20e3a338ee" title="Content%20Page%20Without%20Navigation" extension="tptcmp" itemType="PageTemplate" selected="false" exported="false" />
                <Item id="tcm:19-767-128" title="Content%20Page" extension="tptcmp" itemType="PageTemplate" blueprintStatus="SharedItem" selected="false" exported="true" />
                <Item id="90cce3dade984acab35e5a13f936a6dd" title="Download" extension="tctcmp" itemType="ComponentTemplate" selected="false" exported="false" />
                <Item id="e7436ddeef0e4ad594acdba7166a84bd" title="Home%20Page" extension="tptcmp" itemType="PageTemplate" selected="false" exported="false" />
                <Item id="644274e5c3ad4f6e9640549df5ec6eaa" title="Paged%20List" extension="tctcmp" itemType="ComponentTemplate" selected="false" exported="false" />
                <Item id="ca718dd90dff450e82a40a67da04c9bb" title="Place" extension="tctcmp" itemType="ComponentTemplate" selected="false" exported="false" />
                <Item id="9141ca241a274b9984cafbb3f8d0d897" title="Redirect%20Page" extension="tptcmp" itemType="PageTemplate" selected="false" exported="false" />
                <Item id="tcm:19-796-128" title="Section%20Page" extension="tptcmp" itemType="PageTemplate" blueprintStatus="SharedItem" selected="false" exported="true" />
                <Item id="1f9eb855532b49929aa9c8ae8e64e911" title="Thumbnail%20List" extension="tctcmp" itemType="ComponentTemplate" selected="false" exported="false" />
                <Item id="6295b328678a4b0ca133237cf60ef765" title="YouTube%20Video" extension="tctcmp" itemType="ComponentTemplate" selected="false" exported="false" />
              </Item>
            </Item>
            <Item id="f327f01c4afd4385bf16a2552f021602" title="Site%20Manager" itemType="Folder" selected="false" exported="false">
              <Item id="5ad74cde047145f1aba5ef96dc684afc" title="Schemas" itemType="Folder" selected="false" exported="false">
                <Item id="tcm:19-693-8" title="Notification%20Bar" extension="xsd" itemType="Schema" blueprintStatus="SharedItem" selected="false" exported="true" />
              </Item>
            </Item>
          </Item>
          <Item id="c02ada7bc483444fbdee9ad008994331" title="E-Commerce" itemType="Folder" selected="false" exported="false">
            <Item id="dbdaaf0fb6a54251bb7f94a635579dc7" title="Editor" itemType="Folder" selected="false" exported="false">
              <Item id="d1fd393dc49749b09fdf0c5bb7daf495" title="Schemas" itemType="Folder" selected="false" exported="false">
                <Item id="33c508f6d67d4dfcbc390e498dd05072" title="Default%20Images" itemType="Folder" selected="false" exported="false">
                  <Item id="tcm:19-911" title="Empty%20Image" extension="png" itemType="Component" subtype="1" blueprintStatus="SharedItem" selected="false" exported="true" />
                </Item>
                <Item id="tcm:19-913-8" title="ECommerce%20-%20Product%20Detail%20Widget" extension="xsd" itemType="Schema" blueprintStatus="SharedItem" selected="false" exported="true" />
              </Item>
              <Item id="d27109efdee44a16a44d8571c1afa5a9" title="Templates" itemType="Folder" selected="false" exported="false">
                <Item id="tcm:19-943-32" title="Breadcrumb" extension="tctcmp" itemType="ComponentTemplate" blueprintStatus="SharedItem" selected="false" exported="true" />
                <Item id="tcm:19-937-32" title="Detail%20Breadcrumb" extension="tctcmp" itemType="ComponentTemplate" blueprintStatus="SharedItem" selected="false" exported="true" />
                <Item id="tcm:19-920-32" title="Facets%20Widget%20%5BLeft%5D" extension="tctcmp" itemType="ComponentTemplate" blueprintStatus="SharedItem" selected="false" exported="true" />
                <Item id="tcm:19-931-32" title="Product%20Detail%20Widget" extension="tctcmp" itemType="ComponentTemplate" blueprintStatus="SharedItem" selected="false" exported="true" />
                <Item id="tcm:19-933-32" title="Product%20Lister%20Widget" extension="tctcmp" itemType="ComponentTemplate" blueprintStatus="SharedItem" selected="false" exported="true" />
                <Item id="tcm:19-934-32" title="Promotions%20Widget" extension="tctcmp" itemType="ComponentTemplate" blueprintStatus="SharedItem" selected="false" exported="true" />
              </Item>
            </Item>
            <Item id="b56b27ed39b14234b370df2e76d5307a" title="Site%20Manager" itemType="Folder" selected="false" exported="false">
              <Item id="fd07f0d5975146e98bf04b6b01947911" title="Default%20Widgets" itemType="Folder" selected="false" exported="false">
                <Item id="tcm:19-939" title="Breadcrumb" extension="xml" itemType="Component" blueprintStatus="SharedItem" selected="false" exported="true" />
                <Item id="tcm:19-924" title="Facets" extension="xml" itemType="Component" blueprintStatus="SharedItem" selected="false" exported="true" />
                <Item id="tcm:19-914" title="Product%20Detail" extension="xml" itemType="Component" blueprintStatus="SharedItem" selected="false" exported="true" />
                <Item id="tcm:19-928" title="Product%20Lister" extension="xml" itemType="Component" blueprintStatus="SharedItem" selected="false" exported="true" />
                <Item id="tcm:19-945" title="Promotions" extension="xml" itemType="Component" blueprintStatus="SharedItem" selected="false" exported="true" />
              </Item>
            </Item>
          </Item>
        </Item>
        <Item id="tcm:19-620-8" title="Default%20Multimedia%20Schema" extension="xsd" itemType="Schema" subtype="1" blueprintStatus="SharedItem" selected="false" exported="true" />
      </Item>
      <Item id="tcm:19-139-4" title="Home" itemType="StructureGroup" blueprintStatus="SharedItem" selected="false" exported="true">
        <Item id="tcm:19-184-4" title="_Page%20Types" itemType="StructureGroup" blueprintStatus="LocalItem" selected="true" exported="true">
          <Item id="tcm:19-948-64" title="E-Commerce%20Category%20Page" extension="tpg" itemType="Page" blueprintStatus="LocalItem" selected="true" exported="true">
            <ApplicationIds>
              <ApplicationId>SiteEdit</ApplicationId>
            </ApplicationIds>
          </Item>
          <Item id="tcm:19-947-64" title="E-Commerce%20Product%20Detail%20Page" extension="tpg" itemType="Page" blueprintStatus="LocalItem" selected="true" exported="true">
            <ApplicationIds>
              <ApplicationId>SiteEdit</ApplicationId>
            </ApplicationIds>
          </Item>
        </Item>
      </Item>
      <Item id="tcm:19-4-131074" title="Task%20Process" extension="tpd" itemType="ProcessDefinition" blueprintStatus="SharedItem" selected="false" exported="true" />
    </Item>
    <Item id="tcm:0-20-1" title="200%20Example%20Content" itemType="Publication" selected="true" exported="true">
      <Item id="tcm:20-136-2" title="Building%20Blocks" itemType="Folder" blueprintStatus="SharedItem" selected="true" exported="true">
        <Item id="tcm:20-175-2" title="Content" itemType="Folder" blueprintStatus="SharedItem" selected="true" exported="true">
          <Item id="tcm:20-192-2" title="About" itemType="Folder" blueprintStatus="LocalItem" selected="false" exported="true">
            <Item id="tcm:20-845" title="Company%20Information" extension="xml" itemType="Component" blueprintStatus="LocalItem" selected="false" exported="true" />
            <Item id="tcm:20-842" title="Contact%20Tab%20Content" extension="xml" itemType="Component" blueprintStatus="LocalItem" selected="false" exported="true" />
            <Item id="tcm:20-871" title="Privacy%20Policy" extension="xml" itemType="Component" blueprintStatus="LocalItem" selected="false" exported="true" />
          </Item>
          <Item id="tcm:20-218-2" title="E-Commerce" itemType="Folder" blueprintStatus="SharedItem" selected="true" exported="true">
            <Item id="tcm:20-223-2" title="Widgets" itemType="Folder" blueprintStatus="SharedItem" selected="true" exported="true">
              <Item id="tcm:20-949" title="Search%20Feedback" extension="xml" itemType="Component" blueprintStatus="LocalItem" selected="true" exported="true" />
            </Item>
          </Item>
          <Item id="tcm:20-196-2" title="Homepage" itemType="Folder" blueprintStatus="LocalItem" selected="false" exported="true">
            <Item id="tcm:20-868" title="Homepage%20Welcome" extension="xml" itemType="Component" blueprintStatus="LocalItem" selected="false" exported="true" />
          </Item>
          <Item id="tcm:20-190-2" title="Images" itemType="Folder" blueprintStatus="SharedItem" selected="false" exported="true">
            <Item id="tcm:20-193-2" title="Large" itemType="Folder" blueprintStatus="LocalItem" selected="false" exported="true">
              <Item id="tcm:20-844" title="planes" extension="jpg" itemType="Component" subtype="1" blueprintStatus="LocalItem" selected="false" exported="true" />
            </Item>
          </Item>
          <Item id="tcm:20-188-2" title="Video" itemType="Folder" blueprintStatus="SharedItem" selected="false" exported="true">
            <Item id="tcm:20-843" title="Company%20News%20Media%20Manager%20Video" extension="png" itemType="Component" subtype="1" blueprintStatus="LocalItem" selected="false" exported="true" />
          </Item>
          <Item id="b11a1ac6adbb491f86dead5d43614271" title="_Structure" itemType="Folder" selected="false" exported="false">
            <Item id="tcm:20-181-2" title="Header" itemType="Folder" blueprintStatus="SharedItem" selected="false" exported="true">
              <Item id="tcm:20-861" title="Company%20Logo%20540%20px" extension="png" itemType="Component" subtype="1" blueprintStatus="LocalItem" selected="false" exported="true" />
            </Item>
            <Item id="tcm:20-221-2" title="MegaNavigation" itemType="Folder" blueprintStatus="SharedItem" selected="false" exported="true">
              <Item id="tcm:20-958" title="Home%20Section" extension="xml" itemType="Component" blueprintStatus="LocalItem" selected="false" exported="true" />
            </Item>
          </Item>
        </Item>
        <Item id="eaa5f9d650804f5592992021a95b99b2" title="Default%20Templates" itemType="Folder" selected="false" exported="false">
          <Item id="tcm:20-646-32" title="Default%20Component%20Template" extension="tctcmp" itemType="ComponentTemplate" blueprintStatus="SharedItem" selected="false" exported="true" />
          <Item id="tcm:20-641-2048" title="Default%20Dreamweaver%20Page%20Design" extension="dwt" itemType="TemplateBuildingBlock" blueprintStatus="SharedItem" selected="false" exported="true" />
          <Item id="tcm:20-645-128" title="Default%20Page%20Template" extension="tptcmp" itemType="PageTemplate" blueprintStatus="SharedItem" selected="false" exported="true" />
        </Item>
        <Item id="e49672480ae74745a87a1d74df8a99d0" title="Modules" itemType="Folder" selected="false" exported="false">
          <Item id="d9de9eb6079742f7adc6abd10db901f0" title="Core" itemType="Folder" selected="false" exported="false">
            <Item id="eced351e14d24442a99e7621dc824d3d" title="Editor" itemType="Folder" selected="false" exported="false">
              <Item id="9b2c6d9bd10547b9b04a2dbad1c83f3e" title="Schemas" itemType="Folder" selected="false" exported="false">
                <Item id="tcm:20-695-8" title="Article" extension="xsd" itemType="Schema" blueprintStatus="SharedItem" selected="false" exported="true">
                  <ApplicationIds>
                    <ApplicationId>http://www.sdl.com/tridion/SemanticMapping/typeof</ApplicationId>
                  </ApplicationIds>
                </Item>
                <Item id="tcm:20-660-8" title="Image" extension="xsd" itemType="Schema" subtype="1" blueprintStatus="SharedItem" selected="false" exported="true">
                  <ApplicationIds>
                    <ApplicationId>http://www.sdl.com/tridion/SemanticMapping/typeof</ApplicationId>
                  </ApplicationIds>
                </Item>
                <Item id="tcm:20-714-8" title="Item%20List" extension="xsd" itemType="Schema" blueprintStatus="SharedItem" selected="false" exported="true" />
                <Item id="tcm:20-725-8" title="YouTube%20Video" extension="xsd" itemType="Schema" subtype="1" blueprintStatus="SharedItem" selected="false" exported="true" />
              </Item>
            </Item>
          </Item>
          <Item id="57ddce18b9e841e0b1a3c1eb69f8c170" title="E-Commerce" itemType="Folder" selected="false" exported="false">
            <Item id="ece8593034094246907df66a133fee6d" title="Editor" itemType="Folder" selected="false" exported="false">
              <Item id="7c7b109757f1432b91170cac190732a4" title="Schemas" itemType="Folder" selected="false" exported="false">
                <Item id="tcm:20-923-8" title="ECommerce%20-%20Search%20Feedback" extension="xsd" itemType="Schema" blueprintStatus="SharedItem" selected="false" exported="true" />
              </Item>
            </Item>
          </Item>
          <Item id="0e1ed9786d6e488bbb88bddcd5176448" title="Navigation" itemType="Folder" selected="false" exported="false">
            <Item id="0b52d2e836af4f26b822b3d17287d962" title="Site%20Manager" itemType="Folder" selected="false" exported="false">
              <Item id="81ed3119fd52433c885415bec94006a4" title="Schemas" itemType="Folder" selected="false" exported="false">
                <Item id="tcm:20-908-8" title="Navigation%20Section" extension="xsd" itemType="Schema" blueprintStatus="SharedItem" selected="false" exported="true" />
              </Item>
            </Item>
          </Item>
        </Item>
        <Item id="tcm:20-620-8" title="Default%20Multimedia%20Schema" extension="xsd" itemType="Schema" subtype="1" blueprintStatus="SharedItem" selected="false" exported="true" />
      </Item>
      <Item id="tcm:20-139-4" title="Home" itemType="StructureGroup" blueprintStatus="SharedItem" selected="true" exported="true">
        <Item id="tcm:20-184-4" title="_Page%20Types" itemType="StructureGroup" blueprintStatus="SharedItem" selected="true" exported="true">
          <Item id="tcm:20-948-64" title="E-Commerce%20Category%20Page" extension="tpg" itemType="Page" blueprintStatus="SharedItem" selected="true" exported="true">
            <ApplicationIds>
              <ApplicationId>SiteEdit</ApplicationId>
            </ApplicationIds>
          </Item>
          <Item id="tcm:20-947-64" title="E-Commerce%20Product%20Detail%20Page" extension="tpg" itemType="Page" blueprintStatus="SharedItem" selected="true" exported="true">
            <ApplicationIds>
              <ApplicationId>SiteEdit</ApplicationId>
            </ApplicationIds>
          </Item>
        </Item>
      </Item>
      <Item id="tcm:20-4-131074" title="Task%20Process" extension="tpd" itemType="ProcessDefinition" blueprintStatus="SharedItem" selected="false" exported="true" />
    </Item>
    <Item id="tcm:0-21-1" title="400%20Example%20Site" itemType="Publication" selected="true" exported="true">
      <ApplicationIds>
        <ApplicationId>SiteEdit</ApplicationId>
      </ApplicationIds>
      <Item id="1f504787925c4877b7015f487d565267" title="Building%20Blocks" itemType="Folder" selected="false" exported="false">
        <Item id="025b01b26eaf4cb38bc0499edfa9cc87" title="Content" itemType="Folder" selected="false" exported="false">
          <Item id="e22179b1d67d4e2d8f429097b006b794" title="About" itemType="Folder" selected="false" exported="false">
            <Item id="tcm:21-845" title="Company%20Information" extension="xml" itemType="Component" blueprintStatus="SharedItem" selected="false" exported="true" />
            <Item id="tcm:21-842" title="Contact%20Tab%20Content" extension="xml" itemType="Component" blueprintStatus="SharedItem" selected="false" exported="true" />
            <Item id="tcm:21-871" title="Privacy%20Policy" extension="xml" itemType="Component" blueprintStatus="SharedItem" selected="false" exported="true" />
          </Item>
          <Item id="1a7ff67341bc4fadbb9c93b6c48c45c5" title="E-Commerce" itemType="Folder" selected="false" exported="false">
            <Item id="abccadff4069437c9301bffd12189834" title="Widgets" itemType="Folder" selected="false" exported="false">
              <Item id="tcm:21-949" title="Search%20Feedback" extension="xml" itemType="Component" blueprintStatus="SharedItem" selected="false" exported="true" />
            </Item>
          </Item>
          <Item id="c2855463c873439aa601f2d21ecba91b" title="Homepage" itemType="Folder" selected="false" exported="false">
            <Item id="tcm:21-868" title="Homepage%20Welcome" extension="xml" itemType="Component" blueprintStatus="SharedItem" selected="false" exported="true" />
          </Item>
          <Item id="8a9ca37fee0e4c90b9d80bf0f0884036" title="_Structure" itemType="Folder" selected="false" exported="false">
            <Item id="tcm:21-181-2" title="Header" itemType="Folder" blueprintStatus="SharedItem" selected="false" exported="true">
              <Item id="tcm:21-861" title="Company%20Logo%20540%20px" extension="png" itemType="Component" subtype="1" blueprintStatus="SharedItem" selected="false" exported="true" />
              <Item id="tcm:21-882" title="Cookie%20bar" extension="xml" itemType="Component" blueprintStatus="LocalItem" selected="false" exported="true" />
              <Item id="tcm:21-884" title="Header%20Links" extension="xml" itemType="Component" blueprintStatus="LocalItem" selected="false" exported="true" />
              <Item id="tcm:21-883" title="Header" extension="xml" itemType="Component" blueprintStatus="LocalItem" selected="false" exported="true" />
              <Item id="tcm:21-807" title="Old%20Browser%20bar" extension="xml" itemType="Component" blueprintStatus="SharedItem" selected="false" exported="true" />
            </Item>
            <Item id="ac95e52f918b42f49fbd20a95bedebf2" title="MegaNavigation" itemType="Folder" selected="false" exported="false">
              <Item id="tcm:21-958" title="Home%20Section" extension="xml" itemType="Component" blueprintStatus="SharedItem" selected="false" exported="true" />
            </Item>
          </Item>
        </Item>
        <Item id="bc483c821c394a3dbc078d0d75d6a149" title="Default%20Templates" itemType="Folder" selected="false" exported="false">
          <Item id="tcm:21-646-32" title="Default%20Component%20Template" extension="tctcmp" itemType="ComponentTemplate" blueprintStatus="SharedItem" selected="false" exported="true" />
          <Item id="tcm:21-641-2048" title="Default%20Dreamweaver%20Page%20Design" extension="dwt" itemType="TemplateBuildingBlock" blueprintStatus="SharedItem" selected="false" exported="true" />
        </Item>
        <Item id="b5cf503d9f5b49a3a7a9ef7a82ae9215" title="Modules" itemType="Folder" selected="false" exported="false">
          <Item id="66aaebc0a0b44848a751f748daa19715" title="Core" itemType="Folder" selected="false" exported="false">
            <Item id="0fc1090b37d24b6aa05ce86e35b91765" title="Editor" itemType="Folder" selected="false" exported="false">
              <Item id="5ee75c27b5c5406c99b9f4246db57a3a" title="Schemas" itemType="Folder" selected="false" exported="false">
                <Item id="tcm:21-663-8" title="Link%20List" extension="xsd" itemType="Schema" blueprintStatus="SharedItem" selected="false" exported="true" />
                <Item id="tcm:21-696-8" title="Teaser" extension="xsd" itemType="Schema" blueprintStatus="SharedItem" selected="false" exported="true" />
              </Item>
              <Item id="a31da78ae2ac4eae86a541342cba9b34" title="Templates" itemType="Folder" selected="false" exported="false">
                <Item id="tcm:21-767-128" title="Content%20Page" extension="tptcmp" itemType="PageTemplate" blueprintStatus="SharedItem" selected="false" exported="true" />
                <Item id="tcm:21-796-128" title="Section%20Page" extension="tptcmp" itemType="PageTemplate" blueprintStatus="SharedItem" selected="false" exported="true" />
              </Item>
            </Item>
            <Item id="fbad1142aa7247b0a2215bc5301873d9" title="Site%20Manager" itemType="Folder" selected="false" exported="false">
              <Item id="7c6dd6338c7f44248c2aab7da7b1221c" title="Schemas" itemType="Folder" selected="false" exported="false">
                <Item id="bbdf0c879eae49a38cbbd8e561723fa1" title="Metadata" itemType="Folder" selected="false" exported="false">
                  <Item id="tcm:21-742-8" title="Publication%20Metadata" extension="xsd" itemType="Schema" subtype="3" blueprintStatus="SharedItem" selected="false" exported="true" />
                </Item>
                <Item id="tcm:21-693-8" title="Notification%20Bar" extension="xsd" itemType="Schema" blueprintStatus="SharedItem" selected="false" exported="true" />
              </Item>
              <Item id="9673805dc1464148a7624f0ddbfd6c61" title="Templates" itemType="Folder" selected="false" exported="false">
                <Item id="tcm:21-761-32" title="Cookie%20Notification%20Bar%20%5BInfo%5D" extension="tctcmp" itemType="ComponentTemplate" blueprintStatus="SharedItem" selected="false" exported="true" />
                <Item id="tcm:21-680-32" title="Header%20Links%20%5BNav%5D" extension="tctcmp" itemType="ComponentTemplate" blueprintStatus="SharedItem" selected="false" exported="true" />
                <Item id="tcm:21-770-32" title="Header%20Logo%20%5BLogo%5D" extension="tctcmp" itemType="ComponentTemplate" blueprintStatus="SharedItem" selected="false" exported="true" />
                <Item id="tcm:21-757-32" title="Language%20Selector%20%5BNav%5D" extension="tctcmp" itemType="ComponentTemplate" blueprintStatus="SharedItem" selected="false" exported="true" />
                <Item id="tcm:21-780-32" title="Old%20Browser%20Notification%20Bar%20%5BInfo%5D" extension="tctcmp" itemType="ComponentTemplate" blueprintStatus="SharedItem" selected="false" exported="true" />
              </Item>
            </Item>
          </Item>
          <Item id="b3878b96f24347fe8ab07ff6956f869d" title="E-Commerce" itemType="Folder" selected="false" exported="false">
            <Item id="2c525e8f0c9c45278c65597655aeb85b" title="Editor" itemType="Folder" selected="false" exported="false">
              <Item id="d65890b9c4f042189a13492f0cbd1721" title="Templates" itemType="Folder" selected="false" exported="false">
                <Item id="tcm:21-943-32" title="Breadcrumb" extension="tctcmp" itemType="ComponentTemplate" blueprintStatus="SharedItem" selected="false" exported="true" />
                <Item id="tcm:21-910-32" title="Cart%20%5BNav%5D" extension="tctcmp" itemType="ComponentTemplate" blueprintStatus="SharedItem" selected="false" exported="true" />
                <Item id="tcm:21-935-32" title="Cart" extension="tctcmp" itemType="ComponentTemplate" blueprintStatus="SharedItem" selected="false" exported="true" />
                <Item id="tcm:21-937-32" title="Detail%20Breadcrumb" extension="tctcmp" itemType="ComponentTemplate" blueprintStatus="SharedItem" selected="false" exported="true" />
                <Item id="tcm:21-920-32" title="Facets%20Widget%20%5BLeft%5D" extension="tctcmp" itemType="ComponentTemplate" blueprintStatus="SharedItem" selected="false" exported="true" />
                <Item id="tcm:21-931-32" title="Product%20Detail%20Widget" extension="tctcmp" itemType="ComponentTemplate" blueprintStatus="SharedItem" selected="false" exported="true" />
                <Item id="tcm:21-933-32" title="Product%20Lister%20Widget" extension="tctcmp" itemType="ComponentTemplate" blueprintStatus="SharedItem" selected="false" exported="true" />
                <Item id="tcm:21-934-32" title="Promotions%20Widget" extension="tctcmp" itemType="ComponentTemplate" blueprintStatus="SharedItem" selected="false" exported="true" />
                <Item id="tcm:21-942-32" title="Search%20Box%20%5BNav%5D" extension="tctcmp" itemType="ComponentTemplate" blueprintStatus="SharedItem" selected="false" exported="true" />
                <Item id="tcm:21-941-32" title="Search%20Feedback%20%5BTools%5D" extension="tctcmp" itemType="ComponentTemplate" blueprintStatus="SharedItem" selected="false" exported="true" />
              </Item>
            </Item>
            <Item id="7613aa790f6f44c29917c787f0add502" title="Site%20Manager" itemType="Folder" selected="false" exported="false">
              <Item id="7dac6cb8618a410aa7d639ccf154fbdc" title="Default%20Widgets" itemType="Folder" selected="false" exported="false">
                <Item id="tcm:21-939" title="Breadcrumb" extension="xml" itemType="Component" blueprintStatus="SharedItem" selected="false" exported="true" />
                <Item id="tcm:21-917" title="Cart" extension="xml" itemType="Component" blueprintStatus="SharedItem" selected="false" exported="true" />
                <Item id="tcm:21-924" title="Facets" extension="xml" itemType="Component" blueprintStatus="SharedItem" selected="false" exported="true" />
                <Item id="tcm:21-914" title="Product%20Detail" extension="xml" itemType="Component" blueprintStatus="SharedItem" selected="false" exported="true" />
                <Item id="tcm:21-928" title="Product%20Lister" extension="xml" itemType="Component" blueprintStatus="SharedItem" selected="false" exported="true" />
                <Item id="tcm:21-945" title="Promotions" extension="xml" itemType="Component" blueprintStatus="SharedItem" selected="false" exported="true" />
                <Item id="tcm:21-926" title="Search%20Box" extension="xml" itemType="Component" blueprintStatus="SharedItem" selected="false" exported="true" />
              </Item>
            </Item>
          </Item>
          <Item id="0139dc294f464bc88f7d33d987719b1e" title="Navigation" itemType="Folder" selected="false" exported="false">
            <Item id="78fae26c9e0140a29e73e40a68e3c13b" title="Site%20Manager" itemType="Folder" selected="false" exported="false">
              <Item id="0031968fa4704e4ca1c481566582350a" title="Templates" itemType="Folder" selected="false" exported="false">
                <Item id="tcm:21-938-32" title="Navigation%20Section%20%5BMegaNavigation%5D" extension="tctcmp" itemType="ComponentTemplate" blueprintStatus="SharedItem" selected="false" exported="true" />
              </Item>
            </Item>
          </Item>
        </Item>
        <Item id="bf52a934b84647f68f302a6824f1fe29" title="Settings" itemType="Folder" selected="false" exported="false">
          <Item id="56399d26bf39467e9afd60cfced2321b" title="Core" itemType="Folder" selected="false" exported="false">
            <Item id="df4ca42373f54af482b6d467cf78406b" title="Site%20Manager" itemType="Folder" selected="false" exported="false">
              <Item id="tcm:21-773" title="Language%20Selector%20Configuration" extension="xml" itemType="Component" blueprintStatus="SharedItem" selected="false" exported="true" />
            </Item>
          </Item>
        </Item>
        <Item id="tcm:21-620-8" title="Default%20Multimedia%20Schema" extension="xsd" itemType="Schema" subtype="1" blueprintStatus="SharedItem" selected="false" exported="true" />
      </Item>
      <Item id="tcm:21-139-4" title="Home" itemType="StructureGroup" blueprintStatus="SharedItem" selected="true" exported="true">
        <Item id="tcm:21-226-4" title="Categories" itemType="StructureGroup" blueprintStatus="LocalItem" selected="true" exported="true">
          <Item id="tcm:21-957-64" title="Generic%20CategoryPage" extension="tpg" itemType="Page" blueprintStatus="LocalItem" selected="true" exported="true" />
        </Item>
        <Item id="tcm:21-227-4" title="Product%20Details" itemType="StructureGroup" blueprintStatus="LocalItem" selected="true" exported="true">
          <Item id="tcm:21-959-64" title="Generic%20Product%20Detail" extension="tpg" itemType="Page" blueprintStatus="LocalItem" selected="true" exported="true" />
        </Item>
        <Item id="tcm:21-156-4" title="_System" itemType="StructureGroup" blueprintStatus="SharedItem" selected="true" exported="true">
          <Item id="tcm:21-169-4" title="include" itemType="StructureGroup" blueprintStatus="SharedItem" selected="true" exported="true">
            <Item id="tcm:21-831-64" title="Header" extension="tpg" itemType="Page" blueprintStatus="LocalizedItem" selected="true" exported="true" />
          </Item>
        </Item>
        <Item id="tcm:21-962-64" title="Search%20Results" extension="tpg" itemType="Page" blueprintStatus="LocalItem" selected="true" exported="true" />
        <Item id="tcm:21-960-64" title="Shopping%20Cart" extension="tpg" itemType="Page" blueprintStatus="LocalItem" selected="true" exported="true" />
      </Item>
      <Item id="tcm:21-4-131074" title="Task%20Process" extension="tpd" itemType="ProcessDefinition" blueprintStatus="SharedItem" selected="false" exported="true" />
    </Item>
    <Item id="tcm:0-13-65544" title="Bitmap%20image" extension="tmt" itemType="MultimediaType" selected="false" exported="true" />
    <Item id="tcm:0-19-65544" title="Cascading%20style%20sheets" extension="tmt" itemType="MultimediaType" selected="false" exported="true" />
    <Item id="tcm:0-21-65544" title="Configuration%20settings" extension="tmt" itemType="MultimediaType" selected="false" exported="true" />
    <Item id="40e71fc35240468fae3ddc88cd803ef8" title="Everyone" extension="tgp" itemType="Group" selected="false" exported="false" />
    <Item id="tcm:0-5-65544" title="Excel%20sheet" extension="tmt" itemType="MultimediaType" selected="false" exported="true" />
    <Item id="tcm:0-11-65544" title="Executable" extension="tmt" itemType="MultimediaType" selected="false" exported="true" />
    <Item id="tcm:0-22-65544" title="Favicon" extension="tmt" itemType="MultimediaType" selected="false" exported="true" />
    <Item id="tcm:0-18-65544" title="Flash%20file" extension="tmt" itemType="MultimediaType" selected="false" exported="true" />
    <Item id="tcm:0-1-65544" title="Gif%20image" extension="tmt" itemType="MultimediaType" selected="false" exported="true" />
    <Item id="tcm:0-20-65544" title="Java%20script" extension="tmt" itemType="MultimediaType" selected="false" exported="true" />
    <Item id="tcm:0-2-65544" title="Jpeg%20image" extension="tmt" itemType="MultimediaType" selected="false" exported="true" />
    <Item id="tcm:0-12-65544" title="MSAccess%20database" extension="tmt" itemType="MultimediaType" selected="false" exported="true" />
    <Item id="tcm:0-16-65544" title="Mp3%20music" extension="tmt" itemType="MultimediaType" selected="false" exported="true" />
    <Item id="tcm:0-17-65544" title="Mpeg%20video" extension="tmt" itemType="MultimediaType" selected="false" exported="true" />
    <Item id="tcm:0-7-65544" title="Pdf%20document" extension="tmt" itemType="MultimediaType" selected="false" exported="true" />
    <Item id="tcm:0-9-65544" title="Plain%20text" extension="tmt" itemType="MultimediaType" selected="false" exported="true" />
    <Item id="tcm:0-3-65544" title="Png%20image" extension="tmt" itemType="MultimediaType" selected="false" exported="true" />
    <Item id="tcm:0-6-65544" title="Powerpoint%20presentation" extension="tmt" itemType="MultimediaType" selected="false" exported="true" />
    <Item id="tcm:0-15-65544" title="QuickTime%20movie" extension="tmt" itemType="MultimediaType" selected="false" exported="true" />
    <Item id="tcm:0-14-65544" title="Real%20player" extension="tmt" itemType="MultimediaType" selected="false" exported="true" />
    <Item id="tcm:0-10-65544" title="Rich%20text" extension="tmt" itemType="MultimediaType" selected="false" exported="true" />
    <Item id="tcm:0-8-65544" title="Sound%20file" extension="tmt" itemType="MultimediaType" selected="false" exported="true" />
    <Item id="tcm:0-4-65544" title="Word%20document" extension="tmt" itemType="MultimediaType" selected="false" exported="true" />
    <Item id="tcm:0-23-65544" title="Zip%20file" extension="tmt" itemType="MultimediaType" selected="false" exported="true" />
  </Item>
</Index>