<Index dataContractVersion="2013" xmlns="http://www.sdltridion.com/ContentManager/ImportExport/Package/2013">
  <Item id="tcm:0-0-0" selected="false" exported="true">
    <ApplicationIds>
      <ApplicationId>http://www.sdl.com/tridion/SemanticMapping/vocabularies</ApplicationId>
    </ApplicationIds>
    <Item id="tcm:0-69-1" title="000%20Empty" itemType="Publication" selected="false" exported="true">
      <Item id="tcm:69-1133-2" title="Building%20Blocks" itemType="Folder" blueprintStatus="LocalItem" selected="true" exported="true">
        <Item id="552d758cc2464d71a53acc31b1ebcada" title="Default%20Templates" itemType="Folder" selected="false" exported="false">
          <Item id="ab1432d2b8db4ecaa69f2216941fb970" title="Default%20Component%20Template" extension="tctcmp" itemType="ComponentTemplate" selected="false" exported="false" />
          <Item id="0e0f3ff8db0845b9927db877ac82dae9" title="Default%20Dreamweaver%20Page%20Design" extension="dwt" itemType="TemplateBuildingBlock" selected="false" exported="false" />
          <Item id="76e556b07af14b6993958ec71eaaa023" title="Default%20Page%20Template" extension="tptcmp" itemType="PageTemplate" selected="false" exported="false" />
        </Item>
        <Item id="7298b4f7901d4849932ab06037b050d8" title="Default%20Multimedia%20Schema" extension="xsd" itemType="Schema" selected="false" exported="false" />
      </Item>
      <Item id="tcm:69-1136-4" title="Home" itemType="StructureGroup" blueprintStatus="LocalItem" selected="true" exported="true" />
      <Item id="6572adcbc41f48f2a837c3d9256aaeeb" title="Task%20Process" extension="tpd" itemType="ProcessDefinition" selected="false" exported="false" />
    </Item>
    <Item id="09646a982ec64f5c9a9dc731bd4ff89a" title="100%20Master" itemType="Publication" selected="false" exported="false" />
    <Item id="tcm:0-71-1" title="110%20DXA%20Site%20Type" itemType="Publication" selected="true" exported="true">
      <ApplicationIds>
        <ApplicationId>SiteEdit</ApplicationId>
      </ApplicationIds>
      <Item id="tcm:71-1133-2" title="Building%20Blocks" itemType="Folder" blueprintStatus="SharedItem" selected="true" exported="true">
        <Item id="tcm:71-1167-2" title="Content" itemType="Folder" blueprintStatus="LocalizedItem" selected="true" exported="true">
          <Item id="187dcd9689e744e493e83ecc5a2d62da" title="Articles" itemType="Folder" selected="false" exported="false" />
          <Item id="tcm:71-1215-2" title="E-Commerce" itemType="Folder" blueprintStatus="LocalItem" selected="true" exported="true">
            <Item id="tcm:71-1219-2" title="Category" itemType="Folder" blueprintStatus="LocalItem" selected="true" exported="true" />
            <Item id="tcm:71-1216-2" title="Detail" itemType="Folder" blueprintStatus="LocalItem" selected="true" exported="true" />
            <Item id="tcm:71-1217-2" title="Images" itemType="Folder" blueprintStatus="LocalItem" selected="true" exported="true" />
            <Item id="tcm:71-1220-2" title="Widgets" itemType="Folder" blueprintStatus="LocalItem" selected="true" exported="true" />
          </Item>
          <Item id="e93094fce6334cc8b5e23dac53b2879e" title="Images" itemType="Folder" selected="false" exported="false" />
          <Item id="c6f04c4cb2d249bbb1dffbf34d9509a5" title="Video" itemType="Folder" selected="false" exported="false" />
          <Item id="tcm:71-1174-2" title="_Cloneable%20Content" itemType="Folder" blueprintStatus="LocalItem" selected="true" exported="true">
            <Item id="2952b8d7e26a470ea6287bf048fc43dc" title="Article" extension="xml" itemType="Component" selected="false" exported="false" />
            <Item id="5cb579d3f0eb4355bf962324f1a49780" title="Content%20List" extension="xml" itemType="Component" selected="false" exported="false" />
            <Item id="b236dad3393846d7adb6e72bae489907" title="Content%20Query" extension="xml" itemType="Component" selected="false" exported="false" />
            <Item id="tcm:71-4720" title="E-Commerce%20Product%20Detail" extension="xml" itemType="Component" blueprintStatus="LocalItem" selected="true" exported="true" />
            <Item id="40bcc81d35234076a3c9ef6fc421a3da" title="Image%20List" extension="xml" itemType="Component" selected="false" exported="false" />
            <Item id="0bb051f196d94ed696878c5caf0c3506" title="Large%20Image" extension="jpg" itemType="Component" selected="false" exported="false" />
            <Item id="df77b3f7b6a84f0baf0d3907877bf1cd" title="News%20Article" extension="xml" itemType="Component" selected="false" exported="false" />
            <Item id="e1483c04011b4bfab741c6394c7c69f4" title="Place" extension="xml" itemType="Component" selected="false" exported="false" />
            <Item id="c836da68bb924c9482e336d7a2f81c48" title="YouTube%20Video" extension="jpg" itemType="Component" selected="false" exported="false" />
          </Item>
          <Item id="tcm:71-1175-2" title="_Structure" itemType="Folder" blueprintStatus="LocalItem" selected="true" exported="true">
            <Item id="tcm:71-1218-2" title="MegaNavigation" itemType="Folder" blueprintStatus="LocalItem" selected="true" exported="true" />
          </Item>
        </Item>
        <Item id="f7e9f7e87f214a679505e7ca05dc6fab" title="Default%20Templates" itemType="Folder" selected="false" exported="false">
          <Item id="9164d99ea2d246e29e4ecd0b65f7235e" title="Default%20Component%20Template" extension="tctcmp" itemType="ComponentTemplate" selected="false" exported="false" />
          <Item id="c4c99796372f4dd0bf32abbedcec7e8b" title="Default%20Dreamweaver%20Page%20Design" extension="dwt" itemType="TemplateBuildingBlock" selected="false" exported="false" />
        </Item>
        <Item id="5b2ef60e98cc4967882cd60fbc69d282" title="Modules" itemType="Folder" selected="false" exported="false">
          <Item id="8b66781689dc460982c8f8f352bd2841" title="Core" itemType="Folder" selected="false" exported="false">
            <Item id="ed5276614bb74dc29fa4cfe7190dae06" title="Editor" itemType="Folder" selected="false" exported="false">
              <Item id="0560476608bf4bf5bbf932ffa71e4300" title="Templates" itemType="Folder" selected="false" exported="false">
                <Item id="09b079c077d643eeb4d84754e24e7c9c" title="Accordion" extension="tctcmp" itemType="ComponentTemplate" selected="false" exported="false" />
                <Item id="0964e5a88bc8417b9dfa916834f007f4" title="Article" extension="tctcmp" itemType="ComponentTemplate" selected="false" exported="false" />
                <Item id="f19218d851414c43ba812a3a6b3e68a1" title="Content%20Page%20Without%20Navigation" extension="tptcmp" itemType="PageTemplate" selected="false" exported="false" />
                <Item id="e39630f5ddc94dbe880eaeaa5e3892b0" title="Content%20Page" extension="tptcmp" itemType="PageTemplate" selected="false" exported="false" />
                <Item id="26603ed03eee4b44a5db7dc87e89bb76" title="Download" extension="tctcmp" itemType="ComponentTemplate" selected="false" exported="false" />
                <Item id="0dd7560fbed3442ebb947aab920e88db" title="Home%20Page" extension="tptcmp" itemType="PageTemplate" selected="false" exported="false" />
                <Item id="427a337b63ec41fca44d6c34f90d37c3" title="Paged%20List" extension="tctcmp" itemType="ComponentTemplate" selected="false" exported="false" />
                <Item id="e89475a117a54294adc5f7fff36b7606" title="Place" extension="tctcmp" itemType="ComponentTemplate" selected="false" exported="false" />
                <Item id="037467ad9a3e44e49064776b1b4d8ee4" title="Redirect%20Page" extension="tptcmp" itemType="PageTemplate" selected="false" exported="false" />
                <Item id="7c7c81fab4ce4f57ab8e22e72e0d0533" title="Section%20Page" extension="tptcmp" itemType="PageTemplate" selected="false" exported="false" />
                <Item id="6172f75291084a93b4063d882a45e39a" title="Thumbnail%20List" extension="tctcmp" itemType="ComponentTemplate" selected="false" exported="false" />
                <Item id="6220df4e8e9d417f9ff24dc21649badc" title="YouTube%20Video" extension="tctcmp" itemType="ComponentTemplate" selected="false" exported="false" />
              </Item>
            </Item>
          </Item>
          <Item id="7c3a0241dc704682b04779c2d497bfa2" title="E-Commerce" itemType="Folder" selected="false" exported="false">
            <Item id="6e2f3688b196450f9d35609dc1084849" title="Editor" itemType="Folder" selected="false" exported="false">
              <Item id="1032f58cfe2540c1bcbbd16e6c83e7a0" title="Default%20Templates" itemType="Folder" selected="false" exported="false">
                <Item id="0c3931ecca114824ac95a33bf243505c" title="Breadcrumb" extension="tctcmp" itemType="ComponentTemplate" selected="false" exported="false" />
                <Item id="b3be89a459664fe9a3d5c33cab39ef53" title="Detail%20Breadcrumb" extension="tctcmp" itemType="ComponentTemplate" selected="false" exported="false" />
                <Item id="5de1fb6c22734e368b2f97c07fe2a31a" title="Facets%20Widget%20%5BLeft%5D" extension="tctcmp" itemType="ComponentTemplate" selected="false" exported="false" />
                <Item id="df2789deeb73434ba18a36a475143411" title="Product%20Detail%20Widget" extension="tctcmp" itemType="ComponentTemplate" selected="false" exported="false" />
                <Item id="2a4f624c4c5e4f908560a8b0529c5c45" title="Product%20Lister%20Widget" extension="tctcmp" itemType="ComponentTemplate" selected="false" exported="false" />
                <Item id="6458c40eed404d8aa10c0dd0b9250367" title="Promotions%20Widget" extension="tctcmp" itemType="ComponentTemplate" selected="false" exported="false" />
              </Item>
              <Item id="f04870f661b542fd98e07f7a342039fc" title="Schemas" itemType="Folder" selected="false" exported="false">
                <Item id="17cf45fb4a764b49ba5f9b76ee714ef6" title="Default%20Images" itemType="Folder" selected="false" exported="false">
                  <Item id="9823ccaa2e174208911b467cb34a0ce0" title="Empty%20Image" extension="png" itemType="Component" selected="false" exported="false" />
                </Item>
                <Item id="fad97e8811674e079e6deb312d7ef8ee" title="ECommerce%20-%20Product%20Detail%20Widget" extension="xsd" itemType="Schema" selected="false" exported="false" />
              </Item>
            </Item>
            <Item id="d15b9c7eec57405892cd27dbf5e032b0" title="Site%20Manager" itemType="Folder" selected="false" exported="false">
              <Item id="0a136d96535843e186aede37ed02b844" title="Default%20Widgets" itemType="Folder" selected="false" exported="false">
                <Item id="b606d98c9c6e4dc48fe5b214a7fbc727" title="Breadcrumb" extension="xml" itemType="Component" selected="false" exported="false" />
                <Item id="6c5dfc743774490ab4d65d1901986771" title="Facets" extension="xml" itemType="Component" selected="false" exported="false" />
                <Item id="76a7d97286cf40049ddae39c48a8f7c8" title="Product%20Detail" extension="xml" itemType="Component" selected="false" exported="false" />
                <Item id="4a84e66a107e4384998ca4b0ec4d155a" title="Product%20Lister" extension="xml" itemType="Component" selected="false" exported="false" />
                <Item id="d14175b1d5674de799f68aef2609578b" title="Promotions" extension="xml" itemType="Component" selected="false" exported="false" />
              </Item>
            </Item>
          </Item>
        </Item>
        <Item id="16b836fa3f9847419946b5dda957c0e3" title="Default%20Multimedia%20Schema" extension="xsd" itemType="Schema" selected="false" exported="false" />
      </Item>
      <Item id="tcm:71-1136-4" title="Home" itemType="StructureGroup" blueprintStatus="SharedItem" selected="true" exported="true">
        <Item id="tcm:71-1173-4" title="_Page%20Types" itemType="StructureGroup" blueprintStatus="LocalItem" selected="true" exported="true">
          <Item id="tcm:71-4722-64" title="E-Commerce%20Category%20Page" extension="tpg" itemType="Page" blueprintStatus="LocalItem" selected="true" exported="true">
            <ApplicationIds>
              <ApplicationId>SiteEdit</ApplicationId>
            </ApplicationIds>
          </Item>
          <Item id="tcm:71-4721-64" title="E-Commerce%20Product%20Detail%20Page" extension="tpg" itemType="Page" blueprintStatus="LocalItem" selected="true" exported="true">
            <ApplicationIds>
              <ApplicationId>SiteEdit</ApplicationId>
            </ApplicationIds>
          </Item>
        </Item>
      </Item>
      <Item id="49f6b7d3728941e499e84715cf533683" title="Task%20Process" extension="tpd" itemType="ProcessDefinition" selected="false" exported="false" />
    </Item>
    <Item id="tcm:0-72-1" title="200%20Example%20Content" itemType="Publication" selected="true" exported="true">
      <Item id="tcm:72-1133-2" title="Building%20Blocks" itemType="Folder" blueprintStatus="SharedItem" selected="true" exported="true">
        <Item id="tcm:72-1167-2" title="Content" itemType="Folder" blueprintStatus="SharedItem" selected="true" exported="true">
          <Item id="tcm:72-1215-2" title="E-Commerce" itemType="Folder" blueprintStatus="SharedItem" selected="true" exported="true">
            <Item id="tcm:72-1220-2" title="Widgets" itemType="Folder" blueprintStatus="SharedItem" selected="true" exported="true">
              <Item id="tcm:72-4723" title="Search%20Feedback" extension="xml" itemType="Component" blueprintStatus="LocalItem" selected="true" exported="true" />
            </Item>
          </Item>
          <Item id="04abde0ffefa4efd918d28002f87eb8a" title="Homepage" itemType="Folder" selected="false" exported="false">
            <Item id="c97272baae1b4880aba1cb3f38d7f8c8" title="Homepage%20Welcome" extension="xml" itemType="Component" selected="false" exported="false" />
          </Item>
          <Item id="tcm:72-1175-2" title="_Structure" itemType="Folder" blueprintStatus="SharedItem" selected="true" exported="true">
            <Item id="tcm:72-1218-2" title="MegaNavigation" itemType="Folder" blueprintStatus="SharedItem" selected="true" exported="true">
              <Item id="tcm:72-4724" title="Home%20Section" extension="xml" itemType="Component" blueprintStatus="LocalItem" selected="true" exported="true" />
            </Item>
          </Item>
        </Item>
        <Item id="9ecaff0195af4868b13f579df5cd1205" title="Default%20Templates" itemType="Folder" selected="false" exported="false">
          <Item id="773fec80e1bb4a5aab1308e8dfb17ee6" title="Default%20Component%20Template" extension="tctcmp" itemType="ComponentTemplate" selected="false" exported="false" />
          <Item id="1b941b96a29b4996b2c40e791c62d37a" title="Default%20Dreamweaver%20Page%20Design" extension="dwt" itemType="TemplateBuildingBlock" selected="false" exported="false" />
          <Item id="973340e2540b4070a07b91f653cc2d52" title="Default%20Page%20Template" extension="tptcmp" itemType="PageTemplate" selected="false" exported="false" />
        </Item>
        <Item id="cc6b30b16f394b8fbf5016431c3b6b9e" title="Modules" itemType="Folder" selected="false" exported="false">
          <Item id="66177e454a1443ce9b6f1e6b8a4ee519" title="E-Commerce" itemType="Folder" selected="false" exported="false">
            <Item id="f58ac3d26afe4b929267cfa71beae905" title="Editor" itemType="Folder" selected="false" exported="false">
              <Item id="0a772a62fece4e49927a67fc07af81c3" title="Schemas" itemType="Folder" selected="false" exported="false">
                <Item id="ed992b8e8bb24ea199b383a6a9e35c33" title="ECommerce%20-%20Search%20Feedback" extension="xsd" itemType="Schema" selected="false" exported="false" />
              </Item>
            </Item>
          </Item>
          <Item id="21a5ae6698e040acacd77631a4102d74" title="Navigation" itemType="Folder" selected="false" exported="false">
            <Item id="6b8ee1fbe6584b1c80e6e10c6baaea29" title="Site%20Manager" itemType="Folder" selected="false" exported="false">
              <Item id="725df69e22ee45a2947ad4d81cb038ed" title="Schemas" itemType="Folder" selected="false" exported="false">
                <Item id="2c61af5f23bb43438e9fafd8cb28a7dd" title="Navigation%20Section" extension="xsd" itemType="Schema" selected="false" exported="false" />
              </Item>
            </Item>
          </Item>
        </Item>
        <Item id="c186a8969b494cfd9889fc97def78e05" title="Default%20Multimedia%20Schema" extension="xsd" itemType="Schema" selected="false" exported="false" />
      </Item>
      <Item id="eb22405958e842a698829e526feee44d" title="Task%20Process" extension="tpd" itemType="ProcessDefinition" selected="false" exported="false" />
    </Item>
  </Item>
</Index>