<Mappings xmlns="http://www.sdltridion.com/ContentManager/ImportExport/Package/2013">
  <ItemSet role="Publication">
    <Mapping exportTitle="000%20Empty" importTitle="" />
    <Mapping exportTitle="100%20Master" importTitle="" />
    <Mapping exportTitle="110%20DXA%20Site%20Type" importTitle="" />
    <Mapping exportTitle="200%20Example%20Content" importTitle="" />
    <Mapping exportTitle="400%20Example%20Site" importTitle="" />
  </ItemSet>
  <ItemSet role="Folder">
    <Mapping exportContext="/000%20Empty" exportTitle="Building%20Blocks" importContext="" importTitle="" />
    <Mapping exportContext="/000%20Empty/Building%20Blocks" exportTitle="Default%20Templates" importContext="" importTitle="" />
    <Mapping exportContext="/100%20Master" exportTitle="Building%20Blocks" importContext="" importTitle="" />
    <Mapping exportContext="/100%20Master/Building%20Blocks" exportTitle="Default%20Templates" importContext="" importTitle="" />
    <Mapping exportContext="/100%20Master/Building%20Blocks" exportTitle="Modules" importContext="" importTitle="" />
    <Mapping exportContext="/100%20Master/Building%20Blocks/Modules" exportTitle="Core" importContext="" importTitle="" />
    <Mapping exportContext="/100%20Master/Building%20Blocks/Modules/Core" exportTitle="Developer" importContext="" importTitle="" />
    <Mapping exportContext="/100%20Master/Building%20Blocks/Modules/Core/Developer" exportTitle="Core%20Template%20Building%20Blocks" importContext="" importTitle="" />
    <Mapping exportContext="/100%20Master/Building%20Blocks/Modules/Core/Developer/Core%20Template%20Building%20Blocks" exportTitle="DD4T" importContext="" importTitle="" />
    <Mapping exportContext="/100%20Master/Building%20Blocks/Modules/Core/Developer" exportTitle="Schemas" importContext="" importTitle="" />
    <Mapping exportContext="/100%20Master/Building%20Blocks/Modules/Core/Developer/Schemas" exportTitle="Embedded" importContext="" importTitle="" />
    <Mapping exportContext="/100%20Master/Building%20Blocks/Modules/Core/Developer/Schemas" exportTitle="Metadata" importContext="" importTitle="" />
    <Mapping exportContext="/100%20Master/Building%20Blocks/Modules/Core/Developer" exportTitle="Templates" importContext="" importTitle="" />
    <Mapping exportContext="/100%20Master/Building%20Blocks/Modules/Core" exportTitle="Editor" importContext="" importTitle="" />
    <Mapping exportContext="/100%20Master/Building%20Blocks/Modules/Core/Editor" exportTitle="Schemas" importContext="" importTitle="" />
    <Mapping exportContext="/100%20Master/Building%20Blocks/Modules/Core/Editor/Schemas" exportTitle="Embedded" importContext="" importTitle="" />
    <Mapping exportContext="/100%20Master/Building%20Blocks/Modules/Core/Editor" exportTitle="Templates" importContext="" importTitle="" />
    <Mapping exportContext="/100%20Master/Building%20Blocks/Modules/Core" exportTitle="Site%20Manager" importContext="" importTitle="" />
    <Mapping exportContext="/100%20Master/Building%20Blocks/Modules/Core/Site%20Manager" exportTitle="Schemas" importContext="" importTitle="" />
    <Mapping exportContext="/100%20Master/Building%20Blocks/Modules/Core/Site%20Manager/Schemas" exportTitle="Metadata" importContext="" importTitle="" />
    <Mapping exportContext="/100%20Master/Building%20Blocks/Modules/Core/Site%20Manager" exportTitle="Templates" importContext="" importTitle="" />
    <Mapping exportContext="/100%20Master/Building%20Blocks/Modules" exportTitle="E-Commerce" importContext="" importTitle="" />
    <Mapping exportContext="/100%20Master/Building%20Blocks/Modules/E-Commerce" exportTitle="Editor" importContext="" importTitle="" />
    <Mapping exportContext="/100%20Master/Building%20Blocks/Modules/E-Commerce/Editor" exportTitle="Schemas" importContext="" importTitle="" />
    <Mapping exportContext="/100%20Master/Building%20Blocks/Modules/E-Commerce/Editor/Schemas" exportTitle="Default%20Images" importContext="" importTitle="" />
    <Mapping exportContext="/100%20Master/Building%20Blocks/Modules/E-Commerce/Editor/Schemas" exportTitle="Embedded" importContext="" importTitle="" />
    <Mapping exportContext="/100%20Master/Building%20Blocks/Modules/E-Commerce/Editor" exportTitle="Templates" importContext="" importTitle="" />
    <Mapping exportContext="/100%20Master/Building%20Blocks/Modules/E-Commerce" exportTitle="Site%20Manager" importContext="" importTitle="" />
    <Mapping exportContext="/100%20Master/Building%20Blocks/Modules/E-Commerce/Site%20Manager" exportTitle="Default%20Widgets" importContext="" importTitle="" />
    <Mapping exportContext="/100%20Master/Building%20Blocks/Modules" exportTitle="Navigation" importContext="" importTitle="" />
    <Mapping exportContext="/100%20Master/Building%20Blocks/Modules/Navigation" exportTitle="Site%20Manager" importContext="" importTitle="" />
    <Mapping exportContext="/100%20Master/Building%20Blocks/Modules/Navigation/Site%20Manager" exportTitle="Schemas" importContext="" importTitle="" />
    <Mapping exportContext="/100%20Master/Building%20Blocks/Modules/Navigation/Site%20Manager" exportTitle="Templates" importContext="" importTitle="" />
    <Mapping exportContext="/100%20Master/Building%20Blocks" exportTitle="Settings" importContext="" importTitle="" />
    <Mapping exportContext="/100%20Master/Building%20Blocks/Settings" exportTitle="Core" importContext="" importTitle="" />
    <Mapping exportContext="/100%20Master/Building%20Blocks/Settings/Core" exportTitle="Site%20Manager" importContext="" importTitle="" />
    <Mapping exportContext="/110%20DXA%20Site%20Type" exportTitle="Building%20Blocks" importContext="" importTitle="" />
    <Mapping exportContext="/110%20DXA%20Site%20Type/Building%20Blocks" exportTitle="Content" importContext="" importTitle="" />
    <Mapping exportContext="/110%20DXA%20Site%20Type/Building%20Blocks/Content" exportTitle="_Cloneable%20Content" importContext="" importTitle="" />
    <Mapping exportContext="/110%20DXA%20Site%20Type/Building%20Blocks/Content" exportTitle="_Structure" importContext="" importTitle="" />
    <Mapping exportContext="/110%20DXA%20Site%20Type/Building%20Blocks/Content/_Structure" exportTitle="Header" importContext="" importTitle="" />
    <Mapping exportContext="/110%20DXA%20Site%20Type/Building%20Blocks/Content/_Structure" exportTitle="MegaNavigation" importContext="" importTitle="" />
    <Mapping exportContext="/110%20DXA%20Site%20Type/Building%20Blocks/Content" exportTitle="Articles" importContext="" importTitle="" />
    <Mapping exportContext="/110%20DXA%20Site%20Type/Building%20Blocks/Content" exportTitle="E-Commerce" importContext="" importTitle="" />
    <Mapping exportContext="/110%20DXA%20Site%20Type/Building%20Blocks/Content/E-Commerce" exportTitle="Category" importContext="" importTitle="" />
    <Mapping exportContext="/110%20DXA%20Site%20Type/Building%20Blocks/Content/E-Commerce" exportTitle="Detail" importContext="" importTitle="" />
    <Mapping exportContext="/110%20DXA%20Site%20Type/Building%20Blocks/Content/E-Commerce" exportTitle="Images" importContext="" importTitle="" />
    <Mapping exportContext="/110%20DXA%20Site%20Type/Building%20Blocks/Content/E-Commerce" exportTitle="Widgets" importContext="" importTitle="" />
    <Mapping exportContext="/110%20DXA%20Site%20Type/Building%20Blocks/Content" exportTitle="Images" importContext="" importTitle="" />
    <Mapping exportContext="/110%20DXA%20Site%20Type/Building%20Blocks/Content" exportTitle="Video" importContext="" importTitle="" />
    <Mapping exportContext="/110%20DXA%20Site%20Type/Building%20Blocks" exportTitle="Default%20Templates" importContext="" importTitle="" />
    <Mapping exportContext="/110%20DXA%20Site%20Type/Building%20Blocks" exportTitle="Modules" importContext="" importTitle="" />
    <Mapping exportContext="/110%20DXA%20Site%20Type/Building%20Blocks/Modules" exportTitle="Core" importContext="" importTitle="" />
    <Mapping exportContext="/110%20DXA%20Site%20Type/Building%20Blocks/Modules/Core" exportTitle="Editor" importContext="" importTitle="" />
    <Mapping exportContext="/110%20DXA%20Site%20Type/Building%20Blocks/Modules/Core/Editor" exportTitle="Schemas" importContext="" importTitle="" />
    <Mapping exportContext="/110%20DXA%20Site%20Type/Building%20Blocks/Modules/Core/Editor" exportTitle="Templates" importContext="" importTitle="" />
    <Mapping exportContext="/110%20DXA%20Site%20Type/Building%20Blocks/Modules/Core" exportTitle="Site%20Manager" importContext="" importTitle="" />
    <Mapping exportContext="/110%20DXA%20Site%20Type/Building%20Blocks/Modules/Core/Site%20Manager" exportTitle="Schemas" importContext="" importTitle="" />
    <Mapping exportContext="/110%20DXA%20Site%20Type/Building%20Blocks/Modules" exportTitle="E-Commerce" importContext="" importTitle="" />
    <Mapping exportContext="/110%20DXA%20Site%20Type/Building%20Blocks/Modules/E-Commerce" exportTitle="Editor" importContext="" importTitle="" />
    <Mapping exportContext="/110%20DXA%20Site%20Type/Building%20Blocks/Modules/E-Commerce/Editor" exportTitle="Schemas" importContext="" importTitle="" />
    <Mapping exportContext="/110%20DXA%20Site%20Type/Building%20Blocks/Modules/E-Commerce/Editor/Schemas" exportTitle="Default%20Images" importContext="" importTitle="" />
    <Mapping exportContext="/110%20DXA%20Site%20Type/Building%20Blocks/Modules/E-Commerce/Editor" exportTitle="Templates" importContext="" importTitle="" />
    <Mapping exportContext="/110%20DXA%20Site%20Type/Building%20Blocks/Modules/E-Commerce" exportTitle="Site%20Manager" importContext="" importTitle="" />
    <Mapping exportContext="/110%20DXA%20Site%20Type/Building%20Blocks/Modules/E-Commerce/Site%20Manager" exportTitle="Default%20Widgets" importContext="" importTitle="" />
    <Mapping exportContext="/200%20Example%20Content" exportTitle="Building%20Blocks" importContext="" importTitle="" />
    <Mapping exportContext="/200%20Example%20Content/Building%20Blocks" exportTitle="Content" importContext="" importTitle="" />
    <Mapping exportContext="/200%20Example%20Content/Building%20Blocks/Content" exportTitle="_Structure" importContext="" importTitle="" />
    <Mapping exportContext="/200%20Example%20Content/Building%20Blocks/Content/_Structure" exportTitle="Header" importContext="" importTitle="" />
    <Mapping exportContext="/200%20Example%20Content/Building%20Blocks/Content/_Structure" exportTitle="MegaNavigation" importContext="" importTitle="" />
    <Mapping exportContext="/200%20Example%20Content/Building%20Blocks/Content" exportTitle="About" importContext="" importTitle="" />
    <Mapping exportContext="/200%20Example%20Content/Building%20Blocks/Content" exportTitle="E-Commerce" importContext="" importTitle="" />
    <Mapping exportContext="/200%20Example%20Content/Building%20Blocks/Content/E-Commerce" exportTitle="Widgets" importContext="" importTitle="" />
    <Mapping exportContext="/200%20Example%20Content/Building%20Blocks/Content" exportTitle="Homepage" importContext="" importTitle="" />
    <Mapping exportContext="/200%20Example%20Content/Building%20Blocks/Content" exportTitle="Images" importContext="" importTitle="" />
    <Mapping exportContext="/200%20Example%20Content/Building%20Blocks/Content/Images" exportTitle="Large" importContext="" importTitle="" />
    <Mapping exportContext="/200%20Example%20Content/Building%20Blocks/Content" exportTitle="Video" importContext="" importTitle="" />
    <Mapping exportContext="/200%20Example%20Content/Building%20Blocks" exportTitle="Default%20Templates" importContext="" importTitle="" />
    <Mapping exportContext="/200%20Example%20Content/Building%20Blocks" exportTitle="Modules" importContext="" importTitle="" />
    <Mapping exportContext="/200%20Example%20Content/Building%20Blocks/Modules" exportTitle="Core" importContext="" importTitle="" />
    <Mapping exportContext="/200%20Example%20Content/Building%20Blocks/Modules/Core" exportTitle="Editor" importContext="" importTitle="" />
    <Mapping exportContext="/200%20Example%20Content/Building%20Blocks/Modules/Core/Editor" exportTitle="Schemas" importContext="" importTitle="" />
    <Mapping exportContext="/200%20Example%20Content/Building%20Blocks/Modules" exportTitle="E-Commerce" importContext="" importTitle="" />
    <Mapping exportContext="/200%20Example%20Content/Building%20Blocks/Modules/E-Commerce" exportTitle="Editor" importContext="" importTitle="" />
    <Mapping exportContext="/200%20Example%20Content/Building%20Blocks/Modules/E-Commerce/Editor" exportTitle="Schemas" importContext="" importTitle="" />
    <Mapping exportContext="/200%20Example%20Content/Building%20Blocks/Modules" exportTitle="Navigation" importContext="" importTitle="" />
    <Mapping exportContext="/200%20Example%20Content/Building%20Blocks/Modules/Navigation" exportTitle="Site%20Manager" importContext="" importTitle="" />
    <Mapping exportContext="/200%20Example%20Content/Building%20Blocks/Modules/Navigation/Site%20Manager" exportTitle="Schemas" importContext="" importTitle="" />
    <Mapping exportContext="/400%20Example%20Site" exportTitle="Building%20Blocks" importContext="" importTitle="" />
    <Mapping exportContext="/400%20Example%20Site/Building%20Blocks" exportTitle="Content" importContext="" importTitle="" />
    <Mapping exportContext="/400%20Example%20Site/Building%20Blocks/Content" exportTitle="_Structure" importContext="" importTitle="" />
    <Mapping exportContext="/400%20Example%20Site/Building%20Blocks/Content/_Structure" exportTitle="Header" importContext="" importTitle="" />
    <Mapping exportContext="/400%20Example%20Site/Building%20Blocks/Content/_Structure" exportTitle="MegaNavigation" importContext="" importTitle="" />
    <Mapping exportContext="/400%20Example%20Site/Building%20Blocks/Content" exportTitle="About" importContext="" importTitle="" />
    <Mapping exportContext="/400%20Example%20Site/Building%20Blocks/Content" exportTitle="E-Commerce" importContext="" importTitle="" />
    <Mapping exportContext="/400%20Example%20Site/Building%20Blocks/Content/E-Commerce" exportTitle="Widgets" importContext="" importTitle="" />
    <Mapping exportContext="/400%20Example%20Site/Building%20Blocks/Content" exportTitle="Homepage" importContext="" importTitle="" />
    <Mapping exportContext="/400%20Example%20Site/Building%20Blocks" exportTitle="Default%20Templates" importContext="" importTitle="" />
    <Mapping exportContext="/400%20Example%20Site/Building%20Blocks" exportTitle="Modules" importContext="" importTitle="" />
    <Mapping exportContext="/400%20Example%20Site/Building%20Blocks/Modules" exportTitle="Core" importContext="" importTitle="" />
    <Mapping exportContext="/400%20Example%20Site/Building%20Blocks/Modules/Core" exportTitle="Editor" importContext="" importTitle="" />
    <Mapping exportContext="/400%20Example%20Site/Building%20Blocks/Modules/Core/Editor" exportTitle="Schemas" importContext="" importTitle="" />
    <Mapping exportContext="/400%20Example%20Site/Building%20Blocks/Modules/Core/Editor" exportTitle="Templates" importContext="" importTitle="" />
    <Mapping exportContext="/400%20Example%20Site/Building%20Blocks/Modules/Core" exportTitle="Site%20Manager" importContext="" importTitle="" />
    <Mapping exportContext="/400%20Example%20Site/Building%20Blocks/Modules/Core/Site%20Manager" exportTitle="Schemas" importContext="" importTitle="" />
    <Mapping exportContext="/400%20Example%20Site/Building%20Blocks/Modules/Core/Site%20Manager/Schemas" exportTitle="Metadata" importContext="" importTitle="" />
    <Mapping exportContext="/400%20Example%20Site/Building%20Blocks/Modules/Core/Site%20Manager" exportTitle="Templates" importContext="" importTitle="" />
    <Mapping exportContext="/400%20Example%20Site/Building%20Blocks/Modules" exportTitle="E-Commerce" importContext="" importTitle="" />
    <Mapping exportContext="/400%20Example%20Site/Building%20Blocks/Modules/E-Commerce" exportTitle="Editor" importContext="" importTitle="" />
    <Mapping exportContext="/400%20Example%20Site/Building%20Blocks/Modules/E-Commerce/Editor" exportTitle="Templates" importContext="" importTitle="" />
    <Mapping exportContext="/400%20Example%20Site/Building%20Blocks/Modules/E-Commerce" exportTitle="Site%20Manager" importContext="" importTitle="" />
    <Mapping exportContext="/400%20Example%20Site/Building%20Blocks/Modules/E-Commerce/Site%20Manager" exportTitle="Default%20Widgets" importContext="" importTitle="" />
    <Mapping exportContext="/400%20Example%20Site/Building%20Blocks/Modules" exportTitle="Navigation" importContext="" importTitle="" />
    <Mapping exportContext="/400%20Example%20Site/Building%20Blocks/Modules/Navigation" exportTitle="Site%20Manager" importContext="" importTitle="" />
    <Mapping exportContext="/400%20Example%20Site/Building%20Blocks/Modules/Navigation/Site%20Manager" exportTitle="Templates" importContext="" importTitle="" />
    <Mapping exportContext="/400%20Example%20Site/Building%20Blocks" exportTitle="Settings" importContext="" importTitle="" />
    <Mapping exportContext="/400%20Example%20Site/Building%20Blocks/Settings" exportTitle="Core" importContext="" importTitle="" />
    <Mapping exportContext="/400%20Example%20Site/Building%20Blocks/Settings/Core" exportTitle="Site%20Manager" importContext="" importTitle="" />
  </ItemSet>
  <ItemSet role="StructureGroup">
    <Mapping exportContext="/000%20Empty" exportTitle="Home" importContext="" importTitle="" />
    <Mapping exportContext="/100%20Master" exportTitle="Home" importContext="" importTitle="" />
    <Mapping exportContext="/100%20Master/Home" exportTitle="_System" importContext="" importTitle="" />
    <Mapping exportContext="/100%20Master/Home/_System" exportTitle="include" importContext="" importTitle="" />
    <Mapping exportContext="/110%20DXA%20Site%20Type" exportTitle="Home" importContext="" importTitle="" />
    <Mapping exportContext="/110%20DXA%20Site%20Type/Home" exportTitle="_Page%20Types" importContext="" importTitle="" />
    <Mapping exportContext="/200%20Example%20Content" exportTitle="Home" importContext="" importTitle="" />
    <Mapping exportContext="/200%20Example%20Content/Home" exportTitle="_Page%20Types" importContext="" importTitle="" />
    <Mapping exportContext="/400%20Example%20Site" exportTitle="Home" importContext="" importTitle="" />
    <Mapping exportContext="/400%20Example%20Site/Home" exportTitle="_System" importContext="" importTitle="" />
    <Mapping exportContext="/400%20Example%20Site/Home/_System" exportTitle="include" importContext="" importTitle="" />
    <Mapping exportContext="/400%20Example%20Site/Home" exportTitle="Categories" importContext="" importTitle="" />
    <Mapping exportContext="/400%20Example%20Site/Home" exportTitle="Product%20Details" importContext="" importTitle="" />
  </ItemSet>
  <ItemSet role="Schema">
    <Mapping exportContext="/000%20Empty/Building%20Blocks" exportTitle="Default%20Multimedia%20Schema.xsd" importContext="" importTitle="" />
    <Mapping exportContext="/000%20Empty/Building%20Blocks/Default%20Templates" exportTitle="Convert%20Xml%20to%20Html.xsd" importContext="" importTitle="" />
    <Mapping exportContext="/000%20Empty/Building%20Blocks/Default%20Templates" exportTitle="Default%20Finish%20Actions.xsd" importContext="" importTitle="" />
    <Mapping exportContext="/000%20Empty/Building%20Blocks/Default%20Templates" exportTitle="Dreamweaver%20Region%20Selection.xsd" importContext="" importTitle="" />
    <Mapping exportContext="/000%20Empty/Building%20Blocks/Default%20Templates" exportTitle="Link%20Resolver.xsd" importContext="" importTitle="" />
    <Mapping exportContext="/000%20Empty/Building%20Blocks/Default%20Templates" exportTitle="Publish%20Binaries%20in%20Package.xsd" importContext="" importTitle="" />
    <Mapping exportContext="/100%20Master/Building%20Blocks" exportTitle="Default%20Multimedia%20Schema.xsd" importContext="" importTitle="" />
    <Mapping exportContext="/100%20Master/Building%20Blocks/Modules/Core/Developer/Core%20Template%20Building%20Blocks/DD4T" exportTitle="Generate%20dynamic%20component%20presentation.xsd" importContext="" importTitle="" />
    <Mapping exportContext="/100%20Master/Building%20Blocks/Modules/Core/Developer/Core%20Template%20Building%20Blocks/DD4T" exportTitle="Generate%20dynamic%20page.xsd" importContext="" importTitle="" />
    <Mapping exportContext="/100%20Master/Building%20Blocks/Modules/Core/Developer/Core%20Template%20Building%20Blocks/DD4T" exportTitle="Publish%20binaries%20for%20component.xsd" importContext="" importTitle="" />
    <Mapping exportContext="/100%20Master/Building%20Blocks/Modules/Core/Developer/Core%20Template%20Building%20Blocks" exportTitle="Resolve%20Rich%20Text.xsd" importContext="" importTitle="" />
    <Mapping exportContext="/100%20Master/Building%20Blocks/Modules/Core/Developer/Schemas/Embedded" exportTitle="Region%20Metadata.xsd" importContext="" importTitle="" />
    <Mapping exportContext="/100%20Master/Building%20Blocks/Modules/Core/Developer/Schemas/Metadata" exportTitle="Component%20Template%20Metadata.xsd" importContext="" importTitle="" />
    <Mapping exportContext="/100%20Master/Building%20Blocks/Modules/Core/Developer/Schemas/Metadata" exportTitle="Page%20Template%20Metadata.xsd" importContext="" importTitle="" />
    <Mapping exportContext="/100%20Master/Building%20Blocks/Modules/Core/Editor/Schemas" exportTitle="Article.xsd" importContext="" importTitle="" />
    <Mapping exportContext="/100%20Master/Building%20Blocks/Modules/Core/Editor/Schemas/Embedded" exportTitle="Item%20List%20Element.xsd" importContext="" importTitle="" />
    <Mapping exportContext="/100%20Master/Building%20Blocks/Modules/Core/Editor/Schemas/Embedded" exportTitle="Link.xsd" importContext="" importTitle="" />
    <Mapping exportContext="/100%20Master/Building%20Blocks/Modules/Core/Editor/Schemas/Embedded" exportTitle="Paragraph.xsd" importContext="" importTitle="" />
    <Mapping exportContext="/100%20Master/Building%20Blocks/Modules/Core/Editor/Schemas/Embedded" exportTitle="Standard%20Metadata.xsd" importContext="" importTitle="" />
    <Mapping exportContext="/100%20Master/Building%20Blocks/Modules/Core/Editor/Schemas" exportTitle="Image.xsd" importContext="" importTitle="" />
    <Mapping exportContext="/100%20Master/Building%20Blocks/Modules/Core/Editor/Schemas" exportTitle="Item%20List.xsd" importContext="" importTitle="" />
    <Mapping exportContext="/100%20Master/Building%20Blocks/Modules/Core/Editor/Schemas" exportTitle="Link%20List.xsd" importContext="" importTitle="" />
    <Mapping exportContext="/100%20Master/Building%20Blocks/Modules/Core/Editor/Schemas" exportTitle="Teaser.xsd" importContext="" importTitle="" />
    <Mapping exportContext="/100%20Master/Building%20Blocks/Modules/Core/Editor/Schemas" exportTitle="YouTube%20Video.xsd" importContext="" importTitle="" />
    <Mapping exportContext="/100%20Master/Building%20Blocks/Modules/Core/Site%20Manager/Schemas" exportTitle="Language%20Selector%20Configuration.xsd" importContext="" importTitle="" />
    <Mapping exportContext="/100%20Master/Building%20Blocks/Modules/Core/Site%20Manager/Schemas/Metadata" exportTitle="Publication%20Metadata.xsd" importContext="" importTitle="" />
    <Mapping exportContext="/100%20Master/Building%20Blocks/Modules/Core/Site%20Manager/Schemas" exportTitle="Notification%20Bar.xsd" importContext="" importTitle="" />
    <Mapping exportContext="/100%20Master/Building%20Blocks/Modules/E-Commerce/Editor/Schemas" exportTitle="ECommerce%20-%20Breadcrumb%20Widget.xsd" importContext="" importTitle="" />
    <Mapping exportContext="/100%20Master/Building%20Blocks/Modules/E-Commerce/Editor/Schemas" exportTitle="ECommerce%20-%20Cart%20Widget.xsd" importContext="" importTitle="" />
    <Mapping exportContext="/100%20Master/Building%20Blocks/Modules/E-Commerce/Editor/Schemas" exportTitle="ECommerce%20-%20Facets%20Widget.xsd" importContext="" importTitle="" />
    <Mapping exportContext="/100%20Master/Building%20Blocks/Modules/E-Commerce/Editor/Schemas" exportTitle="ECommerce%20-%20Product%20Detail%20Widget.xsd" importContext="" importTitle="" />
    <Mapping exportContext="/100%20Master/Building%20Blocks/Modules/E-Commerce/Editor/Schemas" exportTitle="ECommerce%20-%20Product%20Lister%20Widget.xsd" importContext="" importTitle="" />
    <Mapping exportContext="/100%20Master/Building%20Blocks/Modules/E-Commerce/Editor/Schemas" exportTitle="ECommerce%20-%20Promotions%20Widget.xsd" importContext="" importTitle="" />
    <Mapping exportContext="/100%20Master/Building%20Blocks/Modules/E-Commerce/Editor/Schemas" exportTitle="ECommerce%20-%20Search%20Box.xsd" importContext="" importTitle="" />
    <Mapping exportContext="/100%20Master/Building%20Blocks/Modules/E-Commerce/Editor/Schemas" exportTitle="ECommerce%20-%20Search%20Feedback.xsd" importContext="" importTitle="" />
    <Mapping exportContext="/100%20Master/Building%20Blocks/Modules/E-Commerce/Editor/Schemas/Embedded" exportTitle="E-Commerce%20Category.xsd" importContext="" importTitle="" />
    <Mapping exportContext="/100%20Master/Building%20Blocks/Modules/E-Commerce/Editor/Schemas/Embedded" exportTitle="E-Commerce%20Product.xsd" importContext="" importTitle="" />
    <Mapping exportContext="/100%20Master/Building%20Blocks/Modules/Navigation/Site%20Manager/Schemas" exportTitle="Navigation%20Item.xsd" importContext="" importTitle="" />
    <Mapping exportContext="/100%20Master/Building%20Blocks/Modules/Navigation/Site%20Manager/Schemas" exportTitle="Navigation%20Section.xsd" importContext="" importTitle="" />
    <Mapping exportContext="/110%20DXA%20Site%20Type/Building%20Blocks" exportTitle="Default%20Multimedia%20Schema.xsd" importContext="" importTitle="" />
    <Mapping exportContext="/110%20DXA%20Site%20Type/Building%20Blocks/Modules/Core/Editor/Schemas" exportTitle="Image.xsd" importContext="" importTitle="" />
    <Mapping exportContext="/110%20DXA%20Site%20Type/Building%20Blocks/Modules/Core/Editor/Schemas" exportTitle="YouTube%20Video.xsd" importContext="" importTitle="" />
    <Mapping exportContext="/110%20DXA%20Site%20Type/Building%20Blocks/Modules/Core/Site%20Manager/Schemas" exportTitle="Notification%20Bar.xsd" importContext="" importTitle="" />
    <Mapping exportContext="/110%20DXA%20Site%20Type/Building%20Blocks/Modules/E-Commerce/Editor/Schemas" exportTitle="ECommerce%20-%20Product%20Detail%20Widget.xsd" importContext="" importTitle="" />
    <Mapping exportContext="/200%20Example%20Content/Building%20Blocks" exportTitle="Default%20Multimedia%20Schema.xsd" importContext="" importTitle="" />
    <Mapping exportContext="/200%20Example%20Content/Building%20Blocks/Modules/Core/Editor/Schemas" exportTitle="Article.xsd" importContext="" importTitle="" />
    <Mapping exportContext="/200%20Example%20Content/Building%20Blocks/Modules/Core/Editor/Schemas" exportTitle="Image.xsd" importContext="" importTitle="" />
    <Mapping exportContext="/200%20Example%20Content/Building%20Blocks/Modules/Core/Editor/Schemas" exportTitle="Item%20List.xsd" importContext="" importTitle="" />
    <Mapping exportContext="/200%20Example%20Content/Building%20Blocks/Modules/Core/Editor/Schemas" exportTitle="YouTube%20Video.xsd" importContext="" importTitle="" />
    <Mapping exportContext="/200%20Example%20Content/Building%20Blocks/Modules/E-Commerce/Editor/Schemas" exportTitle="ECommerce%20-%20Search%20Feedback.xsd" importContext="" importTitle="" />
    <Mapping exportContext="/200%20Example%20Content/Building%20Blocks/Modules/Navigation/Site%20Manager/Schemas" exportTitle="Navigation%20Section.xsd" importContext="" importTitle="" />
    <Mapping exportContext="/400%20Example%20Site/Building%20Blocks" exportTitle="Default%20Multimedia%20Schema.xsd" importContext="" importTitle="" />
    <Mapping exportContext="/400%20Example%20Site/Building%20Blocks/Modules/Core/Editor/Schemas" exportTitle="Link%20List.xsd" importContext="" importTitle="" />
    <Mapping exportContext="/400%20Example%20Site/Building%20Blocks/Modules/Core/Editor/Schemas" exportTitle="Teaser.xsd" importContext="" importTitle="" />
    <Mapping exportContext="/400%20Example%20Site/Building%20Blocks/Modules/Core/Site%20Manager/Schemas/Metadata" exportTitle="Publication%20Metadata.xsd" importContext="" importTitle="" />
    <Mapping exportContext="/400%20Example%20Site/Building%20Blocks/Modules/Core/Site%20Manager/Schemas" exportTitle="Notification%20Bar.xsd" importContext="" importTitle="" />
  </ItemSet>
  <ItemSet role="Component">
    <Mapping exportContext="/100%20Master/Building%20Blocks/Modules/E-Commerce/Editor/Schemas/Default%20Images" exportTitle="Empty%20Image.png" importContext="" importTitle="" />
    <Mapping exportContext="/100%20Master/Building%20Blocks/Modules/E-Commerce/Site%20Manager/Default%20Widgets" exportTitle="Breadcrumb.xml" importContext="" importTitle="" />
    <Mapping exportContext="/100%20Master/Building%20Blocks/Modules/E-Commerce/Site%20Manager/Default%20Widgets" exportTitle="Cart.xml" importContext="" importTitle="" />
    <Mapping exportContext="/100%20Master/Building%20Blocks/Modules/E-Commerce/Site%20Manager/Default%20Widgets" exportTitle="Facets.xml" importContext="" importTitle="" />
    <Mapping exportContext="/100%20Master/Building%20Blocks/Modules/E-Commerce/Site%20Manager/Default%20Widgets" exportTitle="Product%20Detail.xml" importContext="" importTitle="" />
    <Mapping exportContext="/100%20Master/Building%20Blocks/Modules/E-Commerce/Site%20Manager/Default%20Widgets" exportTitle="Product%20Lister.xml" importContext="" importTitle="" />
    <Mapping exportContext="/100%20Master/Building%20Blocks/Modules/E-Commerce/Site%20Manager/Default%20Widgets" exportTitle="Promotions.xml" importContext="" importTitle="" />
    <Mapping exportContext="/100%20Master/Building%20Blocks/Modules/E-Commerce/Site%20Manager/Default%20Widgets" exportTitle="Search%20Box.xml" importContext="" importTitle="" />
    <Mapping exportContext="/100%20Master/Building%20Blocks/Settings/Core/Site%20Manager" exportTitle="Language%20Selector%20Configuration.xml" importContext="" importTitle="" />
    <Mapping exportContext="/110%20DXA%20Site%20Type/Building%20Blocks/Content/_Cloneable%20Content" exportTitle="Article.xml" importContext="" importTitle="" />
    <Mapping exportContext="/110%20DXA%20Site%20Type/Building%20Blocks/Content/_Cloneable%20Content" exportTitle="Content%20List.xml" importContext="" importTitle="" />
    <Mapping exportContext="/110%20DXA%20Site%20Type/Building%20Blocks/Content/_Cloneable%20Content" exportTitle="Content%20Query.xml" importContext="" importTitle="" />
    <Mapping exportContext="/110%20DXA%20Site%20Type/Building%20Blocks/Content/_Cloneable%20Content" exportTitle="E-Commerce%20Product%20Detail.xml" importContext="" importTitle="" />
    <Mapping exportContext="/110%20DXA%20Site%20Type/Building%20Blocks/Content/_Cloneable%20Content" exportTitle="Image%20List.xml" importContext="" importTitle="" />
    <Mapping exportContext="/110%20DXA%20Site%20Type/Building%20Blocks/Content/_Cloneable%20Content" exportTitle="Large%20Image.jpg" importContext="" importTitle="" />
    <Mapping exportContext="/110%20DXA%20Site%20Type/Building%20Blocks/Content/_Cloneable%20Content" exportTitle="News%20Article.xml" importContext="" importTitle="" />
    <Mapping exportContext="/110%20DXA%20Site%20Type/Building%20Blocks/Content/_Cloneable%20Content" exportTitle="Place.xml" importContext="" importTitle="" />
    <Mapping exportContext="/110%20DXA%20Site%20Type/Building%20Blocks/Content/_Cloneable%20Content" exportTitle="YouTube%20Video.jpg" importContext="" importTitle="" />
    <Mapping exportContext="/110%20DXA%20Site%20Type/Building%20Blocks/Content/_Structure/Header" exportTitle="Old%20Browser%20bar.xml" importContext="" importTitle="" />
    <Mapping exportContext="/110%20DXA%20Site%20Type/Building%20Blocks/Modules/E-Commerce/Editor/Schemas/Default%20Images" exportTitle="Empty%20Image.png" importContext="" importTitle="" />
    <Mapping exportContext="/110%20DXA%20Site%20Type/Building%20Blocks/Modules/E-Commerce/Site%20Manager/Default%20Widgets" exportTitle="Breadcrumb.xml" importContext="" importTitle="" />
    <Mapping exportContext="/110%20DXA%20Site%20Type/Building%20Blocks/Modules/E-Commerce/Site%20Manager/Default%20Widgets" exportTitle="Facets.xml" importContext="" importTitle="" />
    <Mapping exportContext="/110%20DXA%20Site%20Type/Building%20Blocks/Modules/E-Commerce/Site%20Manager/Default%20Widgets" exportTitle="Product%20Detail.xml" importContext="" importTitle="" />
    <Mapping exportContext="/110%20DXA%20Site%20Type/Building%20Blocks/Modules/E-Commerce/Site%20Manager/Default%20Widgets" exportTitle="Product%20Lister.xml" importContext="" importTitle="" />
    <Mapping exportContext="/110%20DXA%20Site%20Type/Building%20Blocks/Modules/E-Commerce/Site%20Manager/Default%20Widgets" exportTitle="Promotions.xml" importContext="" importTitle="" />
    <Mapping exportContext="/200%20Example%20Content/Building%20Blocks/Content/_Structure/Header" exportTitle="Company%20Logo%20540%20px.png" importContext="" importTitle="" />
    <Mapping exportContext="/200%20Example%20Content/Building%20Blocks/Content/_Structure/MegaNavigation" exportTitle="Home%20Section.xml" importContext="" importTitle="" />
    <Mapping exportContext="/200%20Example%20Content/Building%20Blocks/Content/About" exportTitle="Company%20Information.xml" importContext="" importTitle="" />
    <Mapping exportContext="/200%20Example%20Content/Building%20Blocks/Content/About" exportTitle="Contact%20Tab%20Content.xml" importContext="" importTitle="" />
    <Mapping exportContext="/200%20Example%20Content/Building%20Blocks/Content/About" exportTitle="Privacy%20Policy.xml" importContext="" importTitle="" />
    <Mapping exportContext="/200%20Example%20Content/Building%20Blocks/Content/E-Commerce/Widgets" exportTitle="Search%20Feedback.xml" importContext="" importTitle="" />
    <Mapping exportContext="/200%20Example%20Content/Building%20Blocks/Content/Homepage" exportTitle="Homepage%20Welcome.xml" importContext="" importTitle="" />
    <Mapping exportContext="/200%20Example%20Content/Building%20Blocks/Content/Images/Large" exportTitle="planes.jpg" importContext="" importTitle="" />
    <Mapping exportContext="/200%20Example%20Content/Building%20Blocks/Content/Video" exportTitle="Company%20News%20Media%20Manager%20Video.png" importContext="" importTitle="" />
    <Mapping exportContext="/400%20Example%20Site/Building%20Blocks/Content/_Structure/Header" exportTitle="Company%20Logo%20540%20px.png" importContext="" importTitle="" />
    <Mapping exportContext="/400%20Example%20Site/Building%20Blocks/Content/_Structure/Header" exportTitle="Cookie%20bar.xml" importContext="" importTitle="" />
    <Mapping exportContext="/400%20Example%20Site/Building%20Blocks/Content/_Structure/Header" exportTitle="Header%20Links.xml" importContext="" importTitle="" />
    <Mapping exportContext="/400%20Example%20Site/Building%20Blocks/Content/_Structure/Header" exportTitle="Header.xml" importContext="" importTitle="" />
    <Mapping exportContext="/400%20Example%20Site/Building%20Blocks/Content/_Structure/Header" exportTitle="Old%20Browser%20bar.xml" importContext="" importTitle="" />
    <Mapping exportContext="/400%20Example%20Site/Building%20Blocks/Content/_Structure/MegaNavigation" exportTitle="Home%20Section.xml" importContext="" importTitle="" />
    <Mapping exportContext="/400%20Example%20Site/Building%20Blocks/Content/About" exportTitle="Company%20Information.xml" importContext="" importTitle="" />
    <Mapping exportContext="/400%20Example%20Site/Building%20Blocks/Content/About" exportTitle="Contact%20Tab%20Content.xml" importContext="" importTitle="" />
    <Mapping exportContext="/400%20Example%20Site/Building%20Blocks/Content/About" exportTitle="Privacy%20Policy.xml" importContext="" importTitle="" />
    <Mapping exportContext="/400%20Example%20Site/Building%20Blocks/Content/E-Commerce/Widgets" exportTitle="Search%20Feedback.xml" importContext="" importTitle="" />
    <Mapping exportContext="/400%20Example%20Site/Building%20Blocks/Content/Homepage" exportTitle="Homepage%20Welcome.xml" importContext="" importTitle="" />
    <Mapping exportContext="/400%20Example%20Site/Building%20Blocks/Modules/E-Commerce/Site%20Manager/Default%20Widgets" exportTitle="Breadcrumb.xml" importContext="" importTitle="" />
    <Mapping exportContext="/400%20Example%20Site/Building%20Blocks/Modules/E-Commerce/Site%20Manager/Default%20Widgets" exportTitle="Cart.xml" importContext="" importTitle="" />
    <Mapping exportContext="/400%20Example%20Site/Building%20Blocks/Modules/E-Commerce/Site%20Manager/Default%20Widgets" exportTitle="Facets.xml" importContext="" importTitle="" />
    <Mapping exportContext="/400%20Example%20Site/Building%20Blocks/Modules/E-Commerce/Site%20Manager/Default%20Widgets" exportTitle="Product%20Detail.xml" importContext="" importTitle="" />
    <Mapping exportContext="/400%20Example%20Site/Building%20Blocks/Modules/E-Commerce/Site%20Manager/Default%20Widgets" exportTitle="Product%20Lister.xml" importContext="" importTitle="" />
    <Mapping exportContext="/400%20Example%20Site/Building%20Blocks/Modules/E-Commerce/Site%20Manager/Default%20Widgets" exportTitle="Promotions.xml" importContext="" importTitle="" />
    <Mapping exportContext="/400%20Example%20Site/Building%20Blocks/Modules/E-Commerce/Site%20Manager/Default%20Widgets" exportTitle="Search%20Box.xml" importContext="" importTitle="" />
    <Mapping exportContext="/400%20Example%20Site/Building%20Blocks/Settings/Core/Site%20Manager" exportTitle="Language%20Selector%20Configuration.xml" importContext="" importTitle="" />
  </ItemSet>
  <ItemSet role="ComponentTemplate">
    <Mapping exportContext="/000%20Empty/Building%20Blocks/Default%20Templates" exportTitle="Default%20Component%20Template.tctcmp" importContext="" importTitle="" />
    <Mapping exportContext="/100%20Master/Building%20Blocks/Default%20Templates" exportTitle="Default%20Component%20Template.tctcmp" importContext="" importTitle="" />
    <Mapping exportContext="/100%20Master/Building%20Blocks/Modules/Core/Site%20Manager/Templates" exportTitle="Cookie%20Notification%20Bar%20%5BInfo%5D.tctcmp" importContext="" importTitle="" />
    <Mapping exportContext="/100%20Master/Building%20Blocks/Modules/Core/Site%20Manager/Templates" exportTitle="Header%20Links%20%5BNav%5D.tctcmp" importContext="" importTitle="" />
    <Mapping exportContext="/100%20Master/Building%20Blocks/Modules/Core/Site%20Manager/Templates" exportTitle="Header%20Logo%20%5BLogo%5D.tctcmp" importContext="" importTitle="" />
    <Mapping exportContext="/100%20Master/Building%20Blocks/Modules/Core/Site%20Manager/Templates" exportTitle="Language%20Selector%20%5BNav%5D.tctcmp" importContext="" importTitle="" />
    <Mapping exportContext="/100%20Master/Building%20Blocks/Modules/Core/Site%20Manager/Templates" exportTitle="Old%20Browser%20Notification%20Bar%20%5BInfo%5D.tctcmp" importContext="" importTitle="" />
    <Mapping exportContext="/100%20Master/Building%20Blocks/Modules/E-Commerce/Editor/Templates" exportTitle="Breadcrumb.tctcmp" importContext="" importTitle="" />
    <Mapping exportContext="/100%20Master/Building%20Blocks/Modules/E-Commerce/Editor/Templates" exportTitle="Cart%20%5BNav%5D.tctcmp" importContext="" importTitle="" />
    <Mapping exportContext="/100%20Master/Building%20Blocks/Modules/E-Commerce/Editor/Templates" exportTitle="Cart.tctcmp" importContext="" importTitle="" />
    <Mapping exportContext="/100%20Master/Building%20Blocks/Modules/E-Commerce/Editor/Templates" exportTitle="Detail%20Breadcrumb.tctcmp" importContext="" importTitle="" />
    <Mapping exportContext="/100%20Master/Building%20Blocks/Modules/E-Commerce/Editor/Templates" exportTitle="Facets%20Widget%20%5BLeft%5D.tctcmp" importContext="" importTitle="" />
    <Mapping exportContext="/100%20Master/Building%20Blocks/Modules/E-Commerce/Editor/Templates" exportTitle="Product%20Detail%20Widget.tctcmp" importContext="" importTitle="" />
    <Mapping exportContext="/100%20Master/Building%20Blocks/Modules/E-Commerce/Editor/Templates" exportTitle="Product%20Lister%20Widget.tctcmp" importContext="" importTitle="" />
    <Mapping exportContext="/100%20Master/Building%20Blocks/Modules/E-Commerce/Editor/Templates" exportTitle="Promotions%20Widget.tctcmp" importContext="" importTitle="" />
    <Mapping exportContext="/100%20Master/Building%20Blocks/Modules/E-Commerce/Editor/Templates" exportTitle="Search%20Box%20%5BNav%5D.tctcmp" importContext="" importTitle="" />
    <Mapping exportContext="/100%20Master/Building%20Blocks/Modules/E-Commerce/Editor/Templates" exportTitle="Search%20Feedback%20%5BTools%5D.tctcmp" importContext="" importTitle="" />
    <Mapping exportContext="/100%20Master/Building%20Blocks/Modules/Navigation/Site%20Manager/Templates" exportTitle="Navigation%20Section%20%5BMegaNavigation%5D.tctcmp" importContext="" importTitle="" />
    <Mapping exportContext="/110%20DXA%20Site%20Type/Building%20Blocks/Default%20Templates" exportTitle="Default%20Component%20Template.tctcmp" importContext="" importTitle="" />
    <Mapping exportContext="/110%20DXA%20Site%20Type/Building%20Blocks/Modules/Core/Editor/Templates" exportTitle="Accordion.tctcmp" importContext="" importTitle="" />
    <Mapping exportContext="/110%20DXA%20Site%20Type/Building%20Blocks/Modules/Core/Editor/Templates" exportTitle="Article.tctcmp" importContext="" importTitle="" />
    <Mapping exportContext="/110%20DXA%20Site%20Type/Building%20Blocks/Modules/Core/Editor/Templates" exportTitle="Download.tctcmp" importContext="" importTitle="" />
    <Mapping exportContext="/110%20DXA%20Site%20Type/Building%20Blocks/Modules/Core/Editor/Templates" exportTitle="Paged%20List.tctcmp" importContext="" importTitle="" />
    <Mapping exportContext="/110%20DXA%20Site%20Type/Building%20Blocks/Modules/Core/Editor/Templates" exportTitle="Place.tctcmp" importContext="" importTitle="" />
    <Mapping exportContext="/110%20DXA%20Site%20Type/Building%20Blocks/Modules/Core/Editor/Templates" exportTitle="Thumbnail%20List.tctcmp" importContext="" importTitle="" />
    <Mapping exportContext="/110%20DXA%20Site%20Type/Building%20Blocks/Modules/Core/Editor/Templates" exportTitle="YouTube%20Video.tctcmp" importContext="" importTitle="" />
    <Mapping exportContext="/110%20DXA%20Site%20Type/Building%20Blocks/Modules/E-Commerce/Editor/Templates" exportTitle="Breadcrumb.tctcmp" importContext="" importTitle="" />
    <Mapping exportContext="/110%20DXA%20Site%20Type/Building%20Blocks/Modules/E-Commerce/Editor/Templates" exportTitle="Detail%20Breadcrumb.tctcmp" importContext="" importTitle="" />
    <Mapping exportContext="/110%20DXA%20Site%20Type/Building%20Blocks/Modules/E-Commerce/Editor/Templates" exportTitle="Facets%20Widget%20%5BLeft%5D.tctcmp" importContext="" importTitle="" />
    <Mapping exportContext="/110%20DXA%20Site%20Type/Building%20Blocks/Modules/E-Commerce/Editor/Templates" exportTitle="Product%20Detail%20Widget.tctcmp" importContext="" importTitle="" />
    <Mapping exportContext="/110%20DXA%20Site%20Type/Building%20Blocks/Modules/E-Commerce/Editor/Templates" exportTitle="Product%20Lister%20Widget.tctcmp" importContext="" importTitle="" />
    <Mapping exportContext="/110%20DXA%20Site%20Type/Building%20Blocks/Modules/E-Commerce/Editor/Templates" exportTitle="Promotions%20Widget.tctcmp" importContext="" importTitle="" />
    <Mapping exportContext="/200%20Example%20Content/Building%20Blocks/Default%20Templates" exportTitle="Default%20Component%20Template.tctcmp" importContext="" importTitle="" />
    <Mapping exportContext="/400%20Example%20Site/Building%20Blocks/Default%20Templates" exportTitle="Default%20Component%20Template.tctcmp" importContext="" importTitle="" />
    <Mapping exportContext="/400%20Example%20Site/Building%20Blocks/Modules/Core/Site%20Manager/Templates" exportTitle="Cookie%20Notification%20Bar%20%5BInfo%5D.tctcmp" importContext="" importTitle="" />
    <Mapping exportContext="/400%20Example%20Site/Building%20Blocks/Modules/Core/Site%20Manager/Templates" exportTitle="Header%20Links%20%5BNav%5D.tctcmp" importContext="" importTitle="" />
    <Mapping exportContext="/400%20Example%20Site/Building%20Blocks/Modules/Core/Site%20Manager/Templates" exportTitle="Header%20Logo%20%5BLogo%5D.tctcmp" importContext="" importTitle="" />
    <Mapping exportContext="/400%20Example%20Site/Building%20Blocks/Modules/Core/Site%20Manager/Templates" exportTitle="Language%20Selector%20%5BNav%5D.tctcmp" importContext="" importTitle="" />
    <Mapping exportContext="/400%20Example%20Site/Building%20Blocks/Modules/Core/Site%20Manager/Templates" exportTitle="Old%20Browser%20Notification%20Bar%20%5BInfo%5D.tctcmp" importContext="" importTitle="" />
    <Mapping exportContext="/400%20Example%20Site/Building%20Blocks/Modules/E-Commerce/Editor/Templates" exportTitle="Breadcrumb.tctcmp" importContext="" importTitle="" />
    <Mapping exportContext="/400%20Example%20Site/Building%20Blocks/Modules/E-Commerce/Editor/Templates" exportTitle="Cart%20%5BNav%5D.tctcmp" importContext="" importTitle="" />
    <Mapping exportContext="/400%20Example%20Site/Building%20Blocks/Modules/E-Commerce/Editor/Templates" exportTitle="Cart.tctcmp" importContext="" importTitle="" />
    <Mapping exportContext="/400%20Example%20Site/Building%20Blocks/Modules/E-Commerce/Editor/Templates" exportTitle="Detail%20Breadcrumb.tctcmp" importContext="" importTitle="" />
    <Mapping exportContext="/400%20Example%20Site/Building%20Blocks/Modules/E-Commerce/Editor/Templates" exportTitle="Facets%20Widget%20%5BLeft%5D.tctcmp" importContext="" importTitle="" />
    <Mapping exportContext="/400%20Example%20Site/Building%20Blocks/Modules/E-Commerce/Editor/Templates" exportTitle="Product%20Detail%20Widget.tctcmp" importContext="" importTitle="" />
    <Mapping exportContext="/400%20Example%20Site/Building%20Blocks/Modules/E-Commerce/Editor/Templates" exportTitle="Product%20Lister%20Widget.tctcmp" importContext="" importTitle="" />
    <Mapping exportContext="/400%20Example%20Site/Building%20Blocks/Modules/E-Commerce/Editor/Templates" exportTitle="Promotions%20Widget.tctcmp" importContext="" importTitle="" />
    <Mapping exportContext="/400%20Example%20Site/Building%20Blocks/Modules/E-Commerce/Editor/Templates" exportTitle="Search%20Box%20%5BNav%5D.tctcmp" importContext="" importTitle="" />
    <Mapping exportContext="/400%20Example%20Site/Building%20Blocks/Modules/E-Commerce/Editor/Templates" exportTitle="Search%20Feedback%20%5BTools%5D.tctcmp" importContext="" importTitle="" />
    <Mapping exportContext="/400%20Example%20Site/Building%20Blocks/Modules/Navigation/Site%20Manager/Templates" exportTitle="Navigation%20Section%20%5BMegaNavigation%5D.tctcmp" importContext="" importTitle="" />
  </ItemSet>
  <ItemSet role="Page">
    <Mapping exportContext="/110%20DXA%20Site%20Type/Home/_Page%20Types" exportTitle="E-Commerce%20Category%20Page.tpg" importContext="" importTitle="" />
    <Mapping exportContext="/110%20DXA%20Site%20Type/Home/_Page%20Types" exportTitle="E-Commerce%20Product%20Detail%20Page.tpg" importContext="" importTitle="" />
    <Mapping exportContext="/200%20Example%20Content/Home/_Page%20Types" exportTitle="E-Commerce%20Category%20Page.tpg" importContext="" importTitle="" />
    <Mapping exportContext="/200%20Example%20Content/Home/_Page%20Types" exportTitle="E-Commerce%20Product%20Detail%20Page.tpg" importContext="" importTitle="" />
    <Mapping exportContext="/400%20Example%20Site/Home/_System/include" exportTitle="Header.tpg" importContext="" importTitle="" />
    <Mapping exportContext="/400%20Example%20Site/Home/Categories" exportTitle="Generic%20CategoryPage.tpg" importContext="" importTitle="" />
    <Mapping exportContext="/400%20Example%20Site/Home/Product%20Details" exportTitle="Generic%20Product%20Detail.tpg" importContext="" importTitle="" />
    <Mapping exportContext="/400%20Example%20Site/Home" exportTitle="Search%20Results.tpg" importContext="" importTitle="" />
    <Mapping exportContext="/400%20Example%20Site/Home" exportTitle="Shopping%20Cart.tpg" importContext="" importTitle="" />
  </ItemSet>
  <ItemSet role="PageTemplate">
    <Mapping exportContext="/000%20Empty/Building%20Blocks/Default%20Templates" exportTitle="Default%20Page%20Template.tptcmp" importContext="" importTitle="" />
    <Mapping exportContext="/100%20Master/Building%20Blocks/Default%20Templates" exportTitle="Default%20Page%20Template.tptcmp" importContext="" importTitle="" />
    <Mapping exportContext="/100%20Master/Building%20Blocks/Modules/Core/Developer/Templates" exportTitle="JSON.tptcmp" importContext="" importTitle="" />
    <Mapping exportContext="/100%20Master/Building%20Blocks/Modules/Core/Editor/Templates" exportTitle="Content%20Page.tptcmp" importContext="" importTitle="" />
    <Mapping exportContext="/100%20Master/Building%20Blocks/Modules/Core/Editor/Templates" exportTitle="Section%20Page.tptcmp" importContext="" importTitle="" />
    <Mapping exportContext="/100%20Master/Building%20Blocks/Modules/Core/Site%20Manager/Templates" exportTitle="Include%20Page.tptcmp" importContext="" importTitle="" />
    <Mapping exportContext="/110%20DXA%20Site%20Type/Building%20Blocks/Modules/Core/Editor/Templates" exportTitle="Content%20Page%20Without%20Navigation.tptcmp" importContext="" importTitle="" />
    <Mapping exportContext="/110%20DXA%20Site%20Type/Building%20Blocks/Modules/Core/Editor/Templates" exportTitle="Content%20Page.tptcmp" importContext="" importTitle="" />
    <Mapping exportContext="/110%20DXA%20Site%20Type/Building%20Blocks/Modules/Core/Editor/Templates" exportTitle="Home%20Page.tptcmp" importContext="" importTitle="" />
    <Mapping exportContext="/110%20DXA%20Site%20Type/Building%20Blocks/Modules/Core/Editor/Templates" exportTitle="Redirect%20Page.tptcmp" importContext="" importTitle="" />
    <Mapping exportContext="/110%20DXA%20Site%20Type/Building%20Blocks/Modules/Core/Editor/Templates" exportTitle="Section%20Page.tptcmp" importContext="" importTitle="" />
    <Mapping exportContext="/200%20Example%20Content/Building%20Blocks/Default%20Templates" exportTitle="Default%20Page%20Template.tptcmp" importContext="" importTitle="" />
    <Mapping exportContext="/400%20Example%20Site/Building%20Blocks/Modules/Core/Editor/Templates" exportTitle="Content%20Page.tptcmp" importContext="" importTitle="" />
    <Mapping exportContext="/400%20Example%20Site/Building%20Blocks/Modules/Core/Editor/Templates" exportTitle="Section%20Page.tptcmp" importContext="" importTitle="" />
  </ItemSet>
  <ItemSet role="TemplateBuildingBlock">
    <Mapping exportContext="/000%20Empty/Building%20Blocks/Default%20Templates" exportTitle="Cleanup%20Template.tbbcs" importContext="" importTitle="" />
    <Mapping exportContext="/000%20Empty/Building%20Blocks/Default%20Templates" exportTitle="Convert%20Xml%20to%20Html.tbbcs" importContext="" importTitle="" />
    <Mapping exportContext="/000%20Empty/Building%20Blocks/Default%20Templates" exportTitle="Default%20Dreamweaver%20Component%20Design.dwt" importContext="" importTitle="" />
    <Mapping exportContext="/000%20Empty/Building%20Blocks/Default%20Templates" exportTitle="Default%20Dreamweaver%20Page%20Design.dwt" importContext="" importTitle="" />
    <Mapping exportContext="/000%20Empty/Building%20Blocks/Default%20Templates" exportTitle="Default%20Finish%20Actions.tbbcmp" importContext="" importTitle="" />
    <Mapping exportContext="/000%20Empty/Building%20Blocks/Default%20Templates" exportTitle="Extract%20Components%20from%20Page.tbbcs" importContext="" importTitle="" />
    <Mapping exportContext="/000%20Empty/Building%20Blocks/Default%20Templates" exportTitle="Link%20Resolver.tbbcs" importContext="" importTitle="" />
    <Mapping exportContext="/000%20Empty/Building%20Blocks/Default%20Templates" exportTitle="Publish%20Binaries%20in%20Package.tbbcs" importContext="" importTitle="" />
    <Mapping exportContext="/000%20Empty/Building%20Blocks/Default%20Templates" exportTitle="Target%20Group%20Personalization.tbbcs" importContext="" importTitle="" />
    <Mapping exportContext="/000%20Empty/Building%20Blocks/Default%20Templates" exportTitle="Tridion%2EExtensions%2EContextExpressions%2ETemplates.tbbasm" importContext="" importTitle="" />
    <Mapping exportContext="/100%20Master/Building%20Blocks/Default%20Templates" exportTitle="Default%20Dreamweaver%20Page%20Design.dwt" importContext="" importTitle="" />
    <Mapping exportContext="/100%20Master/Building%20Blocks/Modules/Core/Developer/Core%20Template%20Building%20Blocks/DD4T" exportTitle="DD4T%2ETemplates%2EMerged.tbbasm" importContext="" importTitle="" />
    <Mapping exportContext="/100%20Master/Building%20Blocks/Modules/Core/Developer/Core%20Template%20Building%20Blocks/DD4T" exportTitle="Generate%20dynamic%20component%20presentation.tbbcs" importContext="" importTitle="" />
    <Mapping exportContext="/100%20Master/Building%20Blocks/Modules/Core/Developer/Core%20Template%20Building%20Blocks/DD4T" exportTitle="Generate%20dynamic%20page.tbbcs" importContext="" importTitle="" />
    <Mapping exportContext="/100%20Master/Building%20Blocks/Modules/Core/Developer/Core%20Template%20Building%20Blocks/DD4T" exportTitle="Publish%20binaries%20for%20component.tbbcs" importContext="" importTitle="" />
    <Mapping exportContext="/100%20Master/Building%20Blocks/Modules/Core/Developer/Core%20Template%20Building%20Blocks" exportTitle="Default%20Component%20Template%20Finish%20Actions.tbbcmp" importContext="" importTitle="" />
    <Mapping exportContext="/100%20Master/Building%20Blocks/Modules/Core/Developer/Core%20Template%20Building%20Blocks" exportTitle="Default%20Page%20Template%20Finish%20Actions.tbbcmp" importContext="" importTitle="" />
    <Mapping exportContext="/100%20Master/Building%20Blocks/Modules/Core/Developer/Core%20Template%20Building%20Blocks" exportTitle="Render%20Component%20Content.tbbcmp" importContext="" importTitle="" />
    <Mapping exportContext="/100%20Master/Building%20Blocks/Modules/Core/Developer/Core%20Template%20Building%20Blocks" exportTitle="Render%20Component%20Presentations.tbbcs" importContext="" importTitle="" />
    <Mapping exportContext="/100%20Master/Building%20Blocks/Modules/Core/Developer/Core%20Template%20Building%20Blocks" exportTitle="Render%20Page%20Content.tbbcmp" importContext="" importTitle="" />
    <Mapping exportContext="/100%20Master/Building%20Blocks/Modules/Core/Developer/Core%20Template%20Building%20Blocks" exportTitle="Resolve%20Rich%20Text.tbbcs" importContext="" importTitle="" />
    <Mapping exportContext="/100%20Master/Building%20Blocks/Modules/Core/Developer/Core%20Template%20Building%20Blocks" exportTitle="Sdl%2EWeb%2ETridion%2ETemplates.tbbasm" importContext="" importTitle="" />
    <Mapping exportContext="/110%20DXA%20Site%20Type/Building%20Blocks/Default%20Templates" exportTitle="Default%20Dreamweaver%20Page%20Design.dwt" importContext="" importTitle="" />
    <Mapping exportContext="/200%20Example%20Content/Building%20Blocks/Default%20Templates" exportTitle="Default%20Dreamweaver%20Page%20Design.dwt" importContext="" importTitle="" />
    <Mapping exportContext="/400%20Example%20Site/Building%20Blocks/Default%20Templates" exportTitle="Default%20Dreamweaver%20Page%20Design.dwt" importContext="" importTitle="" />
  </ItemSet>
  <ItemSet role="MultimediaType">
    <Mapping exportTitle="Bitmap%20image.tmt" importTitle="" />
    <Mapping exportTitle="Cascading%20style%20sheets.tmt" importTitle="" />
    <Mapping exportTitle="Configuration%20settings.tmt" importTitle="" />
    <Mapping exportTitle="Excel%20sheet.tmt" importTitle="" />
    <Mapping exportTitle="Executable.tmt" importTitle="" />
    <Mapping exportTitle="Favicon.tmt" importTitle="" />
    <Mapping exportTitle="Flash%20file.tmt" importTitle="" />
    <Mapping exportTitle="Gif%20image.tmt" importTitle="" />
    <Mapping exportTitle="Java%20script.tmt" importTitle="" />
    <Mapping exportTitle="Jpeg%20image.tmt" importTitle="" />
    <Mapping exportTitle="Mp3%20music.tmt" importTitle="" />
    <Mapping exportTitle="Mpeg%20video.tmt" importTitle="" />
    <Mapping exportTitle="MSAccess%20database.tmt" importTitle="" />
    <Mapping exportTitle="Pdf%20document.tmt" importTitle="" />
    <Mapping exportTitle="Plain%20text.tmt" importTitle="" />
    <Mapping exportTitle="Png%20image.tmt" importTitle="" />
    <Mapping exportTitle="Powerpoint%20presentation.tmt" importTitle="" />
    <Mapping exportTitle="QuickTime%20movie.tmt" importTitle="" />
    <Mapping exportTitle="Real%20player.tmt" importTitle="" />
    <Mapping exportTitle="Rich%20text.tmt" importTitle="" />
    <Mapping exportTitle="Sound%20file.tmt" importTitle="" />
    <Mapping exportTitle="Word%20document.tmt" importTitle="" />
    <Mapping exportTitle="Zip%20file.tmt" importTitle="" />
  </ItemSet>
  <ItemSet role="Group">
    <Mapping exportTitle="Everyone.tgp" importTitle="" />
  </ItemSet>
  <ItemSet role="ProcessDefinition">
    <Mapping exportContext="/000%20Empty" exportTitle="Task%20Process.tpd" importContext="" importTitle="" />
    <Mapping exportContext="/100%20Master" exportTitle="Task%20Process.tpd" importContext="" importTitle="" />
    <Mapping exportContext="/110%20DXA%20Site%20Type" exportTitle="Task%20Process.tpd" importContext="" importTitle="" />
    <Mapping exportContext="/200%20Example%20Content" exportTitle="Task%20Process.tpd" importContext="" importTitle="" />
    <Mapping exportContext="/400%20Example%20Site" exportTitle="Task%20Process.tpd" importContext="" importTitle="" />
  </ItemSet>
</Mappings>