<PackageItem xmlns:tcm="http://www.tridion.com/ContentManager/5.0" xmlns:xlink="http://www.w3.org/1999/xlink" xmlns="http://www.sdltridion.com/ContentManager/ImportExport/Package/2013">
  <Data>
    <tcm:Data>
      <tcm:Title>Categories</tcm:Title>
      <tcm:DefaultPageTemplate IsInherited="false" xlink:type="simple" xlink:title="Section Page" xlink:href="/webdav/400%20Example%20Site/Building%20Blocks/Modules/Core/Editor/Templates/Section%20Page.tptcmp" />
      <tcm:Directory IsMandatory="true">categories</tcm:Directory>
      <tcm:IsActive ResolvedValue="true">true</tcm:IsActive>
      <tcm:PageProcess xlink:type="simple" xlink:title="" xlink:href="tcm:0-0-0" />
      <tcm:PageBundleProcess xlink:type="simple" xlink:title="" xlink:href="tcm:0-0-0" />
      <tcm:MetadataSchema xlink:type="simple" xlink:title="" xlink:href="tcm:0-0-0" />
      <tcm:Metadata />
    </tcm:Data>
  </Data>
  <Dependencies>
    <Dependency dependencyType="Publication" itemUrl="/webdav/400%20Example%20Site" linkName="LocationInfo/ContextRepository" />
    <Dependency dependencyType="OrganizationalItemStructureGroup" itemUrl="/webdav/400%20Example%20Site/Home" linkName="LocationInfo/OrganizationalItem" />
    <Dependency dependencyType="DefaultPageTemplate" itemUrl="/webdav/400%20Example%20Site/Building%20Blocks/Modules/Core/Editor/Templates/Section%20Page.tptcmp" linkName="DefaultPageTemplate" />
  </Dependencies>
</PackageItem>