<PackageItem xmlns:tcm="http://www.tridion.com/ContentManager/5.0" xmlns:xlink="http://www.w3.org/1999/xlink" xmlns="http://www.sdltridion.com/ContentManager/ImportExport/Package/2013">
  <Data>
    <tcm:Data>
      <tcm:Title>Render Component Content</tcm:Title>
      <tcm:Type>CompoundTemplate</tcm:Type>
      <tcm:Content>
        <tcm:PublisherScript>&lt;CompoundTemplate xmlns="http://www.tridion.com/ContentManager/5.3/CompoundTemplate"&gt;
  &lt;TemplateInvocation&gt;
    &lt;Template xlink:href="/webdav/100%20Master/Building%20Blocks/Modules/Core/Developer/Core%20Template%20Building%20Blocks/DD4T/Generate%20dynamic%20component%20presentation.tbbcs" xmlns:xlink="http://www.w3.org/1999/xlink" xlink:title="Generate dynamic component presentation" /&gt;
    &lt;TemplateParameters&gt;
      &lt;Parameters xmlns="DD4T.Templates.Schemas.DynamicDeliveryParameters"&gt;
        &lt;LinkLevels&gt;2&lt;/LinkLevels&gt;
        &lt;ECLEnabled&gt;yes&lt;/ECLEnabled&gt;
        &lt;OmitValueLists&gt;yes&lt;/OmitValueLists&gt;
        &lt;OmitCategories&gt;yes&lt;/OmitCategories&gt;
        &lt;OmitContextPublications&gt;yes&lt;/OmitContextPublications&gt;
        &lt;OmitOwningPublications&gt;yes&lt;/OmitOwningPublications&gt;
        &lt;OmitFolders&gt;yes&lt;/OmitFolders&gt;
      &lt;/Parameters&gt;
    &lt;/TemplateParameters&gt;
  &lt;/TemplateInvocation&gt;
&lt;/CompoundTemplate&gt;</tcm:PublisherScript>
      </tcm:Content>
      <tcm:MetadataSchema xlink:type="simple" xlink:title="" xlink:href="tcm:0-0-0" />
      <tcm:ParameterSchema xlink:type="simple" xlink:title="" xlink:href="tcm:0-0-0" />
      <tcm:Metadata />
    </tcm:Data>
  </Data>
  <Dependencies>
    <Dependency dependencyType="Publication" itemUrl="/webdav/100%20Master" linkName="LocationInfo/ContextRepository" />
    <Dependency dependencyType="OrganizationalItemFolder" itemUrl="/webdav/100%20Master/Building%20Blocks/Modules/Core/Developer/Core%20Template%20Building%20Blocks" linkName="LocationInfo/OrganizationalItem" />
    <Dependency dependencyType="TemplateLinkedItem" itemUrl="/webdav/100%20Master/Building%20Blocks/Modules/Core/Developer/Core%20Template%20Building%20Blocks/DD4T/Generate%20dynamic%20component%20presentation.tbbcs" linkName="ExtractedReferences[0]" />
  </Dependencies>
</PackageItem>