<Index dataContractVersion="2013" xmlns="http://www.sdltridion.com/ContentManager/ImportExport/Package/2013">
  <Item id="tcm:0-0-0" selected="false" exported="true">
    <ApplicationIds>
      <ApplicationId>http://www.sdl.com/tridion/SemanticMapping/vocabularies</ApplicationId>
    </ApplicationIds>
    <Item id="tcm:0-28-1" title="000%20Empty" itemType="Publication" selected="false" exported="true">
      <Item id="tcm:28-704-2" title="Building%20Blocks" itemType="Folder" blueprintStatus="LocalItem" selected="true" exported="true">
        <Item id="e1bfebbb72574d8d8182d53df8652e1a" title="Default%20Templates" itemType="Folder" selected="false" exported="false">
          <Item id="74f4a1fa1dec47c49f4e6f0ad32059a5" title="Default%20Component%20Template" extension="tctcmp" itemType="ComponentTemplate" selected="false" exported="false" />
          <Item id="8c85121348e74000bae19dada35b574e" title="Default%20Dreamweaver%20Page%20Design" extension="dwt" itemType="TemplateBuildingBlock" selected="false" exported="false" />
          <Item id="4957d4767bd14229aabe721aad330a9f" title="Default%20Page%20Template" extension="tptcmp" itemType="PageTemplate" selected="false" exported="false" />
        </Item>
        <Item id="c873fbb4897f44d69b3660a8391a2a31" title="Default%20Multimedia%20Schema" extension="xsd" itemType="Schema" selected="false" exported="false" />
      </Item>
      <Item id="tcm:28-707-4" title="Home" itemType="StructureGroup" blueprintStatus="LocalItem" selected="true" exported="true" />
      <Item id="a2124b62f55e42809171bc791b7370b3" title="Task%20Process" extension="tpd" itemType="ProcessDefinition" selected="false" exported="false" />
    </Item>
    <Item id="tcm:0-29-1" title="100%20Master" itemType="Publication" selected="false" exported="true">
      <Item id="tcm:29-704-2" title="Building%20Blocks" itemType="Folder" blueprintStatus="SharedItem" selected="false" exported="true">
        <Item id="47ea99a7386c44759bbf5f30bd022559" title="Default%20Templates" itemType="Folder" selected="false" exported="false">
          <Item id="9c60fe1ba11f476a80afdc591625d63b" title="Default%20Component%20Template" extension="tctcmp" itemType="ComponentTemplate" selected="false" exported="false" />
          <Item id="fdb916bf3aad41f5a942830aa9b49801" title="Default%20Dreamweaver%20Page%20Design" extension="dwt" itemType="TemplateBuildingBlock" selected="false" exported="false" />
          <Item id="280ad3edef7b4f4dbeea85bb7ec38830" title="Default%20Page%20Template" extension="tptcmp" itemType="PageTemplate" selected="false" exported="false" />
        </Item>
        <Item id="tcm:29-708-2" title="Modules" itemType="Folder" blueprintStatus="LocalItem" selected="false" exported="true">
          <Item id="01f7ba6f4f444d919556ce0dbfed5249" title="Core" itemType="Folder" selected="false" exported="false">
            <Item id="5301b8b88d84426b8a80d9a94446ad86" title="Developer" itemType="Folder" selected="false" exported="false">
              <Item id="43aff77f3f8440b0906bdeed855012f8" title="Templates" itemType="Folder" selected="false" exported="false">
                <Item id="dd8df278aaa04eac9ebdafc9b53a10ca" title="JSON" extension="tptcmp" itemType="PageTemplate" selected="false" exported="false" />
              </Item>
            </Item>
            <Item id="bb102b1f5fde4085a455557cd26c20d9" title="Editor" itemType="Folder" selected="false" exported="false">
              <Item id="70ff91f1e39048adb74ad56a210d3836" title="Schemas" itemType="Folder" selected="false" exported="false">
                <Item id="08dc707802b14b17897ffbf791106e09" title="Image" extension="xsd" itemType="Schema" selected="false" exported="false" />
              </Item>
            </Item>
            <Item id="6b2fc607670c4ff893688a71d31fc30f" title="Site%20Manager" itemType="Folder" selected="false" exported="false">
              <Item id="3864ca32b9af4cc29ac715b3ad9f33d0" title="Schemas" itemType="Folder" selected="false" exported="false">
                <Item id="ec735262b27b44c0bd7d16732416dbf7" title="Metadata" itemType="Folder" selected="false" exported="false">
                  <Item id="417b517fb818493584d00a755e5373be" title="Publication%20Metadata" extension="xsd" itemType="Schema" selected="false" exported="false" />
                </Item>
                <Item id="1374e6ed037b48558f127a911c3f7e3b" title="Language%20Selector%20Configuration" extension="xsd" itemType="Schema" selected="false" exported="false" />
                <Item id="b07f7a8258f640808c5a3a8259288273" title="Navigation%20Configuration" extension="xsd" itemType="Schema" selected="false" exported="false" />
              </Item>
              <Item id="1e95b8f6693e48fbaaf925fb7459b10c" title="Templates" itemType="Folder" selected="false" exported="false">
                <Item id="e636cf145e7949ad9b058a6e0c6f1ef7" title="Include%20Page" extension="tptcmp" itemType="PageTemplate" selected="false" exported="false" />
              </Item>
            </Item>
          </Item>
          <Item id="tcm:29-768-2" title="E-Commerce" itemType="Folder" blueprintStatus="LocalItem" selected="false" exported="true">
            <Item id="tcm:29-771-2" title="Editor" itemType="Folder" blueprintStatus="LocalItem" selected="false" exported="true">
              <Item id="tcm:29-772-2" title="Schemas" itemType="Folder" blueprintStatus="LocalItem" selected="false" exported="true">
                <Item id="tcm:29-779-2" title="Default%20Images" itemType="Folder" blueprintStatus="LocalItem" selected="false" exported="true">
                  <Item id="tcm:29-4087" title="Empty%20Image" extension="png" itemType="Component" subtype="1" blueprintStatus="LocalItem" selected="false" exported="true" />
                </Item>
                <Item id="72bb48a82dde43ef9841833f724199ea" title="ECommerce%20-%20Breadcrumb%20Widget" extension="xsd" itemType="Schema" selected="false" exported="false" />
                <Item id="2ec788abfdb54e94be3349a4b701a976" title="ECommerce%20-%20Cart%20Widget" extension="xsd" itemType="Schema" selected="false" exported="false" />
                <Item id="4a1d55a81e384652903cb375dbe6f56b" title="ECommerce%20-%20Facets%20Widget" extension="xsd" itemType="Schema" selected="false" exported="false" />
                <Item id="0d5bb30473a64f30861d45c5cbefb824" title="ECommerce%20-%20Product%20Detail%20Widget" extension="xsd" itemType="Schema" selected="false" exported="false" />
                <Item id="03a53c687ffd4a64966152fadb4d9a46" title="ECommerce%20-%20Product%20Lister%20Widget" extension="xsd" itemType="Schema" selected="false" exported="false" />
                <Item id="9187403b562c428ebc0f70ab9a5c5d02" title="ECommerce%20-%20Promotions%20Widget" extension="xsd" itemType="Schema" selected="false" exported="false" />
                <Item id="22b5fb848ab34db5a7e9cb86fcc5d2ee" title="ECommerce%20-%20Search%20Box" extension="xsd" itemType="Schema" selected="false" exported="false" />
              </Item>
            </Item>
            <Item id="tcm:29-769-2" title="Site%20Manager" itemType="Folder" blueprintStatus="LocalItem" selected="false" exported="true">
              <Item id="tcm:29-770-2" title="Default%20Widgets" itemType="Folder" blueprintStatus="LocalItem" selected="false" exported="true">
                <Item id="tcm:29-4092" title="Breadcrumb" extension="xml" itemType="Component" blueprintStatus="LocalItem" selected="false" exported="true" />
                <Item id="tcm:29-4076" title="Cart" extension="xml" itemType="Component" blueprintStatus="LocalItem" selected="false" exported="true" />
                <Item id="tcm:29-4063" title="Facets" extension="xml" itemType="Component" blueprintStatus="LocalItem" selected="false" exported="true" />
                <Item id="tcm:29-4096" title="Product%20Detail" extension="xml" itemType="Component" blueprintStatus="LocalItem" selected="false" exported="true" />
                <Item id="tcm:29-4102" title="Product%20Lister" extension="xml" itemType="Component" blueprintStatus="LocalItem" selected="false" exported="true" />
                <Item id="tcm:29-4083" title="Promotions" extension="xml" itemType="Component" blueprintStatus="LocalItem" selected="false" exported="true" />
                <Item id="tcm:29-4078" title="Search%20Box" extension="xml" itemType="Component" blueprintStatus="LocalItem" selected="false" exported="true" />
              </Item>
            </Item>
          </Item>
        </Item>
        <Item id="tcm:29-725-2" title="Settings" itemType="Folder" blueprintStatus="LocalItem" selected="false" exported="true">
          <Item id="tcm:29-726-2" title="Core" itemType="Folder" blueprintStatus="LocalItem" selected="false" exported="true">
            <Item id="tcm:29-727-2" title="Site%20Manager" itemType="Folder" blueprintStatus="LocalItem" selected="false" exported="true">
              <Item id="tcm:29-3928" title="Language%20Selector%20Configuration" extension="xml" itemType="Component" blueprintStatus="LocalItem" selected="false" exported="true" />
              <Item id="tcm:29-3923" title="Navigation%20Configuration" extension="xml" itemType="Component" blueprintStatus="LocalItem" selected="false" exported="true" />
            </Item>
          </Item>
        </Item>
        <Item id="98fde5fc02524316911711a232bbd8c9" title="Default%20Multimedia%20Schema" extension="xsd" itemType="Schema" selected="false" exported="false" />
      </Item>
      <Item id="tcm:29-733-512" title="Content%20Type" itemType="Category" blueprintStatus="LocalItem" selected="false" exported="true">
        <Item id="tcm:29-3886-1024" title="Article" extension="tkw" itemType="Keyword" blueprintStatus="LocalItem" selected="false" exported="true" />
      </Item>
      <Item id="tcm:29-707-4" title="Home" itemType="StructureGroup" blueprintStatus="SharedItem" selected="false" exported="true">
        <Item id="tcm:29-723-4" title="_System" itemType="StructureGroup" blueprintStatus="LocalItem" selected="true" exported="true">
          <Item id="tcm:29-737-4" title="include" itemType="StructureGroup" blueprintStatus="LocalItem" selected="true" exported="true" />
        </Item>
      </Item>
      <Item id="tcm:29-734-512" title="List%20Sort%20Type" itemType="Category" blueprintStatus="LocalItem" selected="false" exported="true">
        <Item id="tcm:29-3931-1024" title="Last%20Published%20Date" extension="tkw" itemType="Keyword" blueprintStatus="LocalItem" selected="false" exported="true" />
      </Item>
      <Item id="tcm:29-735-512" title="Navigation%20Type" itemType="Category" blueprintStatus="LocalItem" selected="false" exported="true">
        <Item id="tcm:29-3904-1024" title="Localizable%20-%20Based%20on%20Component%20content%2Fmetadata%20field%20values" extension="tkw" itemType="Keyword" blueprintStatus="LocalItem" selected="false" exported="true" />
      </Item>
      <Item id="cea1a7c1430d4cc1abd1da8080ba8dca" title="Task%20Process" extension="tpd" itemType="ProcessDefinition" selected="false" exported="false" />
    </Item>
    <Item id="tcm:0-30-1" title="110%20DXA%20Site%20Type" itemType="Publication" selected="true" exported="true">
      <ApplicationIds>
        <ApplicationId>SiteEdit</ApplicationId>
      </ApplicationIds>
      <Item id="tcm:30-704-2" title="Building%20Blocks" itemType="Folder" blueprintStatus="SharedItem" selected="true" exported="true">
        <Item id="tcm:30-743-2" title="Content" itemType="Folder" blueprintStatus="LocalizedItem" selected="true" exported="true">
          <Item id="tcm:30-750-2" title="Articles" itemType="Folder" blueprintStatus="LocalItem" selected="false" exported="true" />
          <Item id="tcm:30-794-2" title="E-Commerce" itemType="Folder" blueprintStatus="LocalItem" selected="true" exported="true">
            <Item id="tcm:30-798-2" title="Category" itemType="Folder" blueprintStatus="LocalItem" selected="true" exported="true" />
            <Item id="tcm:30-797-2" title="Detail" itemType="Folder" blueprintStatus="LocalItem" selected="true" exported="true" />
            <Item id="tcm:30-795-2" title="Images" itemType="Folder" blueprintStatus="LocalItem" selected="true" exported="true" />
            <Item id="tcm:30-796-2" title="Widgets" itemType="Folder" blueprintStatus="LocalItem" selected="true" exported="true" />
          </Item>
          <Item id="tcm:30-757-2" title="Images" itemType="Folder" blueprintStatus="LocalItem" selected="false" exported="true" />
          <Item id="tcm:30-755-2" title="Video" itemType="Folder" blueprintStatus="LocalItem" selected="false" exported="true" />
          <Item id="tcm:30-749-2" title="_Cloneable%20Content" itemType="Folder" blueprintStatus="LocalItem" selected="true" exported="true">
            <Item id="65ddd9a6dec94d62ab2a98517859e84e" title="Article" extension="xml" itemType="Component" selected="false" exported="false" />
            <Item id="6f9b4bb7b3b74fc0a6bd63f44c0370db" title="Content%20List" extension="xml" itemType="Component" selected="false" exported="false" />
            <Item id="b2cdadf442ea48ee92b4291e883ae15b" title="Content%20Query" extension="xml" itemType="Component" selected="false" exported="false" />
            <Item id="tcm:30-4118" title="E-Commerce%20Product%20Detail" extension="xml" itemType="Component" blueprintStatus="LocalItem" selected="true" exported="true" />
            <Item id="b91d061c2a574eb0bd3988cfd9338d9c" title="Image%20List" extension="xml" itemType="Component" selected="false" exported="false" />
            <Item id="229c215ecb4a41fe8006c7ba7dc978e7" title="Large%20Image" extension="jpg" itemType="Component" selected="false" exported="false" />
            <Item id="18ae0e54c9164ae683d9acf19bef6a46" title="News%20Article" extension="xml" itemType="Component" selected="false" exported="false" />
            <Item id="cf9b6bcaf3a9471ab5da6787fd1684b6" title="Place" extension="xml" itemType="Component" selected="false" exported="false" />
            <Item id="dfc029febef641e6b14eaaf286e31af5" title="YouTube%20Video" extension="jpg" itemType="Component" selected="false" exported="false" />
          </Item>
          <Item id="tcm:30-747-2" title="_Structure" itemType="Folder" blueprintStatus="LocalItem" selected="true" exported="true">
            <Item id="tcm:30-748-2" title="Header" itemType="Folder" blueprintStatus="LocalItem" selected="false" exported="true">
              <Item id="tcm:30-3962" title="Old%20Browser%20bar" extension="xml" itemType="Component" blueprintStatus="LocalItem" selected="false" exported="true" />
            </Item>
            <Item id="tcm:30-804-2" title="MegaNavigation" itemType="Folder" blueprintStatus="LocalItem" selected="true" exported="true" />
          </Item>
        </Item>
        <Item id="8970f829d47149e98e430b0e815f826c" title="Default%20Templates" itemType="Folder" selected="false" exported="false">
          <Item id="f011cee10fe946668bf5fd5a511d5f28" title="Default%20Component%20Template" extension="tctcmp" itemType="ComponentTemplate" selected="false" exported="false" />
          <Item id="30d83a9f6ec441628abb431db013dfd5" title="Default%20Dreamweaver%20Page%20Design" extension="dwt" itemType="TemplateBuildingBlock" selected="false" exported="false" />
        </Item>
        <Item id="0f525088e90b4c91ae933e3f6e01b620" title="Modules" itemType="Folder" selected="false" exported="false">
          <Item id="a990459e4baa42eca81fdd1b5ac032c3" title="Core" itemType="Folder" selected="false" exported="false">
            <Item id="807a3669c7a849dca66604969d33b210" title="Editor" itemType="Folder" selected="false" exported="false">
              <Item id="b42bcb4b79af43d585c4133fb1c9bdb0" title="Schemas" itemType="Folder" selected="false" exported="false">
                <Item id="095baf4d63e84b0da1c5f51f232e8d3b" title="Article" extension="xsd" itemType="Schema" selected="false" exported="false" />
                <Item id="81af33df30004c22a940dde1d9ec505a" title="Image" extension="xsd" itemType="Schema" selected="false" exported="false" />
                <Item id="adc7edfd41784dd3bc7c6954235af91e" title="YouTube%20Video" extension="xsd" itemType="Schema" selected="false" exported="false" />
              </Item>
              <Item id="b4f266a70baf41de972b69305f30b407" title="Templates" itemType="Folder" selected="false" exported="false">
                <Item id="2af0148389424d5c9eb990cd1f885570" title="Accordion" extension="tctcmp" itemType="ComponentTemplate" selected="false" exported="false" />
                <Item id="14fd6362a3f3420f9385c8e65251f346" title="Article" extension="tctcmp" itemType="ComponentTemplate" selected="false" exported="false" />
                <Item id="dd9e9826e8c84bedaed1d6d2d78dad92" title="Content%20Page%20Without%20Navigation" extension="tptcmp" itemType="PageTemplate" selected="false" exported="false" />
                <Item id="e8b5e89978cb42758833f0b381a50533" title="Content%20Page" extension="tptcmp" itemType="PageTemplate" selected="false" exported="false" />
                <Item id="b1c1594734234ec7b450b5a4f09650d7" title="Download" extension="tctcmp" itemType="ComponentTemplate" selected="false" exported="false" />
                <Item id="833c38a4ead8423387159f3e7a687134" title="Home%20Page" extension="tptcmp" itemType="PageTemplate" selected="false" exported="false" />
                <Item id="613a73bcac9447f198727c1121b66e5a" title="Paged%20List" extension="tctcmp" itemType="ComponentTemplate" selected="false" exported="false" />
                <Item id="79a6c3baa9064db4ab9dbd53c68d5396" title="Place" extension="tctcmp" itemType="ComponentTemplate" selected="false" exported="false" />
                <Item id="f8a4be6d0cd848528bb3dde90debc440" title="Redirect%20Page" extension="tptcmp" itemType="PageTemplate" selected="false" exported="false" />
                <Item id="754d183177fe4363ba9c11824c9cf15b" title="Section%20Page" extension="tptcmp" itemType="PageTemplate" selected="false" exported="false" />
                <Item id="f05070e5f19b47589067df7264ab1213" title="Thumbnail%20List" extension="tctcmp" itemType="ComponentTemplate" selected="false" exported="false" />
                <Item id="25d2ff3ea96744e59daa6306b2eb802d" title="YouTube%20Video" extension="tctcmp" itemType="ComponentTemplate" selected="false" exported="false" />
              </Item>
            </Item>
            <Item id="0adbecadfd9b421bb65089d674574802" title="Site%20Manager" itemType="Folder" selected="false" exported="false">
              <Item id="ae9af452db7945e698c7a3a932a0bb9e" title="Schemas" itemType="Folder" selected="false" exported="false">
                <Item id="624598b685314d1abc5ea0511f3ecf8f" title="Notification%20Bar" extension="xsd" itemType="Schema" selected="false" exported="false" />
              </Item>
            </Item>
          </Item>
          <Item id="36db729c0ff64bc88c8a207ba9cdea9a" title="E-Commerce" itemType="Folder" selected="false" exported="false">
            <Item id="e4a24d3666ae47a39322f9d24e4bf22c" title="Editor" itemType="Folder" selected="false" exported="false">
              <Item id="3e8b952b6e144cd6a15f7ed86b9fc21b" title="Schemas" itemType="Folder" selected="false" exported="false">
                <Item id="9c80023c01f6455ca8bfbee86479c6cd" title="Default%20Images" itemType="Folder" selected="false" exported="false">
                  <Item id="tcm:30-4087" title="Empty%20Image" extension="png" itemType="Component" subtype="1" blueprintStatus="SharedItem" selected="false" exported="true" />
                </Item>
                <Item id="f4430347b84540c6b925f2982579b76d" title="ECommerce%20-%20Product%20Detail%20Widget" extension="xsd" itemType="Schema" selected="false" exported="false" />
              </Item>
              <Item id="b1b5244427b54869a43d3ad7237e174e" title="Templates" itemType="Folder" selected="false" exported="false">
                <Item id="6365e99d4f744c46a2f87b9c3bc280ad" title="Breadcrumb" extension="tctcmp" itemType="ComponentTemplate" selected="false" exported="false" />
                <Item id="c17b716676e340a8a5fa3f732e7e92c3" title="Detail%20Breadcrumb" extension="tctcmp" itemType="ComponentTemplate" selected="false" exported="false" />
                <Item id="7540cfa26aa14eb5b79bf1ba956ec65d" title="Facets%20Widget%20%5BLeft%5D" extension="tctcmp" itemType="ComponentTemplate" selected="false" exported="false" />
                <Item id="7e61500bd9aa46e3993ecbb87c43ca5e" title="Product%20Detail%20Widget" extension="tctcmp" itemType="ComponentTemplate" selected="false" exported="false" />
                <Item id="5487dea90b4144e38efacfd10efa7062" title="Product%20Lister%20Widget" extension="tctcmp" itemType="ComponentTemplate" selected="false" exported="false" />
                <Item id="8f94a7308cf642b58289ca02b562f2da" title="Promotions%20Widget" extension="tctcmp" itemType="ComponentTemplate" selected="false" exported="false" />
              </Item>
            </Item>
            <Item id="1e36f2b2b63b418887c47e9c856530b7" title="Site%20Manager" itemType="Folder" selected="false" exported="false">
              <Item id="636dd2f8e3d947349379378c2604605c" title="Default%20Widgets" itemType="Folder" selected="false" exported="false">
                <Item id="tcm:30-4092" title="Breadcrumb" extension="xml" itemType="Component" blueprintStatus="SharedItem" selected="false" exported="true" />
                <Item id="tcm:30-4063" title="Facets" extension="xml" itemType="Component" blueprintStatus="SharedItem" selected="false" exported="true" />
                <Item id="tcm:30-4096" title="Product%20Detail" extension="xml" itemType="Component" blueprintStatus="SharedItem" selected="false" exported="true" />
                <Item id="tcm:30-4102" title="Product%20Lister" extension="xml" itemType="Component" blueprintStatus="SharedItem" selected="false" exported="true" />
                <Item id="tcm:30-4083" title="Promotions" extension="xml" itemType="Component" blueprintStatus="SharedItem" selected="false" exported="true" />
              </Item>
            </Item>
          </Item>
        </Item>
        <Item id="404bb8b5f8914aa28a32523f1b10a127" title="Default%20Multimedia%20Schema" extension="xsd" itemType="Schema" selected="false" exported="false" />
      </Item>
      <Item id="tcm:30-707-4" title="Home" itemType="StructureGroup" blueprintStatus="SharedItem" selected="true" exported="true">
        <Item id="tcm:30-751-4" title="_Page%20Types" itemType="StructureGroup" blueprintStatus="LocalItem" selected="true" exported="true">
          <Item id="tcm:30-4116-64" title="E-Commerce%20Category%20Page" extension="tpg" itemType="Page" blueprintStatus="LocalItem" selected="true" exported="true">
            <ApplicationIds>
              <ApplicationId>SiteEdit</ApplicationId>
            </ApplicationIds>
          </Item>
          <Item id="tcm:30-4117-64" title="E-Commerce%20Product%20Detail%20Page" extension="tpg" itemType="Page" blueprintStatus="LocalItem" selected="true" exported="true">
            <ApplicationIds>
              <ApplicationId>SiteEdit</ApplicationId>
            </ApplicationIds>
          </Item>
        </Item>
      </Item>
      <Item id="831d50688de34307aee95015d4125fa8" title="Task%20Process" extension="tpd" itemType="ProcessDefinition" selected="false" exported="false" />
    </Item>
    <Item id="tcm:0-31-1" title="200%20Example%20Content" itemType="Publication" selected="true" exported="true">
      <Item id="tcm:31-704-2" title="Building%20Blocks" itemType="Folder" blueprintStatus="SharedItem" selected="true" exported="true">
        <Item id="tcm:31-743-2" title="Content" itemType="Folder" blueprintStatus="SharedItem" selected="true" exported="true">
          <Item id="tcm:31-759-2" title="About" itemType="Folder" blueprintStatus="LocalItem" selected="false" exported="true">
            <Item id="tcm:31-4000" title="Company%20Information" extension="xml" itemType="Component" blueprintStatus="LocalItem" selected="false" exported="true" />
            <Item id="tcm:31-3997" title="Contact%20Tab%20Content" extension="xml" itemType="Component" blueprintStatus="LocalItem" selected="false" exported="true" />
            <Item id="tcm:31-4026" title="Privacy%20Policy" extension="xml" itemType="Component" blueprintStatus="LocalItem" selected="false" exported="true" />
          </Item>
          <Item id="tcm:31-750-2" title="Articles" itemType="Folder" blueprintStatus="SharedItem" selected="false" exported="true">
            <Item id="tcm:31-4015" title="All%20Articles%20Index" extension="xml" itemType="Component" blueprintStatus="LocalItem" selected="false" exported="true" />
            <Item id="tcm:31-4020" title="News%20Intro" extension="xml" itemType="Component" blueprintStatus="LocalItem" selected="false" exported="true" />
          </Item>
          <Item id="tcm:31-794-2" title="E-Commerce" itemType="Folder" blueprintStatus="SharedItem" selected="true" exported="true">
            <Item id="tcm:31-798-2" title="Category" itemType="Folder" blueprintStatus="SharedItem" selected="true" exported="true" />
            <Item id="tcm:31-797-2" title="Detail" itemType="Folder" blueprintStatus="SharedItem" selected="true" exported="true" />
            <Item id="tcm:31-795-2" title="Images" itemType="Folder" blueprintStatus="SharedItem" selected="true" exported="true" />
            <Item id="tcm:31-803-2" title="Mega%20Navigation" itemType="Folder" blueprintStatus="LocalItem" selected="true" exported="true">
              <Item id="tcm:31-802-2" title="Fredhopper" itemType="Folder" blueprintStatus="LocalItem" selected="true" exported="true">
                <Item id="tcm:31-4122" title="Beauty%20Section" extension="xml" itemType="Component" blueprintStatus="LocalItem" selected="true" exported="true" />
                <Item id="tcm:31-4123" title="Gifts%20Section" extension="xml" itemType="Component" blueprintStatus="LocalItem" selected="true" exported="true" />
                <Item id="tcm:31-4124" title="Home%20%26%20Electricals%20Section" extension="xml" itemType="Component" blueprintStatus="LocalItem" selected="true" exported="true" />
                <Item id="tcm:31-4125" title="Kids%20Section" extension="xml" itemType="Component" blueprintStatus="LocalItem" selected="true" exported="true" />
                <Item id="tcm:31-4126" title="Men%20Section" extension="xml" itemType="Component" blueprintStatus="LocalItem" selected="true" exported="true" />
                <Item id="tcm:31-4127" title="Sport%20%26%20Leisure%20Section" extension="xml" itemType="Component" blueprintStatus="LocalItem" selected="true" exported="true" />
                <Item id="tcm:31-4128" title="Women%20Section" extension="xml" itemType="Component" blueprintStatus="LocalItem" selected="true" exported="true" />
              </Item>
            </Item>
            <Item id="tcm:31-796-2" title="Widgets" itemType="Folder" blueprintStatus="SharedItem" selected="true" exported="true">
              <Item id="tcm:31-4119" title="Search%20Feedback" extension="xml" itemType="Component" blueprintStatus="LocalItem" selected="true" exported="true" />
            </Item>
          </Item>
          <Item id="tcm:31-763-2" title="Homepage" itemType="Folder" blueprintStatus="LocalItem" selected="false" exported="true">
            <Item id="tcm:31-4023" title="Homepage%20Welcome" extension="xml" itemType="Component" blueprintStatus="LocalItem" selected="false" exported="true" />
          </Item>
          <Item id="tcm:31-757-2" title="Images" itemType="Folder" blueprintStatus="SharedItem" selected="false" exported="true">
            <Item id="tcm:31-760-2" title="Large" itemType="Folder" blueprintStatus="LocalItem" selected="false" exported="true">
              <Item id="tcm:31-4014" title="bridge" extension="jpg" itemType="Component" subtype="1" blueprintStatus="LocalItem" selected="false" exported="true" />
              <Item id="tcm:31-3999" title="planes" extension="jpg" itemType="Component" subtype="1" blueprintStatus="LocalItem" selected="false" exported="true" />
            </Item>
          </Item>
          <Item id="tcm:31-755-2" title="Video" itemType="Folder" blueprintStatus="SharedItem" selected="false" exported="true">
            <Item id="tcm:31-3998" title="Company%20News%20Media%20Manager%20Video" extension="png" itemType="Component" subtype="1" blueprintStatus="LocalItem" selected="false" exported="true" />
          </Item>
          <Item id="a08af350b5cc44d99cd2281b872fbe72" title="_Structure" itemType="Folder" selected="false" exported="false">
            <Item id="tcm:31-748-2" title="Header" itemType="Folder" blueprintStatus="SharedItem" selected="false" exported="true">
              <Item id="tcm:31-4016" title="Company%20Logo%20540%20px" extension="png" itemType="Component" subtype="1" blueprintStatus="LocalItem" selected="false" exported="true" />
            </Item>
          </Item>
        </Item>
        <Item id="9acb68c4b4f6469e91960dfc4da30dc6" title="Default%20Templates" itemType="Folder" selected="false" exported="false">
          <Item id="a23bad93bf4c4097b732b0b79ab162e6" title="Default%20Component%20Template" extension="tctcmp" itemType="ComponentTemplate" selected="false" exported="false" />
          <Item id="3fec76eb83b54aaca6fedff562379255" title="Default%20Dreamweaver%20Page%20Design" extension="dwt" itemType="TemplateBuildingBlock" selected="false" exported="false" />
          <Item id="73ca9b7d315c462b82ac859aa9695d70" title="Default%20Page%20Template" extension="tptcmp" itemType="PageTemplate" selected="false" exported="false" />
        </Item>
        <Item id="9d82ce64f3d04771aaece6bb4ee28fea" title="Modules" itemType="Folder" selected="false" exported="false">
          <Item id="6dc6454f5dca41b180695ddad8388fdc" title="Core" itemType="Folder" selected="false" exported="false">
            <Item id="2e4a43d26bc04aabac75e3ea199f18b5" title="Editor" itemType="Folder" selected="false" exported="false">
              <Item id="6f12c0c16c864a8697772dab516e8081" title="Schemas" itemType="Folder" selected="false" exported="false">
                <Item id="8a56ff26cc48463ab461b069d267b9f5" title="Article" extension="xsd" itemType="Schema" selected="false" exported="false" />
                <Item id="3a2dca4a987a4ac4b929b93ae431b7f6" title="Content%20Query" extension="xsd" itemType="Schema" selected="false" exported="false" />
                <Item id="e5533406bc2543479f5524c4cc545570" title="Image" extension="xsd" itemType="Schema" selected="false" exported="false" />
                <Item id="7ad8cd0cbc084a2bb6ad95cfb9b7655b" title="Item%20List" extension="xsd" itemType="Schema" selected="false" exported="false" />
                <Item id="b9680751b5934c0db641f97a40c37440" title="YouTube%20Video" extension="xsd" itemType="Schema" selected="false" exported="false" />
              </Item>
            </Item>
          </Item>
          <Item id="bb1eb635f1ce4a1192faf52e1cc3fd3e" title="E-Commerce" itemType="Folder" selected="false" exported="false">
            <Item id="48deb728074e47ada26846fcfef4aaa5" title="Editor" itemType="Folder" selected="false" exported="false">
              <Item id="324e9f68e97947cc96a43010d651694e" title="Schemas" itemType="Folder" selected="false" exported="false">
                <Item id="4f2c7a7e88a6430c861c47d219f5f18b" title="ECommerce%20-%20Facets%20Widget" extension="xsd" itemType="Schema" selected="false" exported="false" />
                <Item id="601e13acbca645149648682c9a6c32b2" title="ECommerce%20-%20Search%20Feedback" extension="xsd" itemType="Schema" selected="false" exported="false" />
              </Item>
            </Item>
          </Item>
        </Item>
        <Item id="20db4988dbd34cfbbe7089cf3d2c1a46" title="Default%20Multimedia%20Schema" extension="xsd" itemType="Schema" selected="false" exported="false" />
      </Item>
      <Item id="4afca3823dcf4b978e74d31c99dc6121" title="Content%20Type" itemType="Category" selected="false" exported="false">
        <Item id="tcm:31-3886-1024" title="Article" extension="tkw" itemType="Keyword" blueprintStatus="SharedItem" selected="false" exported="true" />
      </Item>
      <Item id="3c69cea02481473cb204356eac43b90f" title="List%20Sort%20Type" itemType="Category" selected="false" exported="false">
        <Item id="tcm:31-3931-1024" title="Last%20Published%20Date" extension="tkw" itemType="Keyword" blueprintStatus="SharedItem" selected="false" exported="true" />
      </Item>
      <Item id="51a804c3be4547e8963cfe33c334d352" title="Task%20Process" extension="tpd" itemType="ProcessDefinition" selected="false" exported="false" />
    </Item>
    <Item id="tcm:0-32-1" title="400%20Example%20Site" itemType="Publication" selected="true" exported="true">
      <ApplicationIds>
        <ApplicationId>SiteEdit</ApplicationId>
      </ApplicationIds>
      <Item id="tcm:32-704-2" title="Building%20Blocks" itemType="Folder" blueprintStatus="SharedItem" selected="true" exported="true">
        <Item id="tcm:32-743-2" title="Content" itemType="Folder" blueprintStatus="SharedItem" selected="true" exported="true">
          <Item id="791a07b0a65243e789a41c81abe6ea52" title="About" itemType="Folder" selected="false" exported="false">
            <Item id="tcm:32-4000" title="Company%20Information" extension="xml" itemType="Component" blueprintStatus="SharedItem" selected="false" exported="true" />
            <Item id="tcm:32-3997" title="Contact%20Tab%20Content" extension="xml" itemType="Component" blueprintStatus="SharedItem" selected="false" exported="true" />
            <Item id="tcm:32-4026" title="Privacy%20Policy" extension="xml" itemType="Component" blueprintStatus="SharedItem" selected="false" exported="true" />
          </Item>
          <Item id="b70ea7a258874b59b832f7dc13d7ce3e" title="Articles" itemType="Folder" selected="false" exported="false">
            <Item id="tcm:32-4015" title="All%20Articles%20Index" extension="xml" itemType="Component" blueprintStatus="SharedItem" selected="false" exported="true" />
            <Item id="tcm:32-4020" title="News%20Intro" extension="xml" itemType="Component" blueprintStatus="SharedItem" selected="false" exported="true" />
          </Item>
          <Item id="77b8de16300d448ea2a00d2fef08baf7" title="E-Commerce" itemType="Folder" selected="false" exported="false">
            <Item id="4b7faa8a2d814d84908fa1e35507b8ad" title="Widgets" itemType="Folder" selected="false" exported="false">
              <Item id="tcm:32-4119" title="Search%20Feedback" extension="xml" itemType="Component" blueprintStatus="SharedItem" selected="false" exported="true" />
            </Item>
          </Item>
          <Item id="3c0e4941c5e84c2682212fae2b3793be" title="Homepage" itemType="Folder" selected="false" exported="false">
            <Item id="tcm:32-4023" title="Homepage%20Welcome" extension="xml" itemType="Component" blueprintStatus="SharedItem" selected="false" exported="true" />
          </Item>
          <Item id="tcm:32-747-2" title="_Structure" itemType="Folder" blueprintStatus="SharedItem" selected="true" exported="true">
            <Item id="tcm:32-748-2" title="Header" itemType="Folder" blueprintStatus="SharedItem" selected="false" exported="true">
              <Item id="tcm:32-4016" title="Company%20Logo%20540%20px" extension="png" itemType="Component" subtype="1" blueprintStatus="SharedItem" selected="false" exported="true" />
              <Item id="tcm:32-4037" title="Cookie%20bar" extension="xml" itemType="Component" blueprintStatus="LocalItem" selected="false" exported="true" />
              <Item id="tcm:32-4039" title="Header%20Links" extension="xml" itemType="Component" blueprintStatus="LocalItem" selected="false" exported="true" />
              <Item id="tcm:32-4038" title="Header" extension="xml" itemType="Component" blueprintStatus="LocalItem" selected="false" exported="true" />
              <Item id="tcm:32-3962" title="Old%20Browser%20bar" extension="xml" itemType="Component" blueprintStatus="SharedItem" selected="false" exported="true" />
            </Item>
            <Item id="tcm:32-804-2" title="MegaNavigation" itemType="Folder" blueprintStatus="SharedItem" selected="true" exported="true">
              <Item id="tcm:32-4121" title="Article%20Section" extension="xml" itemType="Component" blueprintStatus="LocalItem" selected="true" exported="true" />
              <Item id="tcm:32-4120" title="Home%20Section" extension="xml" itemType="Component" blueprintStatus="LocalItem" selected="true" exported="true" />
            </Item>
          </Item>
        </Item>
        <Item id="8c463aadd3a145e6b0e07e0745c47ef8" title="Default%20Templates" itemType="Folder" selected="false" exported="false">
          <Item id="55c828646a4c47908fb50b4dff10e09c" title="Default%20Component%20Template" extension="tctcmp" itemType="ComponentTemplate" selected="false" exported="false" />
          <Item id="34fa32539f794c0ba59b5ee0fbe2d804" title="Default%20Dreamweaver%20Page%20Design" extension="dwt" itemType="TemplateBuildingBlock" selected="false" exported="false" />
        </Item>
        <Item id="46ab8492d7204901945eb70f7f89c759" title="Modules" itemType="Folder" selected="false" exported="false">
          <Item id="43d656199fd74a32a5e4da458d131032" title="Core" itemType="Folder" selected="false" exported="false">
            <Item id="d6b1d3913fef41f99044cb09f56601d4" title="Editor" itemType="Folder" selected="false" exported="false">
              <Item id="04bbfdc7d28a4196b693821c008b2269" title="Schemas" itemType="Folder" selected="false" exported="false">
                <Item id="1135c178ebbe4485a554208c4e33c04d" title="Link%20List" extension="xsd" itemType="Schema" selected="false" exported="false" />
                <Item id="4d1b0acb7a27430694ee0df263730085" title="Teaser" extension="xsd" itemType="Schema" selected="false" exported="false" />
              </Item>
              <Item id="d40bdd38d9234bf2b3fd098d00c15289" title="Templates" itemType="Folder" selected="false" exported="false">
                <Item id="f81820b7ced64904b98082efae8af76d" title="Content%20Page" extension="tptcmp" itemType="PageTemplate" selected="false" exported="false" />
                <Item id="ed84027ec27e4dd3817017549e57bc90" title="Section%20Page" extension="tptcmp" itemType="PageTemplate" selected="false" exported="false" />
              </Item>
            </Item>
            <Item id="ebae911ab9a6444fb2960432eb9929e3" title="Site%20Manager" itemType="Folder" selected="false" exported="false">
              <Item id="3f425e9e82624720b7c2944538d124e1" title="Schemas" itemType="Folder" selected="false" exported="false">
                <Item id="812fbddb47d64539a9bcd24df191a57e" title="Metadata" itemType="Folder" selected="false" exported="false">
                  <Item id="3b8da1a868864a859c14aad988cdce3e" title="Publication%20Metadata" extension="xsd" itemType="Schema" selected="false" exported="false" />
                </Item>
                <Item id="69c53b5438084cffbba3acc9e41b84bb" title="Notification%20Bar" extension="xsd" itemType="Schema" selected="false" exported="false" />
              </Item>
              <Item id="260eca84447748e1ac32164ef2987ffe" title="Templates" itemType="Folder" selected="false" exported="false">
                <Item id="2592e707882d4d418cbeaa1eddc9ca82" title="Cookie%20Notification%20Bar%20%5BInfo%5D" extension="tctcmp" itemType="ComponentTemplate" selected="false" exported="false" />
                <Item id="c4e417d3fcc44327985a9c5d0cfc0610" title="Header%20Links%20%5BNav%5D" extension="tctcmp" itemType="ComponentTemplate" selected="false" exported="false" />
                <Item id="4e72f9625d5f441e93dbfbf96993d580" title="Header%20Logo%20%5BLogo%5D" extension="tctcmp" itemType="ComponentTemplate" selected="false" exported="false" />
                <Item id="2bb624cd1b294076a60fe32fe6ef80a0" title="Include%20Page" extension="tptcmp" itemType="PageTemplate" selected="false" exported="false" />
                <Item id="d5fe13eccf514ce48b502be011b66b79" title="Language%20Selector%20%5BNav%5D" extension="tctcmp" itemType="ComponentTemplate" selected="false" exported="false" />
                <Item id="73a02229c15446bab9887d4828212fc6" title="Old%20Browser%20Notification%20Bar%20%5BInfo%5D" extension="tctcmp" itemType="ComponentTemplate" selected="false" exported="false" />
                <Item id="bf29bdadf56c4112995f0b689461842e" title="Top%20Navigation%20%5BNav%5D" extension="tctcmp" itemType="ComponentTemplate" selected="false" exported="false" />
              </Item>
            </Item>
          </Item>
          <Item id="bdda4c00ea3e4962b69107a6de9382b2" title="E-Commerce" itemType="Folder" selected="false" exported="false">
            <Item id="d9e2304229124a499cd5cc834a3097b3" title="Editor" itemType="Folder" selected="false" exported="false">
              <Item id="9ca73b298c464699b4a7f569fdb0ba57" title="Templates" itemType="Folder" selected="false" exported="false">
                <Item id="09d525238b1d41abbf934b9c183a3eba" title="Breadcrumb" extension="tctcmp" itemType="ComponentTemplate" selected="false" exported="false" />
                <Item id="7e426b372ad944d5b08ed42e213f4360" title="Cart%20%5BNav%5D" extension="tctcmp" itemType="ComponentTemplate" selected="false" exported="false" />
                <Item id="cbfc1b3cde0646ea9871dc5577a85f24" title="Cart" extension="tctcmp" itemType="ComponentTemplate" selected="false" exported="false" />
                <Item id="32d394af9a454d1998239cd77b10ea51" title="Detail%20Breadcrumb" extension="tctcmp" itemType="ComponentTemplate" selected="false" exported="false" />
                <Item id="26a8feeca3df4b3badca0376aec4065e" title="Facets%20Widget%20%5BLeft%5D" extension="tctcmp" itemType="ComponentTemplate" selected="false" exported="false" />
                <Item id="e434178564464ce2bf70c1bc45f4ee24" title="Product%20Detail%20Widget" extension="tctcmp" itemType="ComponentTemplate" selected="false" exported="false" />
                <Item id="801557a268224062af11c8b99e73d4ea" title="Product%20Lister%20Widget" extension="tctcmp" itemType="ComponentTemplate" selected="false" exported="false" />
                <Item id="f762edfe12ef4e368ba7dc34f1ce906a" title="Promotions%20Widget" extension="tctcmp" itemType="ComponentTemplate" selected="false" exported="false" />
                <Item id="5b26d5a139a5406fae93ba6bd16f0912" title="Search%20Box%20%5BNav%5D" extension="tctcmp" itemType="ComponentTemplate" selected="false" exported="false" />
                <Item id="693f8dc88647408da25e9ebab4ec1676" title="Search%20Feedback%20%5BTools%5D" extension="tctcmp" itemType="ComponentTemplate" selected="false" exported="false" />
              </Item>
            </Item>
            <Item id="f0f1f85dab0d4f549b889d59dec4e515" title="Site%20Manager" itemType="Folder" selected="false" exported="false">
              <Item id="36c5fc5289294b30bba119fd7c4ede0c" title="Default%20Widgets" itemType="Folder" selected="false" exported="false">
                <Item id="tcm:32-4092" title="Breadcrumb" extension="xml" itemType="Component" blueprintStatus="SharedItem" selected="false" exported="true" />
                <Item id="tcm:32-4076" title="Cart" extension="xml" itemType="Component" blueprintStatus="SharedItem" selected="false" exported="true" />
                <Item id="tcm:32-4063" title="Facets" extension="xml" itemType="Component" blueprintStatus="SharedItem" selected="false" exported="true" />
                <Item id="tcm:32-4096" title="Product%20Detail" extension="xml" itemType="Component" blueprintStatus="SharedItem" selected="false" exported="true" />
                <Item id="tcm:32-4102" title="Product%20Lister" extension="xml" itemType="Component" blueprintStatus="SharedItem" selected="false" exported="true" />
                <Item id="tcm:32-4083" title="Promotions" extension="xml" itemType="Component" blueprintStatus="SharedItem" selected="false" exported="true" />
                <Item id="tcm:32-4078" title="Search%20Box" extension="xml" itemType="Component" blueprintStatus="SharedItem" selected="false" exported="true" />
              </Item>
            </Item>
          </Item>
          <Item id="21e51678843d43abaadc1ce9a9b5d36a" title="Navigation" itemType="Folder" selected="false" exported="false">
            <Item id="511b413addfa4b4991de20d782b880d8" title="Site%20Manager" itemType="Folder" selected="false" exported="false">
              <Item id="e8fabeb1fe564f08a41cd16aff49938d" title="Schemas" itemType="Folder" selected="false" exported="false">
                <Item id="2847f74b45774074bf5e1ce7701b3d1a" title="Navigation%20Section" extension="xsd" itemType="Schema" selected="false" exported="false" />
              </Item>
            </Item>
          </Item>
        </Item>
        <Item id="9bfc6e1617b347688e612244ef7794c7" title="Settings" itemType="Folder" selected="false" exported="false">
          <Item id="af123d554ba547358b6b0265dc83a22e" title="Core" itemType="Folder" selected="false" exported="false">
            <Item id="4d36c7cd1f5e499cbc249a2a687215b3" title="Site%20Manager" itemType="Folder" selected="false" exported="false">
              <Item id="tcm:32-3928" title="Language%20Selector%20Configuration" extension="xml" itemType="Component" blueprintStatus="SharedItem" selected="false" exported="true" />
              <Item id="tcm:32-3923" title="Navigation%20Configuration" extension="xml" itemType="Component" blueprintStatus="SharedItem" selected="false" exported="true" />
            </Item>
          </Item>
        </Item>
        <Item id="070e738f2b234c02922ba774078bb958" title="Default%20Multimedia%20Schema" extension="xsd" itemType="Schema" selected="false" exported="false" />
      </Item>
      <Item id="tcm:32-707-4" title="Home" itemType="StructureGroup" blueprintStatus="SharedItem" selected="true" exported="true">
        <Item id="tcm:32-800-4" title="Categories" itemType="StructureGroup" blueprintStatus="LocalItem" selected="true" exported="true">
          <Item id="tcm:32-4129-64" title="Generic%20CategoryPage" extension="tpg" itemType="Page" blueprintStatus="LocalItem" selected="true" exported="true" />
        </Item>
        <Item id="tcm:32-801-4" title="Product%20Details" itemType="StructureGroup" blueprintStatus="LocalItem" selected="true" exported="true">
          <Item id="tcm:32-4130-64" title="Generic%20Product%20Detail" extension="tpg" itemType="Page" blueprintStatus="LocalItem" selected="true" exported="true" />
        </Item>
        <Item id="tcm:32-723-4" title="_System" itemType="StructureGroup" blueprintStatus="SharedItem" selected="true" exported="true">
          <Item id="tcm:32-737-4" title="include" itemType="StructureGroup" blueprintStatus="SharedItem" selected="true" exported="true">
            <Item id="tcm:32-3986-64" title="Header" extension="tpg" itemType="Page" blueprintStatus="LocalizedItem" selected="true" exported="true" />
          </Item>
        </Item>
        <Item id="tcm:32-4132-64" title="Search%20Results" extension="tpg" itemType="Page" blueprintStatus="LocalItem" selected="true" exported="true" />
        <Item id="tcm:32-4131-64" title="Shopping%20Cart" extension="tpg" itemType="Page" blueprintStatus="LocalItem" selected="true" exported="true" />
      </Item>
      <Item id="6b1233f874c3473c83c45f7e34128c07" title="Task%20Process" extension="tpd" itemType="ProcessDefinition" selected="false" exported="false" />
    </Item>
    <Item id="tcm:0-2-65544" title="Jpeg%20image" extension="tmt" itemType="MultimediaType" selected="false" exported="true" />
    <Item id="tcm:0-3-65544" title="Png%20image" extension="tmt" itemType="MultimediaType" selected="false" exported="true" />
  </Item>
</Index>