<PackageItem xmlns:tcm="http://www.tridion.com/ContentManager/5.0" xmlns:xlink="http://www.w3.org/1999/xlink" xmlns="http://www.sdltridion.com/ContentManager/ImportExport/Package/2013">
  <PrimaryBlueprintParentUrl>/webdav/200%20Example%20Content/Building%20Blocks/Content/Homepage/Homepage%20Welcome.xml</PrimaryBlueprintParentUrl>
  <Data>
    <tcm:Data>
      <tcm:Title>Homepage Welcome</tcm:Title>
      <tcm:Type>Normal</tcm:Type>
      <tcm:Schema xlink:type="simple" xlink:title="Article" xlink:href="/webdav/400%20Example%20Site/Building%20Blocks/Modules/Core/Editor/Schemas/Article.xsd" IsMandatory="false" />
      <tcm:Content>
        <Article xmlns="http://www.sdl.com/web/schemas/core">
          <headline>Welcome</headline>
          <articleBody>
            <content>
              <p xmlns="http://www.w3.org/1999/xhtml">Loremus <span>ipsumis dolor sit amet, consectetur adipiscing elit. Ut semper ex tortor, a ullamcorper sem venenatis sed. In interdum leo eu orci pharetra luctus. Nulla ut blandit urna, ac maximus mauris. Cras sapien dolor, blandit eu nisi at, pretium facilisis quam. </span></p>
<p xmlns="http://www.w3.org/1999/xhtml">Donec ipsum ex, pellentesque id diam a, aliquam commodo nibh. Fusce lacinia arcu lorem, volutpat pulvinar quam scelerisque vel. Etiam auctor pulvinar mi, eget pretium odio. Curabitur iaculis nisl augue, fermentum porta arcu condimentum convallis. Ut sit amet nisi a enim blandit accumsan. Integer scelerisque ac nibh a viverra. Ut sed nisi id velit egestas mollis.</p></content>
          </articleBody>
        </Article>
      </tcm:Content>
      <tcm:Metadata>
        <Metadata xmlns="http://www.sdl.com/web/schemas/core">
          <standardMeta>
            <description>Lorem ipsum dolor sit amet, consectetur adipiscing elit. Ut semper ex tortor, a ullamcorper sem venenatis sed. In interdum leo eu orci pharetra luctus. Nulla ut blandit urna, ac maximus mauris.</description>
            <name>Home</name>
            <introText>Home page</introText>
          </standardMeta>
        </Metadata>
      </tcm:Metadata>
      <tcm:IsBasedOnTridionWebSchema>true</tcm:IsBasedOnTridionWebSchema>
      <tcm:MultimediaType xlink:type="simple" xlink:title="" xlink:href="tcm:0-0-0" />
    </tcm:Data>
  </Data>
  <Dependencies>
    <Dependency dependencyType="Publication" itemUrl="/webdav/400%20Example%20Site" linkName="LocationInfo/ContextRepository" />
    <Dependency dependencyType="OrganizationalItemFolder" itemUrl="/webdav/400%20Example%20Site/Building%20Blocks/Content/Homepage" linkName="LocationInfo/OrganizationalItem" />
    <Dependency dependencyType="Schema" itemUrl="/webdav/400%20Example%20Site/Building%20Blocks/Modules/Core/Editor/Schemas/Article.xsd" linkName="Schema" />
  </Dependencies>
</PackageItem>