<Index dataContractVersion="2013" xmlns="http://www.sdltridion.com/ContentManager/ImportExport/Package/2013">
  <Item id="tcm:0-0-0" selected="false" exported="true">
    <ApplicationIds>
      <ApplicationId>http://www.sdl.com/tridion/SemanticMapping/vocabularies</ApplicationId>
    </ApplicationIds>
    <Item id="0ac5a54f05f84a4b9ff13aa1a1aaae2f" title="110%20DXA%20Site%20Type" itemType="Publication" selected="false" exported="false" />
    <Item id="tcm:0-82-1" title="200%20Example%20Content" itemType="Publication" selected="true" exported="true">
      <Item id="tcm:82-1317-2" title="Building%20Blocks" itemType="Folder" blueprintStatus="SharedItem" selected="true" exported="true">
        <Item id="tcm:82-1351-2" title="Content" itemType="Folder" blueprintStatus="SharedItem" selected="true" exported="true">
          <Item id="tcm:82-1399-2" title="E-Commerce" itemType="Folder" blueprintStatus="SharedItem" selected="true" exported="true">
            <Item id="tcm:82-1407-2" title="Mega%20Navigation" itemType="Folder" blueprintStatus="LocalItem" selected="true" exported="true">
              <Item id="tcm:82-1413-2" title="Demandware" itemType="Folder" blueprintStatus="LocalItem" selected="true" exported="true">
                <Item id="tcm:82-5466" title="Kids%20Section" extension="xml" itemType="Component" blueprintStatus="LocalItem" selected="true" exported="true" />
                <Item id="tcm:82-5465" title="Mens%20Section" extension="xml" itemType="Component" blueprintStatus="LocalItem" selected="true" exported="true" />
                <Item id="tcm:82-5464" title="Womens%20Section" extension="xml" itemType="Component" blueprintStatus="LocalItem" selected="true" exported="true" />
              </Item>
            </Item>
          </Item>
        </Item>
        <Item id="47ab5fec3c44443b9b43b31bc5bc6372" title="Default%20Templates" itemType="Folder" selected="false" exported="false">
          <Item id="0e7ee684f1aa4b10a189f138b547d898" title="Default%20Component%20Template" extension="tctcmp" itemType="ComponentTemplate" selected="false" exported="false" />
          <Item id="11264f3db52c4a2a91563ca203e1a025" title="Default%20Dreamweaver%20Page%20Design" extension="dwt" itemType="TemplateBuildingBlock" selected="false" exported="false" />
          <Item id="a76ad39bb5f3460e8cefb0acdb20097b" title="Default%20Page%20Template" extension="tptcmp" itemType="PageTemplate" selected="false" exported="false" />
        </Item>
        <Item id="84fceca70d6b433d832d2002560b1144" title="Modules" itemType="Folder" selected="false" exported="false">
          <Item id="077af4d72680430abf4d74cc0017dbfe" title="E-Commerce" itemType="Folder" selected="false" exported="false">
            <Item id="adbc48d8d3dc495cad79d4d0ce9819f7" title="Editor" itemType="Folder" selected="false" exported="false">
              <Item id="2779a56b73de4d139857dc49d0bad70c" title="Schemas" itemType="Folder" selected="false" exported="false">
                <Item id="1dd93009645c46deb524667bb9990967" title="ECommerce%20-%20Facets%20Widget" extension="xsd" itemType="Schema" selected="false" exported="false" />
              </Item>
            </Item>
          </Item>
        </Item>
        <Item id="48f959db3fe74b91a6584248101242aa" title="Default%20Multimedia%20Schema" extension="xsd" itemType="Schema" selected="false" exported="false" />
      </Item>
      <Item id="3d77213ef7bf4de9af078ede29b008a7" title="Task%20Process" extension="tpd" itemType="ProcessDefinition" selected="false" exported="false" />
    </Item>
    <Item id="tcm:0-83-1" title="400%20Example%20Site" itemType="Publication" selected="true" exported="true">
      <ApplicationIds>
        <ApplicationId>SiteEdit</ApplicationId>
      </ApplicationIds>
      <Item id="tcm:83-1317-2" title="Building%20Blocks" itemType="Folder" blueprintStatus="SharedItem" selected="false" exported="true">
        <Item id="tcm:83-1351-2" title="Content" itemType="Folder" blueprintStatus="SharedItem" selected="false" exported="true">
          <Item id="tcm:83-1372-2" title="About" itemType="Folder" blueprintStatus="SharedItem" selected="false" exported="true">
            <Item id="tcm:83-5316" title="Company%20Information" extension="xml" itemType="Component" blueprintStatus="SharedItem" selected="false" exported="true" />
            <Item id="tcm:83-5313" title="Contact%20Tab%20Content" extension="xml" itemType="Component" blueprintStatus="SharedItem" selected="false" exported="true" />
            <Item id="tcm:83-5342" title="Privacy%20Policy" extension="xml" itemType="Component" blueprintStatus="SharedItem" selected="false" exported="true" />
          </Item>
          <Item id="tcm:83-1399-2" title="E-Commerce" itemType="Folder" blueprintStatus="SharedItem" selected="false" exported="true">
            <Item id="tcm:83-1407-2" title="Mega%20Navigation" itemType="Folder" blueprintStatus="SharedItem" selected="false" exported="true">
              <Item id="tcm:83-1413-2" title="Demandware" itemType="Folder" blueprintStatus="SharedItem" selected="false" exported="true">
                <Item id="tcm:83-5466" title="Kids%20Section" extension="xml" itemType="Component" blueprintStatus="SharedItem" selected="false" exported="true" />
                <Item id="tcm:83-5465" title="Mens%20Section" extension="xml" itemType="Component" blueprintStatus="SharedItem" selected="false" exported="true" />
                <Item id="tcm:83-5464" title="Womens%20Section" extension="xml" itemType="Component" blueprintStatus="SharedItem" selected="false" exported="true" />
              </Item>
            </Item>
          </Item>
          <Item id="tcm:83-1376-2" title="Homepage" itemType="Folder" blueprintStatus="SharedItem" selected="false" exported="true">
            <Item id="tcm:83-5339" title="Homepage%20Welcome" extension="xml" itemType="Component" blueprintStatus="SharedItem" selected="false" exported="true" />
          </Item>
          <Item id="tcm:83-1368-2" title="Images" itemType="Folder" blueprintStatus="SharedItem" selected="false" exported="true">
            <Item id="tcm:83-1373-2" title="Large" itemType="Folder" blueprintStatus="SharedItem" selected="false" exported="true">
              <Item id="tcm:83-5315" title="planes" extension="jpg" itemType="Component" subtype="1" blueprintStatus="SharedItem" selected="false" exported="true" />
            </Item>
          </Item>
          <Item id="tcm:83-1360-2" title="Video" itemType="Folder" blueprintStatus="SharedItem" selected="false" exported="true">
            <Item id="tcm:83-5314" title="Company%20News%20Media%20Manager%20Video" extension="png" itemType="Component" subtype="1" blueprintStatus="SharedItem" selected="false" exported="true" />
          </Item>
          <Item id="tcm:83-1359-2" title="_Structure" itemType="Folder" blueprintStatus="SharedItem" selected="false" exported="true">
            <Item id="tcm:83-1361-2" title="Header" itemType="Folder" blueprintStatus="SharedItem" selected="false" exported="true">
              <Item id="tcm:83-5332" title="Company%20Logo%20540%20px" extension="png" itemType="Component" subtype="1" blueprintStatus="SharedItem" selected="false" exported="true" />
              <Item id="tcm:83-5355" title="Cookie%20bar" extension="xml" itemType="Component" blueprintStatus="LocalItem" selected="false" exported="true" />
              <Item id="tcm:83-5357" title="Header%20Links" extension="xml" itemType="Component" blueprintStatus="LocalItem" selected="false" exported="true" />
              <Item id="tcm:83-5356" title="Header" extension="xml" itemType="Component" blueprintStatus="LocalItem" selected="false" exported="true" />
              <Item id="tcm:83-5298" title="Old%20Browser%20bar" extension="xml" itemType="Component" blueprintStatus="SharedItem" selected="false" exported="true" />
            </Item>
            <Item id="tcm:83-1402-2" title="MegaNavigation" itemType="Folder" blueprintStatus="SharedItem" selected="false" exported="true">
              <Item id="tcm:83-5429" title="Home%20Section" extension="xml" itemType="Component" blueprintStatus="SharedItem" selected="false" exported="true" />
            </Item>
          </Item>
        </Item>
        <Item id="17b2a87940534383a9fb4e7790dd2030" title="Default%20Templates" itemType="Folder" selected="false" exported="false">
          <Item id="4eeb9c8056a54360afc47fd84fcbe225" title="Default%20Component%20Template" extension="tctcmp" itemType="ComponentTemplate" selected="false" exported="false" />
          <Item id="df9b2664852647b88e01e45f539fdc1b" title="Default%20Dreamweaver%20Page%20Design" extension="dwt" itemType="TemplateBuildingBlock" selected="false" exported="false" />
        </Item>
        <Item id="7a727ea51cea465cbc7da3096e99a9a2" title="Framework" itemType="Folder" selected="false" exported="false">
          <Item id="42db79b22a5a4abcbed058d8859f70be" title="Developer" itemType="Folder" selected="false" exported="false">
            <Item id="2323714defa64a05889d936cc85fb383" title="Templates" itemType="Folder" selected="false" exported="false">
              <Item id="09a50d15dc11417382965b48da221cbd" title="JSON" extension="tptcmp" itemType="PageTemplate" selected="false" exported="false" />
            </Item>
          </Item>
          <Item id="39cbec794e744639a195e880bdde6e96" title="Site%20Manager" itemType="Folder" selected="false" exported="false">
            <Item id="91280d1cd51946089e98637843cf9f97" title="Schemas" itemType="Folder" selected="false" exported="false">
              <Item id="bccef953eb744aeb9743bde2919a0069" title="Publication%20Metadata" extension="xsd" itemType="Schema" selected="false" exported="false" />
            </Item>
          </Item>
        </Item>
        <Item id="tcm:83-1326-2" title="Modules" itemType="Folder" blueprintStatus="SharedItem" selected="false" exported="true">
          <Item id="de77db70dfb2400cb5606b8ad54e7731" title="Core" itemType="Folder" selected="false" exported="false">
            <Item id="9a8df90c5e404aed815e77053d0f6f64" title="Editor" itemType="Folder" selected="false" exported="false">
              <Item id="a63265a0a30b4bcb8946849adebf543d" title="Schemas" itemType="Folder" selected="false" exported="false">
                <Item id="cdfbdf4feccf486f99d7a20ca71799ec" title="Article" extension="xsd" itemType="Schema" selected="false" exported="false" />
                <Item id="2c5f3e47420e48b483a8f8fc5d0cec11" title="Image" extension="xsd" itemType="Schema" selected="false" exported="false" />
                <Item id="14f7ef4c1090438192f9318d9f048afc" title="Item%20List" extension="xsd" itemType="Schema" selected="false" exported="false" />
                <Item id="ff1080eb01be4ed0974d251cc626910d" title="Link%20List" extension="xsd" itemType="Schema" selected="false" exported="false" />
                <Item id="289157f37ea641dbb345f40195b14614" title="Teaser" extension="xsd" itemType="Schema" selected="false" exported="false" />
                <Item id="aa9635271b524e5989033d5fb7d424c3" title="YouTube%20Video" extension="xsd" itemType="Schema" selected="false" exported="false" />
              </Item>
              <Item id="5ec52faf685047f88d0699c2f5556c59" title="Templates" itemType="Folder" selected="false" exported="false">
                <Item id="283a2b6f1cae4962aa5a77378df1a660" title="Content%20Page" extension="tptcmp" itemType="PageTemplate" selected="false" exported="false" />
              </Item>
            </Item>
            <Item id="8ef6fce98bee43f3ad6ef618d294cc30" title="Site%20Manager" itemType="Folder" selected="false" exported="false">
              <Item id="5e799246a6454130a7ec9645162a6c53" title="Schemas" itemType="Folder" selected="false" exported="false">
                <Item id="84075ae72a944d6da47a0a04ae237a38" title="Language%20Selector%20Configuration" extension="xsd" itemType="Schema" selected="false" exported="false" />
                <Item id="bdbccc3198824960b687ac8d19d0e765" title="Notification%20Bar" extension="xsd" itemType="Schema" selected="false" exported="false" />
              </Item>
              <Item id="1b0c5dfd4c634ea59188dba128e6d35a" title="Templates" itemType="Folder" selected="false" exported="false">
                <Item id="04ec41541e7846d19bc663fad688ca16" title="Cookie%20Notification%20Bar%20%5BInfo%5D" extension="tctcmp" itemType="ComponentTemplate" selected="false" exported="false" />
                <Item id="444540015c6148599069c27edd2d2b89" title="Header%20Links%20%5BNav%5D" extension="tctcmp" itemType="ComponentTemplate" selected="false" exported="false" />
                <Item id="d685561a56424134bc7d6623b48cf953" title="Header%20Logo%20%5BLogo%5D" extension="tctcmp" itemType="ComponentTemplate" selected="false" exported="false" />
                <Item id="b7fb0e8516a44cbcbd18f5c90816908e" title="Include%20Page" extension="tptcmp" itemType="PageTemplate" selected="false" exported="false" />
                <Item id="11deff8490f649828abb490c286d652e" title="Language%20Selector%20%5BNav%5D" extension="tctcmp" itemType="ComponentTemplate" selected="false" exported="false" />
                <Item id="0258ea7c684245499af79eccc155d675" title="Old%20Browser%20Notification%20Bar%20%5BInfo%5D" extension="tctcmp" itemType="ComponentTemplate" selected="false" exported="false" />
              </Item>
            </Item>
          </Item>
          <Item id="tcm:83-1387-2" title="E-Commerce" itemType="Folder" blueprintStatus="SharedItem" selected="false" exported="true">
            <Item id="8e0de2f9f3774b01b877ad9c0e260851" title="Editor" itemType="Folder" selected="false" exported="false">
              <Item id="388cdd1bcbc648bca18839367cfd35c1" title="Default%20Templates" itemType="Folder" selected="false" exported="false">
                <Item id="a3051715ab174080be40a7654d4bdbab" title="Cart%20%5BNav%5D" extension="tctcmp" itemType="ComponentTemplate" selected="false" exported="false" />
                <Item id="ec91de1c14c34f7a98f6726ecd2e60da" title="Facets%20Widget%20%5BMegaNavigation%5D" extension="tctcmp" itemType="ComponentTemplate" selected="false" exported="false" />
                <Item id="b2a5950a769a4642a3357bbd31eb583f" title="Search%20Box%20%5BNav%5D" extension="tctcmp" itemType="ComponentTemplate" selected="false" exported="false" />
              </Item>
              <Item id="abcb2fc07ec542b99581a5042fb7ac1c" title="Schemas" itemType="Folder" selected="false" exported="false">
                <Item id="7eae7f2800e94961ab47b9a6572f0e8f" title="ECommerce%20-%20Cart%20Widget" extension="xsd" itemType="Schema" selected="false" exported="false" />
                <Item id="7c8bc7110bf0446abf5d3e4c9852c3b0" title="ECommerce%20-%20Facets%20Widget" extension="xsd" itemType="Schema" selected="false" exported="false" />
                <Item id="2ec8728fe60943e89020ba0efec41a41" title="ECommerce%20-%20Search%20Box" extension="xsd" itemType="Schema" selected="false" exported="false" />
              </Item>
            </Item>
            <Item id="tcm:83-1393-2" title="Site%20Manager" itemType="Folder" blueprintStatus="SharedItem" selected="false" exported="true">
              <Item id="tcm:83-1397-2" title="Default%20Widgets" itemType="Folder" blueprintStatus="SharedItem" selected="false" exported="true">
                <Item id="tcm:83-5390" title="Cart" extension="xml" itemType="Component" blueprintStatus="SharedItem" selected="false" exported="true" />
                <Item id="tcm:83-5409" title="Search%20Box" extension="xml" itemType="Component" blueprintStatus="SharedItem" selected="false" exported="true" />
              </Item>
            </Item>
          </Item>
          <Item id="10bb2c6525e84a1088cd4f2661ba737d" title="Navigation" itemType="Folder" selected="false" exported="false">
            <Item id="85c58d520b494fe3aa75c4f933d47975" title="Site%20Manager" itemType="Folder" selected="false" exported="false">
              <Item id="0d66611e95414907b3ba0a7118ddd782" title="Schemas" itemType="Folder" selected="false" exported="false">
                <Item id="39eeb1afa1944b098196dd23ecccde1b" title="Navigation%20Section" extension="xsd" itemType="Schema" selected="false" exported="false" />
              </Item>
              <Item id="e228ccff69b84abc8de6f0b7701b0363" title="Templates" itemType="Folder" selected="false" exported="false">
                <Item id="5a78d089b5f84b8d8d344b1b36f77254" title="Navigation%20Section%20%5BMegaNavigation%5D" extension="tctcmp" itemType="ComponentTemplate" selected="false" exported="false" />
              </Item>
            </Item>
          </Item>
        </Item>
        <Item id="tcm:83-1338-2" title="Settings" itemType="Folder" blueprintStatus="SharedItem" selected="false" exported="true">
          <Item id="tcm:83-1339-2" title="Core" itemType="Folder" blueprintStatus="SharedItem" selected="false" exported="true">
            <Item id="tcm:83-1345-2" title="Site%20Manager" itemType="Folder" blueprintStatus="SharedItem" selected="false" exported="true">
              <Item id="tcm:83-5181" title="Language%20Selector%20Configuration" extension="xml" itemType="Component" blueprintStatus="SharedItem" selected="false" exported="true" />
            </Item>
          </Item>
        </Item>
        <Item id="c4b2396134214bf29889301d326d0f8b" title="Default%20Multimedia%20Schema" extension="xsd" itemType="Schema" selected="false" exported="false" />
      </Item>
      <Item id="tcm:83-1320-4" title="Home" itemType="StructureGroup" blueprintStatus="SharedItem" selected="true" exported="true">
        <Item id="tcm:83-1341-4" title="_System" itemType="StructureGroup" blueprintStatus="SharedItem" selected="true" exported="true">
          <Item id="tcm:83-1344-4" title="include" itemType="StructureGroup" blueprintStatus="SharedItem" selected="true" exported="true">
            <Item id="tcm:83-5299-64" title="Header" extension="tpg" itemType="Page" blueprintStatus="LocalizedItem" selected="true" exported="true" />
          </Item>
        </Item>
      </Item>
      <Item id="10af28ef7d134ca6b5d67701e903e0b3" title="Task%20Process" extension="tpd" itemType="ProcessDefinition" selected="false" exported="false" />
    </Item>
    <Item id="tcm:0-2-65544" title="Jpeg%20image" extension="tmt" itemType="MultimediaType" selected="false" exported="true" />
    <Item id="tcm:0-3-65544" title="Png%20image" extension="tmt" itemType="MultimediaType" selected="false" exported="true" />
  </Item>
</Index>