<Index dataContractVersion="2013" xmlns="http://www.sdltridion.com/ContentManager/ImportExport/Package/2013">
  <Item id="tcm:0-0-0" selected="false" exported="true">
    <ApplicationIds>
      <ApplicationId>http://www.sdl.com/tridion/SemanticMapping/vocabularies</ApplicationId>
    </ApplicationIds>
    <Item id="tcm:0-28-1" title="000%20Empty" itemType="Publication" selected="false" exported="true">
      <Item id="tcm:28-704-2" title="Building%20Blocks" itemType="Folder" blueprintStatus="LocalItem" selected="true" exported="true">
        <Item id="081feaa03026478fb2f22f060250f03e" title="Default%20Templates" itemType="Folder" selected="false" exported="false">
          <Item id="91b347c6df44414c9f4f07693ea69413" title="Default%20Component%20Template" extension="tctcmp" itemType="ComponentTemplate" selected="false" exported="false" />
          <Item id="48086f5f4b264844820d865b9632881c" title="Default%20Dreamweaver%20Page%20Design" extension="dwt" itemType="TemplateBuildingBlock" selected="false" exported="false" />
          <Item id="e8aaf2fbf3ee4994a93321437c93a911" title="Default%20Page%20Template" extension="tptcmp" itemType="PageTemplate" selected="false" exported="false" />
        </Item>
        <Item id="e5ae285e1ba74fde9915c4f7e637191e" title="Default%20Multimedia%20Schema" extension="xsd" itemType="Schema" selected="false" exported="false" />
      </Item>
      <Item id="tcm:28-707-4" title="Home" itemType="StructureGroup" blueprintStatus="LocalItem" selected="true" exported="true" />
      <Item id="979143553e594ff0bf7aaaf62dc731ea" title="Task%20Process" extension="tpd" itemType="ProcessDefinition" selected="false" exported="false" />
    </Item>
    <Item id="tcm:0-29-1" title="100%20Master" itemType="Publication" selected="false" exported="true">
      <Item id="tcm:29-704-2" title="Building%20Blocks" itemType="Folder" blueprintStatus="SharedItem" selected="false" exported="true">
        <Item id="6d5a8e5da30f49e2a0f08c4f4cb67cc9" title="Default%20Templates" itemType="Folder" selected="false" exported="false">
          <Item id="e8b4ced6c481429aa10a3303a2ebfaf0" title="Default%20Component%20Template" extension="tctcmp" itemType="ComponentTemplate" selected="false" exported="false" />
          <Item id="6c5e1142edfd4636a2fe77c08a87b376" title="Default%20Dreamweaver%20Page%20Design" extension="dwt" itemType="TemplateBuildingBlock" selected="false" exported="false" />
          <Item id="ab3c5a6ab98c42bc84806d80e7a0f18c" title="Default%20Page%20Template" extension="tptcmp" itemType="PageTemplate" selected="false" exported="false" />
        </Item>
        <Item id="tcm:29-708-2" title="Modules" itemType="Folder" blueprintStatus="LocalItem" selected="false" exported="true">
          <Item id="de7c10d7c2fc41e7834f4a51d803547b" title="Core" itemType="Folder" selected="false" exported="false">
            <Item id="65aff8cd059a4d44aea32503f4ac13f7" title="Developer" itemType="Folder" selected="false" exported="false">
              <Item id="41c1bb0a31a34ba3b778b09c5399c093" title="Templates" itemType="Folder" selected="false" exported="false">
                <Item id="0ad7cc2512974ce8a4d6ccb611c786d4" title="JSON" extension="tptcmp" itemType="PageTemplate" selected="false" exported="false" />
              </Item>
            </Item>
            <Item id="3c39c377336a486ea2bdfa943bacc3bb" title="Site%20Manager" itemType="Folder" selected="false" exported="false">
              <Item id="9c3c4ef919e84d5d829e7ddc76429601" title="Schemas" itemType="Folder" selected="false" exported="false">
                <Item id="94978c19b586480db15491c5e1259573" title="Metadata" itemType="Folder" selected="false" exported="false">
                  <Item id="1c644bb0931a4c90a10d3834637f7157" title="Publication%20Metadata" extension="xsd" itemType="Schema" selected="false" exported="false" />
                </Item>
                <Item id="e6d37e7dc3744a0ca87495e6ec39f15b" title="Language%20Selector%20Configuration" extension="xsd" itemType="Schema" selected="false" exported="false" />
              </Item>
              <Item id="547cdfdfde554a589735efcb83abc622" title="Templates" itemType="Folder" selected="false" exported="false">
                <Item id="dc7295d095c5454d8619ab92bda718ed" title="Include%20Page" extension="tptcmp" itemType="PageTemplate" selected="false" exported="false" />
              </Item>
            </Item>
          </Item>
          <Item id="tcm:29-768-2" title="E-Commerce" itemType="Folder" blueprintStatus="LocalItem" selected="false" exported="true">
            <Item id="ce22c02c194b4ba68027cd04143d9088" title="Editor" itemType="Folder" selected="false" exported="false">
              <Item id="a968058366b14b4cb8c3aabafe214d3f" title="Schemas" itemType="Folder" selected="false" exported="false">
                <Item id="9f7577c3b4b5461aabc6ca4d92985a31" title="ECommerce%20-%20Cart%20Widget" extension="xsd" itemType="Schema" selected="false" exported="false" />
                <Item id="c8478b7be0944c11be9b33b99d5f084b" title="ECommerce%20-%20Search%20Box" extension="xsd" itemType="Schema" selected="false" exported="false" />
              </Item>
            </Item>
            <Item id="tcm:29-769-2" title="Site%20Manager" itemType="Folder" blueprintStatus="LocalItem" selected="false" exported="true">
              <Item id="tcm:29-770-2" title="Default%20Widgets" itemType="Folder" blueprintStatus="LocalItem" selected="false" exported="true">
                <Item id="tcm:29-4076" title="Cart" extension="xml" itemType="Component" blueprintStatus="LocalItem" selected="false" exported="true" />
                <Item id="tcm:29-4078" title="Search%20Box" extension="xml" itemType="Component" blueprintStatus="LocalItem" selected="false" exported="true" />
              </Item>
            </Item>
          </Item>
        </Item>
        <Item id="tcm:29-725-2" title="Settings" itemType="Folder" blueprintStatus="LocalItem" selected="false" exported="true">
          <Item id="tcm:29-726-2" title="Core" itemType="Folder" blueprintStatus="LocalItem" selected="false" exported="true">
            <Item id="tcm:29-727-2" title="Site%20Manager" itemType="Folder" blueprintStatus="LocalItem" selected="false" exported="true">
              <Item id="tcm:29-3928" title="Language%20Selector%20Configuration" extension="xml" itemType="Component" blueprintStatus="LocalItem" selected="false" exported="true" />
            </Item>
          </Item>
        </Item>
        <Item id="6cfbe388869a4550947a19f0d6e9a7cc" title="Default%20Multimedia%20Schema" extension="xsd" itemType="Schema" selected="false" exported="false" />
      </Item>
      <Item id="tcm:29-733-512" title="Content%20Type" itemType="Category" blueprintStatus="LocalItem" selected="false" exported="true">
        <Item id="tcm:29-3886-1024" title="Article" extension="tkw" itemType="Keyword" blueprintStatus="LocalItem" selected="false" exported="true" />
      </Item>
      <Item id="tcm:29-707-4" title="Home" itemType="StructureGroup" blueprintStatus="SharedItem" selected="false" exported="true">
        <Item id="tcm:29-723-4" title="_System" itemType="StructureGroup" blueprintStatus="LocalItem" selected="true" exported="true">
          <Item id="tcm:29-737-4" title="include" itemType="StructureGroup" blueprintStatus="LocalItem" selected="true" exported="true" />
        </Item>
      </Item>
      <Item id="tcm:29-734-512" title="List%20Sort%20Type" itemType="Category" blueprintStatus="LocalItem" selected="false" exported="true">
        <Item id="tcm:29-3931-1024" title="Last%20Published%20Date" extension="tkw" itemType="Keyword" blueprintStatus="LocalItem" selected="false" exported="true" />
      </Item>
      <Item id="f8911700b0c143b38a6230e2279acec4" title="Task%20Process" extension="tpd" itemType="ProcessDefinition" selected="false" exported="false" />
    </Item>
    <Item id="tcm:0-30-1" title="110%20DXA%20Site%20Type" itemType="Publication" selected="false" exported="true">
      <ApplicationIds>
        <ApplicationId>SiteEdit</ApplicationId>
      </ApplicationIds>
      <Item id="tcm:30-704-2" title="Building%20Blocks" itemType="Folder" blueprintStatus="SharedItem" selected="false" exported="true">
        <Item id="tcm:30-743-2" title="Content" itemType="Folder" blueprintStatus="LocalizedItem" selected="true" exported="true">
          <Item id="tcm:30-750-2" title="Articles" itemType="Folder" blueprintStatus="LocalItem" selected="false" exported="true" />
          <Item id="tcm:30-794-2" title="E-Commerce" itemType="Folder" blueprintStatus="LocalItem" selected="true" exported="true">
            <Item id="a2cff637a8114b67901807fd29f24a6d" title="Detail" itemType="Folder" selected="false" exported="false" />
          </Item>
          <Item id="tcm:30-757-2" title="Images" itemType="Folder" blueprintStatus="LocalItem" selected="false" exported="true" />
          <Item id="tcm:30-755-2" title="Video" itemType="Folder" blueprintStatus="LocalItem" selected="false" exported="true" />
          <Item id="151b2ec81ed542d1b57701fd855a235e" title="_Cloneable%20Content" itemType="Folder" selected="false" exported="false">
            <Item id="9f772a9e1ec7466084bd4509a271a55d" title="Article" extension="xml" itemType="Component" selected="false" exported="false" />
            <Item id="bf4da49b62934a6db0f22df91e62fc58" title="Content%20List" extension="xml" itemType="Component" selected="false" exported="false" />
            <Item id="f98fb2da967749e0a03e1a63d6ef041a" title="Content%20Query" extension="xml" itemType="Component" selected="false" exported="false" />
            <Item id="427281bf4964442ca93cb2e832b060d5" title="E-Commerce%20Product%20Detail" extension="xml" itemType="Component" selected="false" exported="false" />
            <Item id="4c38a9397b104b3abf32ad805794911e" title="Image%20List" extension="xml" itemType="Component" selected="false" exported="false" />
            <Item id="bb65b6d0974947ac9080a066b2cb64c2" title="Large%20Image" extension="jpg" itemType="Component" selected="false" exported="false" />
            <Item id="254f8fc1a363489790b1e6f5c877d828" title="News%20Article" extension="xml" itemType="Component" selected="false" exported="false" />
            <Item id="57e9f44595704328916feba380a9b9e2" title="Place" extension="xml" itemType="Component" selected="false" exported="false" />
            <Item id="4b27e0b8f6934f009a1ae04b22b485e5" title="YouTube%20Video" extension="jpg" itemType="Component" selected="false" exported="false" />
          </Item>
          <Item id="tcm:30-747-2" title="_Structure" itemType="Folder" blueprintStatus="LocalItem" selected="false" exported="true">
            <Item id="tcm:30-748-2" title="Header" itemType="Folder" blueprintStatus="LocalItem" selected="false" exported="true">
              <Item id="tcm:30-3962" title="Old%20Browser%20bar" extension="xml" itemType="Component" blueprintStatus="LocalItem" selected="false" exported="true" />
            </Item>
            <Item id="tcm:30-804-2" title="MegaNavigation" itemType="Folder" blueprintStatus="LocalItem" selected="false" exported="true" />
          </Item>
        </Item>
        <Item id="4ae9d0591fc348dc98ae9c48ac95a9c9" title="Default%20Templates" itemType="Folder" selected="false" exported="false">
          <Item id="808aeaeea0b8419393b28a9ab90e7443" title="Default%20Component%20Template" extension="tctcmp" itemType="ComponentTemplate" selected="false" exported="false" />
          <Item id="7f28ae11a6ae42128c033c22c48076ca" title="Default%20Dreamweaver%20Page%20Design" extension="dwt" itemType="TemplateBuildingBlock" selected="false" exported="false" />
        </Item>
        <Item id="c8a9750686a04beca4a7c94645aa9a28" title="Modules" itemType="Folder" selected="false" exported="false">
          <Item id="b1ff6898e3464429868d89d05d4990dc" title="Core" itemType="Folder" selected="false" exported="false">
            <Item id="18be1d0dfc084053b661e90c93962e3a" title="Editor" itemType="Folder" selected="false" exported="false">
              <Item id="55b6700935d747068bd36f64835b97df" title="Schemas" itemType="Folder" selected="false" exported="false">
                <Item id="c0159bed763845598e35f42c081594fa" title="Article" extension="xsd" itemType="Schema" selected="false" exported="false" />
                <Item id="e4adabec1d50468f9322ba69c89bb80c" title="Image" extension="xsd" itemType="Schema" selected="false" exported="false" />
                <Item id="ebf5d94c8fad45afadf28a960b41df5b" title="YouTube%20Video" extension="xsd" itemType="Schema" selected="false" exported="false" />
              </Item>
              <Item id="29775fe68b924f1bb79013c9691d58d2" title="Templates" itemType="Folder" selected="false" exported="false">
                <Item id="809aa55fc8d842bf985e8bd5479d7226" title="Accordion" extension="tctcmp" itemType="ComponentTemplate" selected="false" exported="false" />
                <Item id="eac5ef93d820440a9f34bb1efd436c36" title="Article" extension="tctcmp" itemType="ComponentTemplate" selected="false" exported="false" />
                <Item id="1db4bc61dd48428899762104f28c1d92" title="Content%20Page%20Without%20Navigation" extension="tptcmp" itemType="PageTemplate" selected="false" exported="false" />
                <Item id="e91c03aa982843f4ba2f365a66fbdc98" title="Content%20Page" extension="tptcmp" itemType="PageTemplate" selected="false" exported="false" />
                <Item id="3d87aa6c4d304ccaab1e47b8e90d4656" title="Download" extension="tctcmp" itemType="ComponentTemplate" selected="false" exported="false" />
                <Item id="7cefdae529774c66be35d2f3596fc589" title="Home%20Page" extension="tptcmp" itemType="PageTemplate" selected="false" exported="false" />
                <Item id="0aa8dc3f50c84c3a99a3394c54fe1139" title="Paged%20List" extension="tctcmp" itemType="ComponentTemplate" selected="false" exported="false" />
                <Item id="40a008eff698411b95ed873e1c9ed0cb" title="Place" extension="tctcmp" itemType="ComponentTemplate" selected="false" exported="false" />
                <Item id="6697a280e36c483f80d7c0788a382af9" title="Redirect%20Page" extension="tptcmp" itemType="PageTemplate" selected="false" exported="false" />
                <Item id="bb154f92016d4065bb44697463a134c0" title="Section%20Page" extension="tptcmp" itemType="PageTemplate" selected="false" exported="false" />
                <Item id="a9544e48fed84f1fbb8f48a6b5bcde27" title="Thumbnail%20List" extension="tctcmp" itemType="ComponentTemplate" selected="false" exported="false" />
                <Item id="b4f251327323484e802d69ffe5ad43f4" title="YouTube%20Video" extension="tctcmp" itemType="ComponentTemplate" selected="false" exported="false" />
              </Item>
            </Item>
            <Item id="7a78d6ec671748a7b56860faf4aaa31e" title="Site%20Manager" itemType="Folder" selected="false" exported="false">
              <Item id="d3f64da2b4084032b970f53bef94f9cc" title="Schemas" itemType="Folder" selected="false" exported="false">
                <Item id="2cd3527909904fc2b96139deed0a3684" title="Notification%20Bar" extension="xsd" itemType="Schema" selected="false" exported="false" />
              </Item>
            </Item>
          </Item>
          <Item id="1409ecd15ad546a2b357ce1aa3883e00" title="E-Commerce" itemType="Folder" selected="false" exported="false">
            <Item id="ff969759f674435d83687ada3a3fb923" title="Editor" itemType="Folder" selected="false" exported="false">
              <Item id="c38e77ab05fa410eaa2d233665de8b27" title="Templates" itemType="Folder" selected="false" exported="false">
                <Item id="576caff4157b453783584f25f39f4875" title="Product%20Detail%20Widget" extension="tctcmp" itemType="ComponentTemplate" selected="false" exported="false" />
              </Item>
            </Item>
            <Item id="2872e41385664e0fbd9a48d6781fd782" title="Site%20Manager" itemType="Folder" selected="false" exported="false">
              <Item id="2bd3566d8a2f4542976533fea97eb1ab" title="Default%20Widgets" itemType="Folder" selected="false" exported="false">
                <Item id="03154ccc3bab49ada817b30cf433eb4f" title="Product%20Detail" extension="xml" itemType="Component" selected="false" exported="false" />
              </Item>
            </Item>
          </Item>
        </Item>
        <Item id="f1fe0fc5b9ac41dd9488596c0727ddca" title="Default%20Multimedia%20Schema" extension="xsd" itemType="Schema" selected="false" exported="false" />
      </Item>
      <Item id="3f244031c1bb454caad7e06c832d4ffc" title="Task%20Process" extension="tpd" itemType="ProcessDefinition" selected="false" exported="false" />
    </Item>
    <Item id="tcm:0-31-1" title="200%20Example%20Content" itemType="Publication" selected="true" exported="true">
      <Item id="tcm:31-704-2" title="Building%20Blocks" itemType="Folder" blueprintStatus="SharedItem" selected="true" exported="true">
        <Item id="tcm:31-743-2" title="Content" itemType="Folder" blueprintStatus="SharedItem" selected="true" exported="true">
          <Item id="tcm:31-759-2" title="About" itemType="Folder" blueprintStatus="LocalItem" selected="false" exported="true">
            <Item id="tcm:31-4000" title="Company%20Information" extension="xml" itemType="Component" blueprintStatus="LocalItem" selected="false" exported="true" />
            <Item id="tcm:31-3997" title="Contact%20Tab%20Content" extension="xml" itemType="Component" blueprintStatus="LocalItem" selected="false" exported="true" />
            <Item id="tcm:31-4026" title="Privacy%20Policy" extension="xml" itemType="Component" blueprintStatus="LocalItem" selected="false" exported="true" />
          </Item>
          <Item id="tcm:31-750-2" title="Articles" itemType="Folder" blueprintStatus="SharedItem" selected="false" exported="true">
            <Item id="tcm:31-4015" title="All%20Articles%20Index" extension="xml" itemType="Component" blueprintStatus="LocalItem" selected="false" exported="true" />
            <Item id="tcm:31-4020" title="News%20Intro" extension="xml" itemType="Component" blueprintStatus="LocalItem" selected="false" exported="true" />
          </Item>
          <Item id="tcm:31-794-2" title="E-Commerce" itemType="Folder" blueprintStatus="SharedItem" selected="true" exported="true">
            <Item id="tcm:31-803-2" title="Mega%20Navigation" itemType="Folder" blueprintStatus="LocalItem" selected="true" exported="true">
              <Item id="tcm:31-808-2" title="Demandware" itemType="Folder" blueprintStatus="LocalItem" selected="true" exported="true">
                <Item id="tcm:31-4146" title="Kids%20Section" extension="xml" itemType="Component" blueprintStatus="LocalItem" selected="true" exported="true" />
                <Item id="tcm:31-4145" title="Mens%20Section" extension="xml" itemType="Component" blueprintStatus="LocalItem" selected="true" exported="true" />
                <Item id="tcm:31-4144" title="Womens%20Section" extension="xml" itemType="Component" blueprintStatus="LocalItem" selected="true" exported="true" />
              </Item>
            </Item>
          </Item>
          <Item id="tcm:31-763-2" title="Homepage" itemType="Folder" blueprintStatus="LocalItem" selected="false" exported="true">
            <Item id="tcm:31-4023" title="Homepage%20Welcome" extension="xml" itemType="Component" blueprintStatus="LocalItem" selected="false" exported="true" />
          </Item>
          <Item id="tcm:31-757-2" title="Images" itemType="Folder" blueprintStatus="SharedItem" selected="false" exported="true">
            <Item id="tcm:31-760-2" title="Large" itemType="Folder" blueprintStatus="LocalItem" selected="false" exported="true">
              <Item id="tcm:31-4014" title="bridge" extension="jpg" itemType="Component" subtype="1" blueprintStatus="LocalItem" selected="false" exported="true" />
              <Item id="tcm:31-3999" title="planes" extension="jpg" itemType="Component" subtype="1" blueprintStatus="LocalItem" selected="false" exported="true" />
            </Item>
          </Item>
          <Item id="tcm:31-755-2" title="Video" itemType="Folder" blueprintStatus="SharedItem" selected="false" exported="true">
            <Item id="tcm:31-3998" title="Company%20News%20Media%20Manager%20Video" extension="png" itemType="Component" subtype="1" blueprintStatus="LocalItem" selected="false" exported="true" />
          </Item>
          <Item id="73a40b18e5754c71b7a9b280ad74b74f" title="_Structure" itemType="Folder" selected="false" exported="false">
            <Item id="tcm:31-748-2" title="Header" itemType="Folder" blueprintStatus="SharedItem" selected="false" exported="true">
              <Item id="tcm:31-4016" title="Company%20Logo%20540%20px" extension="png" itemType="Component" subtype="1" blueprintStatus="LocalItem" selected="false" exported="true" />
            </Item>
          </Item>
        </Item>
        <Item id="f6a2555783f6430f9b6b138cb05b9f93" title="Default%20Templates" itemType="Folder" selected="false" exported="false">
          <Item id="e7c77418bc1f4c0da6a821364ae282c6" title="Default%20Component%20Template" extension="tctcmp" itemType="ComponentTemplate" selected="false" exported="false" />
          <Item id="72243730b25a4501991017f3de8ee730" title="Default%20Dreamweaver%20Page%20Design" extension="dwt" itemType="TemplateBuildingBlock" selected="false" exported="false" />
          <Item id="dbc2234c1a8d45b4be5f4bc215c6bead" title="Default%20Page%20Template" extension="tptcmp" itemType="PageTemplate" selected="false" exported="false" />
        </Item>
        <Item id="9cc9f69eec4843b6bf4e80fb9a09ad58" title="Modules" itemType="Folder" selected="false" exported="false">
          <Item id="7578175d24fd45fc85b3c425612f864a" title="Core" itemType="Folder" selected="false" exported="false">
            <Item id="5e00267c30964d46aa78102c875fa9c6" title="Editor" itemType="Folder" selected="false" exported="false">
              <Item id="daecafbd52a242538c837fa377ee67cc" title="Schemas" itemType="Folder" selected="false" exported="false">
                <Item id="e50217673d8a4c768939243783e7b5ec" title="Article" extension="xsd" itemType="Schema" selected="false" exported="false" />
                <Item id="85506b85e17345ee8c3a1bc799433a3a" title="Content%20Query" extension="xsd" itemType="Schema" selected="false" exported="false" />
                <Item id="083c610d6cb24c47aba4659601878964" title="Image" extension="xsd" itemType="Schema" selected="false" exported="false" />
                <Item id="abd38ee22e454b0eb8a5055bbea5a60a" title="Item%20List" extension="xsd" itemType="Schema" selected="false" exported="false" />
                <Item id="3fc277e4b66a48d58ca8227ec887b7ae" title="YouTube%20Video" extension="xsd" itemType="Schema" selected="false" exported="false" />
              </Item>
            </Item>
          </Item>
          <Item id="6b5d65043e8e49929529058e58eacd93" title="E-Commerce" itemType="Folder" selected="false" exported="false">
            <Item id="ab95d0da0caf45949ad4f81965b00c94" title="Editor" itemType="Folder" selected="false" exported="false">
              <Item id="2ded6b25310c4f838192510b6b9f997c" title="Schemas" itemType="Folder" selected="false" exported="false">
                <Item id="6aa6c07cfdec4539984b672f8fd1b463" title="ECommerce%20-%20Facets%20Widget" extension="xsd" itemType="Schema" selected="false" exported="false" />
              </Item>
            </Item>
          </Item>
        </Item>
        <Item id="4db51f73ce724041a7ba4c2f83d1735e" title="Default%20Multimedia%20Schema" extension="xsd" itemType="Schema" selected="false" exported="false" />
      </Item>
      <Item id="4f369799d57f4eec8754d636bff18c2f" title="Content%20Type" itemType="Category" selected="false" exported="false">
        <Item id="tcm:31-3886-1024" title="Article" extension="tkw" itemType="Keyword" blueprintStatus="SharedItem" selected="false" exported="true" />
      </Item>
      <Item id="3a19ddb643354c8b82dcbe59209de721" title="List%20Sort%20Type" itemType="Category" selected="false" exported="false">
        <Item id="tcm:31-3931-1024" title="Last%20Published%20Date" extension="tkw" itemType="Keyword" blueprintStatus="SharedItem" selected="false" exported="true" />
      </Item>
      <Item id="80a54430498542598667829c668fdf97" title="Task%20Process" extension="tpd" itemType="ProcessDefinition" selected="false" exported="false" />
    </Item>
    <Item id="tcm:0-32-1" title="400%20Example%20Site" itemType="Publication" selected="true" exported="true">
      <ApplicationIds>
        <ApplicationId>SiteEdit</ApplicationId>
      </ApplicationIds>
      <Item id="5e397315225440c798e0fb4404beffbf" title="Building%20Blocks" itemType="Folder" selected="false" exported="false">
        <Item id="d35c736e584d459989345295d8bc206d" title="Content" itemType="Folder" selected="false" exported="false">
          <Item id="75cc2cd0a5b140b694455d51a8cae580" title="About" itemType="Folder" selected="false" exported="false">
            <Item id="tcm:32-4000" title="Company%20Information" extension="xml" itemType="Component" blueprintStatus="SharedItem" selected="false" exported="true" />
            <Item id="tcm:32-3997" title="Contact%20Tab%20Content" extension="xml" itemType="Component" blueprintStatus="SharedItem" selected="false" exported="true" />
            <Item id="tcm:32-4026" title="Privacy%20Policy" extension="xml" itemType="Component" blueprintStatus="SharedItem" selected="false" exported="true" />
          </Item>
          <Item id="f3b6591980b14c2680cb455e34027f7f" title="Articles" itemType="Folder" selected="false" exported="false">
            <Item id="tcm:32-4015" title="All%20Articles%20Index" extension="xml" itemType="Component" blueprintStatus="SharedItem" selected="false" exported="true" />
            <Item id="tcm:32-4020" title="News%20Intro" extension="xml" itemType="Component" blueprintStatus="SharedItem" selected="false" exported="true" />
          </Item>
          <Item id="967b0fb263844c55aec6c6b72b4debea" title="E-Commerce" itemType="Folder" selected="false" exported="false">
            <Item id="7c0224e18db5494ba85cff9e1d85cfbc" title="Mega%20Navigation" itemType="Folder" selected="false" exported="false">
              <Item id="c7322495383048a49e53cc18f2d64d20" title="Demandware" itemType="Folder" selected="false" exported="false">
                <Item id="tcm:32-4146" title="Kids%20Section" extension="xml" itemType="Component" blueprintStatus="SharedItem" selected="false" exported="true" />
                <Item id="tcm:32-4145" title="Mens%20Section" extension="xml" itemType="Component" blueprintStatus="SharedItem" selected="false" exported="true" />
                <Item id="tcm:32-4144" title="Womens%20Section" extension="xml" itemType="Component" blueprintStatus="SharedItem" selected="false" exported="true" />
              </Item>
            </Item>
          </Item>
          <Item id="8b125f0e9706458fb8bd43d5d182af32" title="Homepage" itemType="Folder" selected="false" exported="false">
            <Item id="tcm:32-4023" title="Homepage%20Welcome" extension="xml" itemType="Component" blueprintStatus="SharedItem" selected="false" exported="true" />
          </Item>
          <Item id="b17f74e71e6644a1bcad8a23a289af16" title="_Structure" itemType="Folder" selected="false" exported="false">
            <Item id="tcm:32-748-2" title="Header" itemType="Folder" blueprintStatus="SharedItem" selected="false" exported="true">
              <Item id="tcm:32-4016" title="Company%20Logo%20540%20px" extension="png" itemType="Component" subtype="1" blueprintStatus="SharedItem" selected="false" exported="true" />
              <Item id="tcm:32-4037" title="Cookie%20bar" extension="xml" itemType="Component" blueprintStatus="LocalItem" selected="false" exported="true" />
              <Item id="tcm:32-4039" title="Header%20Links" extension="xml" itemType="Component" blueprintStatus="LocalItem" selected="false" exported="true" />
              <Item id="tcm:32-4038" title="Header" extension="xml" itemType="Component" blueprintStatus="LocalItem" selected="false" exported="true" />
              <Item id="tcm:32-3962" title="Old%20Browser%20bar" extension="xml" itemType="Component" blueprintStatus="SharedItem" selected="false" exported="true" />
            </Item>
            <Item id="tcm:32-804-2" title="MegaNavigation" itemType="Folder" blueprintStatus="SharedItem" selected="false" exported="true">
              <Item id="tcm:32-4121" title="Article%20Section" extension="xml" itemType="Component" blueprintStatus="LocalItem" selected="false" exported="true" />
              <Item id="tcm:32-4120" title="Home%20Section" extension="xml" itemType="Component" blueprintStatus="LocalItem" selected="false" exported="true" />
            </Item>
          </Item>
        </Item>
        <Item id="affec081303e47f0b33d39294d91eb82" title="Default%20Templates" itemType="Folder" selected="false" exported="false">
          <Item id="bce7393d529e44a3b3d6c4de83a918fd" title="Default%20Component%20Template" extension="tctcmp" itemType="ComponentTemplate" selected="false" exported="false" />
          <Item id="f423a4d5ad064dba8ca2e86311ddfc12" title="Default%20Dreamweaver%20Page%20Design" extension="dwt" itemType="TemplateBuildingBlock" selected="false" exported="false" />
        </Item>
        <Item id="f2e3619249a0488cbfb764b405378572" title="Modules" itemType="Folder" selected="false" exported="false">
          <Item id="7d588277c7a54e54afe9c339f7c2cc18" title="Core" itemType="Folder" selected="false" exported="false">
            <Item id="8d07e1e397d84cabacb1548485428da3" title="Editor" itemType="Folder" selected="false" exported="false">
              <Item id="a71a1132c6bc48a1af0d66a8f0f55591" title="Schemas" itemType="Folder" selected="false" exported="false">
                <Item id="d632777069b04affb3694dad77c2e5a4" title="Link%20List" extension="xsd" itemType="Schema" selected="false" exported="false" />
                <Item id="a4beb58a982c424f9f86b3d09f78b55c" title="Teaser" extension="xsd" itemType="Schema" selected="false" exported="false" />
              </Item>
              <Item id="a1a48ca388ea4b3c9f024e6ec06e1797" title="Templates" itemType="Folder" selected="false" exported="false">
                <Item id="017c1a3f94f84b219bd378a5fc695bd3" title="Content%20Page" extension="tptcmp" itemType="PageTemplate" selected="false" exported="false" />
              </Item>
            </Item>
            <Item id="0fe1e298f6544cbba4d75400b59c3d4c" title="Site%20Manager" itemType="Folder" selected="false" exported="false">
              <Item id="d65e33e076f14c2394f445b890a9d762" title="Schemas" itemType="Folder" selected="false" exported="false">
                <Item id="92343e846b0f4b8680f7eb06d95e88c7" title="Metadata" itemType="Folder" selected="false" exported="false">
                  <Item id="c4177b0053c74270af0aa4d787f62ce0" title="Publication%20Metadata" extension="xsd" itemType="Schema" selected="false" exported="false" />
                </Item>
                <Item id="c1a38b62aded454785431712c8f01c6e" title="Notification%20Bar" extension="xsd" itemType="Schema" selected="false" exported="false" />
              </Item>
              <Item id="803c1a37d908492f9f6367357ae82f24" title="Templates" itemType="Folder" selected="false" exported="false">
                <Item id="df534746582549ceb64f4efad2b74fc9" title="Cookie%20Notification%20Bar%20%5BInfo%5D" extension="tctcmp" itemType="ComponentTemplate" selected="false" exported="false" />
                <Item id="4be7390ec975455d97a286f8f43f4c2c" title="Header%20Links%20%5BNav%5D" extension="tctcmp" itemType="ComponentTemplate" selected="false" exported="false" />
                <Item id="6ef18151528841979d9d7ae9cc604742" title="Header%20Logo%20%5BLogo%5D" extension="tctcmp" itemType="ComponentTemplate" selected="false" exported="false" />
                <Item id="8c2f004c122a4546b693275a4489ac60" title="Include%20Page" extension="tptcmp" itemType="PageTemplate" selected="false" exported="false" />
                <Item id="eecbd4c6dd2542569fc5f12de3abbd44" title="Language%20Selector%20%5BNav%5D" extension="tctcmp" itemType="ComponentTemplate" selected="false" exported="false" />
                <Item id="5e43b3d763814cc5bd33dd84f729437d" title="Old%20Browser%20Notification%20Bar%20%5BInfo%5D" extension="tctcmp" itemType="ComponentTemplate" selected="false" exported="false" />
              </Item>
            </Item>
          </Item>
          <Item id="2eff8a79bd344211830b3722341d84ec" title="E-Commerce" itemType="Folder" selected="false" exported="false">
            <Item id="b26f6135953d4a0ea0911245329224ee" title="Editor" itemType="Folder" selected="false" exported="false">
              <Item id="b67a51a0778e4ab5972ba943b6bf3ee9" title="Templates" itemType="Folder" selected="false" exported="false">
                <Item id="2e29fff9b9e94bb7b5d3fca6b2961c9d" title="Cart%20%5BNav%5D" extension="tctcmp" itemType="ComponentTemplate" selected="false" exported="false" />
                <Item id="f7b0bf71c5c8470d917b9ac403ab32f7" title="Facets%20Widget%20%5BMegaNavigation%5D" extension="tctcmp" itemType="ComponentTemplate" selected="false" exported="false" />
                <Item id="493d97ff7d18459f95cc3eb87e6254cd" title="Search%20Box%20%5BNav%5D" extension="tctcmp" itemType="ComponentTemplate" selected="false" exported="false" />
              </Item>
            </Item>
            <Item id="4fad5182df9e401684be8aedece42073" title="Site%20Manager" itemType="Folder" selected="false" exported="false">
              <Item id="53aeee022cf14b078823895e2701d68a" title="Default%20Widgets" itemType="Folder" selected="false" exported="false">
                <Item id="tcm:32-4076" title="Cart" extension="xml" itemType="Component" blueprintStatus="SharedItem" selected="false" exported="true" />
                <Item id="tcm:32-4078" title="Search%20Box" extension="xml" itemType="Component" blueprintStatus="SharedItem" selected="false" exported="true" />
              </Item>
            </Item>
          </Item>
          <Item id="2e06911ab852445e8a15962909021cad" title="Navigation" itemType="Folder" selected="false" exported="false">
            <Item id="d91ea0e53a3144a090a69cd2e5b602f0" title="Site%20Manager" itemType="Folder" selected="false" exported="false">
              <Item id="9cc01f0801574a7c98e187e1215d958d" title="Schemas" itemType="Folder" selected="false" exported="false">
                <Item id="384b396267844cc7927fe812fb5efdc9" title="Navigation%20Section" extension="xsd" itemType="Schema" selected="false" exported="false" />
              </Item>
              <Item id="d3610deba33848e5855f9aa1f8678a0c" title="Templates" itemType="Folder" selected="false" exported="false">
                <Item id="1b8ceb410db342648df062be9cbcb12c" title="Navigation%20Section%20%5BMegaNavigation%5D" extension="tctcmp" itemType="ComponentTemplate" selected="false" exported="false" />
              </Item>
            </Item>
          </Item>
        </Item>
        <Item id="02af1b53ca034fb38d64c87faee52afc" title="Settings" itemType="Folder" selected="false" exported="false">
          <Item id="31a1c6acee784497bf9719b0d5563a4d" title="Core" itemType="Folder" selected="false" exported="false">
            <Item id="9be1458d907a4f79a436d5ff1ab86092" title="Site%20Manager" itemType="Folder" selected="false" exported="false">
              <Item id="tcm:32-3928" title="Language%20Selector%20Configuration" extension="xml" itemType="Component" blueprintStatus="SharedItem" selected="false" exported="true" />
            </Item>
          </Item>
        </Item>
        <Item id="c15a8500d4d44a5fa35fc95559efdd9f" title="Default%20Multimedia%20Schema" extension="xsd" itemType="Schema" selected="false" exported="false" />
      </Item>
      <Item id="tcm:32-707-4" title="Home" itemType="StructureGroup" blueprintStatus="SharedItem" selected="true" exported="true">
        <Item id="tcm:32-723-4" title="_System" itemType="StructureGroup" blueprintStatus="SharedItem" selected="true" exported="true">
          <Item id="tcm:32-737-4" title="include" itemType="StructureGroup" blueprintStatus="SharedItem" selected="true" exported="true">
            <Item id="tcm:32-3986-64" title="Header" extension="tpg" itemType="Page" blueprintStatus="LocalizedItem" selected="true" exported="true" />
          </Item>
        </Item>
      </Item>
      <Item id="0ebce0f6d90d46a7a0d525a772506cd3" title="Task%20Process" extension="tpd" itemType="ProcessDefinition" selected="false" exported="false" />
    </Item>
    <Item id="tcm:0-2-65544" title="Jpeg%20image" extension="tmt" itemType="MultimediaType" selected="false" exported="true" />
    <Item id="tcm:0-3-65544" title="Png%20image" extension="tmt" itemType="MultimediaType" selected="false" exported="true" />
  </Item>
</Index>