<PackageItem xmlns:tcm="http://www.tridion.com/ContentManager/5.0" xmlns:xlink="http://www.w3.org/1999/xlink" xmlns="http://www.sdltridion.com/ContentManager/ImportExport/Package/2013">
  <Data>
    <tcm:Data>
      <tcm:Title>000 Empty</tcm:Title>
      <tcm:PublicationPath>\</tcm:PublicationPath>
      <tcm:PublicationURL>/</tcm:PublicationURL>
      <tcm:MultimediaPath>\Images</tcm:MultimediaPath>
      <tcm:MultimediaURL>/Images</tcm:MultimediaURL>
      <tcm:DefaultPageTemplate xlink:type="simple" xlink:title="Default Page Template" xlink:href="/webdav/000%20Empty/Building%20Blocks/Default%20Templates/Default%20Page%20Template.tptcmp" />
      <tcm:DefaultComponentTemplate xlink:type="simple" xlink:title="Default Component Template" xlink:href="/webdav/000%20Empty/Building%20Blocks/Default%20Templates/Default%20Component%20Template.tctcmp" />
      <tcm:DefaultTemplateBuildingBlock xlink:type="simple" xlink:title="Default Dreamweaver Page Design" xlink:href="/webdav/000%20Empty/Building%20Blocks/Default%20Templates/Default%20Dreamweaver%20Page%20Design.dwt" />
      <tcm:DefaultMultimediaSchema xlink:type="simple" xlink:title="Default Multimedia Schema" xlink:href="/webdav/000%20Empty/Building%20Blocks/Default%20Multimedia%20Schema.xsd" />
      <tcm:ParentPublications />
      <tcm:PageTemplateProcess xlink:type="simple" xlink:title="" xlink:href="tcm:0-0-0" />
      <tcm:ComponentTemplateProcess xlink:type="simple" xlink:title="" xlink:href="tcm:0-0-0" />
      <tcm:TaskProcess xlink:type="simple" xlink:title="Task Process" xlink:href="tcm:28-10-131074" />
      <tcm:TemplateBundleProcess xlink:type="simple" xlink:title="" xlink:href="tcm:0-0-0" />
      <tcm:ComponentSnapshotTemplate xlink:type="simple" xlink:title="Default Component Template" xlink:href="/webdav/000%20Empty/Building%20Blocks/Default%20Templates/Default%20Component%20Template.tctcmp" />
      <tcm:PageSnapshotTemplate xlink:type="simple" xlink:title="" xlink:href="tcm:0-0-0" />
      <tcm:ShareProcessAssociations>true</tcm:ShareProcessAssociations>
      <tcm:MetadataSchema xlink:type="simple" xlink:title="" xlink:href="tcm:0-0-0" />
      <tcm:Metadata />
      <tcm:CategoriesXSD>
        <xsd:schema xmlns:xlink="http://www.w3.org/1999/xlink" xmlns:category="tcm:0-28-1/Categories.xsd" xmlns:xsd="http://www.w3.org/2001/XMLSchema" targetNamespace="tcm:0-28-1/Categories.xsd">
          <xsd:import namespace="http://www.w3.org/1999/xlink" schemaLocation="/webdav/cm_lnk.xsd" />
          <xsd:attribute name="CategoryURI" type="xsd:anyURI" />
        </xsd:schema>
      </tcm:CategoriesXSD>
      <tcm:PublicationType>Unspecified</tcm:PublicationType>
      <tcm:Key>DxaEmptyRoot</tcm:Key>
    </tcm:Data>
  </Data>
  <Dependencies>
    <Dependency dependencyType="ComponentSnapshotTemplate" itemUrl="/webdav/000%20Empty/Building%20Blocks/Default%20Templates/Default%20Component%20Template.tctcmp" linkName="ComponentSnapshotTemplate" />
    <Dependency dependencyType="DefaultComponentTemplate" itemUrl="/webdav/000%20Empty/Building%20Blocks/Default%20Templates/Default%20Component%20Template.tctcmp" linkName="DefaultComponentTemplate" />
    <Dependency dependencyType="DefaultMultimediaSchema" itemUrl="/webdav/000%20Empty/Building%20Blocks/Default%20Multimedia%20Schema.xsd" linkName="DefaultMultimediaSchema" />
    <Dependency dependencyType="DefaultPageTemplate" itemUrl="/webdav/000%20Empty/Building%20Blocks/Default%20Templates/Default%20Page%20Template.tptcmp" linkName="DefaultPageTemplate" />
    <Dependency dependencyType="DefaultTemplateBuildingBlock" itemUrl="/webdav/000%20Empty/Building%20Blocks/Default%20Templates/Default%20Dreamweaver%20Page%20Design.dwt" linkName="DefaultTemplateBuildingBlock" />
    <Dependency dependencyType="TaskProcess" itemUrl="/webdav/000%20Empty//Task%20Process.tpd" linkName="TaskProcess" />
  </Dependencies>
</PackageItem>