<PackageItem xmlns:tcm="http://www.tridion.com/ContentManager/5.0" xmlns:xlink="http://www.w3.org/1999/xlink" xmlns="http://www.sdltridion.com/ContentManager/ImportExport/Package/2013">
  <Data>
    <tcm:Data>
      <tcm:Title>Hybris</tcm:Title>
      <tcm:LinkedSchema xlink:type="simple" xlink:title="ECommerce - Facets Widget" xlink:href="/webdav/200%20Example%20Content/Building%20Blocks/Modules/E-Commerce/Editor/Schemas/ECommerce%20-%20Facets%20Widget.xsd" IsMandatory="false" />
      <tcm:MetadataSchema xlink:type="simple" xlink:title="" xlink:href="tcm:0-0-0" />
      <tcm:Metadata />
    </tcm:Data>
  </Data>
  <Dependencies>
    <Dependency dependencyType="Publication" itemUrl="/webdav/200%20Example%20Content" linkName="LocationInfo/ContextRepository" />
    <Dependency dependencyType="OrganizationalItemFolder" itemUrl="/webdav/200%20Example%20Content/Building%20Blocks/Content/E-Commerce/Mega%20Navigation" linkName="LocationInfo/OrganizationalItem" />
    <Dependency dependencyType="LinkedSchema" itemUrl="/webdav/200%20Example%20Content/Building%20Blocks/Modules/E-Commerce/Editor/Schemas/ECommerce%20-%20Facets%20Widget.xsd" linkName="LinkedSchema" />
  </Dependencies>
</PackageItem>