<Index dataContractVersion="2013" xmlns="http://www.sdltridion.com/ContentManager/ImportExport/Package/2013">
  <Item id="tcm:0-0-0" selected="false" exported="true">
    <ApplicationIds>
      <ApplicationId>http://www.sdl.com/tridion/SemanticMapping/vocabularies</ApplicationId>
    </ApplicationIds>
    <Item id="tcm:0-84-1" title="000%20Empty" itemType="Publication" selected="false" exported="true">
      <Item id="tcm:84-1418-2" title="Building%20Blocks" itemType="Folder" blueprintStatus="LocalItem" selected="true" exported="true">
        <Item id="d64f31d8e3f74ab2aafb7110198cf524" title="Default%20Templates" itemType="Folder" selected="false" exported="false">
          <Item id="d7e4fc9cde1f44e1a36c3633b5e293a0" title="Default%20Component%20Template" extension="tctcmp" itemType="ComponentTemplate" selected="false" exported="false" />
          <Item id="a78f790539ed43a5ab2444c925f115de" title="Default%20Dreamweaver%20Page%20Design" extension="dwt" itemType="TemplateBuildingBlock" selected="false" exported="false" />
          <Item id="5db08285e62d489f90d92f9f17226150" title="Default%20Page%20Template" extension="tptcmp" itemType="PageTemplate" selected="false" exported="false" />
        </Item>
        <Item id="38f5964762984f9cbe4b94d92e3a59f7" title="Default%20Multimedia%20Schema" extension="xsd" itemType="Schema" selected="false" exported="false" />
      </Item>
      <Item id="tcm:84-1421-4" title="Home" itemType="StructureGroup" blueprintStatus="LocalItem" selected="true" exported="true" />
      <Item id="cbcc71d3dab7405eb7f1fa8b6a2d38b7" title="Task%20Process" extension="tpd" itemType="ProcessDefinition" selected="false" exported="false" />
    </Item>
    <Item id="tcm:0-85-1" title="100%20Master" itemType="Publication" selected="false" exported="true">
      <Item id="tcm:85-1418-2" title="Building%20Blocks" itemType="Folder" blueprintStatus="SharedItem" selected="false" exported="true">
        <Item id="19f7a6bf70114f68875ae0cb93c33aad" title="Default%20Templates" itemType="Folder" selected="false" exported="false">
          <Item id="7af4e3f368a046feb8e2f82f83593004" title="Default%20Component%20Template" extension="tctcmp" itemType="ComponentTemplate" selected="false" exported="false" />
          <Item id="5f95926f6e4b4158a2e36510db8ed610" title="Default%20Dreamweaver%20Page%20Design" extension="dwt" itemType="TemplateBuildingBlock" selected="false" exported="false" />
          <Item id="5f2af7b81c734395a04fc9b770488ac7" title="Default%20Page%20Template" extension="tptcmp" itemType="PageTemplate" selected="false" exported="false" />
        </Item>
        <Item id="a6f39c2a9bb8488d9c78fd9685a233ec" title="Framework" itemType="Folder" selected="false" exported="false">
          <Item id="d8ea0d092b7b459c81a27f95093b9cfd" title="Developer" itemType="Folder" selected="false" exported="false">
            <Item id="5456b40b0fb84776ad39311d404db2e7" title="Templates" itemType="Folder" selected="false" exported="false">
              <Item id="3af3814249e34181ab70cb22c03c743a" title="JSON" extension="tptcmp" itemType="PageTemplate" selected="false" exported="false" />
            </Item>
          </Item>
          <Item id="85182eb55f0b4a4aa3d6839ff96cc694" title="Site%20Manager" itemType="Folder" selected="false" exported="false">
            <Item id="d2780c608e614b68950580abeeff3dc9" title="Schemas" itemType="Folder" selected="false" exported="false">
              <Item id="3461002d39024a419f7ef984e6699fb1" title="Publication%20Metadata" extension="xsd" itemType="Schema" selected="false" exported="false" />
            </Item>
          </Item>
        </Item>
        <Item id="tcm:85-1427-2" title="Modules" itemType="Folder" blueprintStatus="LocalItem" selected="false" exported="true">
          <Item id="969ec2db7d994a89a35fdde54745138a" title="Core" itemType="Folder" selected="false" exported="false">
            <Item id="967b75a0b2e8416f807000f69eaca7d4" title="Site%20Manager" itemType="Folder" selected="false" exported="false">
              <Item id="ff471468d7df4a20933f9bad05a0b785" title="Schemas" itemType="Folder" selected="false" exported="false">
                <Item id="5a462211f79242669d0dd318cddcc5dd" title="Language%20Selector%20Configuration" extension="xsd" itemType="Schema" selected="false" exported="false" />
              </Item>
              <Item id="688a1e113019428d9083b54b204f4a66" title="Templates" itemType="Folder" selected="false" exported="false">
                <Item id="ad0c5243d40343ad963a9d61f1542d3a" title="Include%20Page" extension="tptcmp" itemType="PageTemplate" selected="false" exported="false" />
              </Item>
            </Item>
          </Item>
          <Item id="tcm:85-1488-2" title="E-Commerce" itemType="Folder" blueprintStatus="LocalItem" selected="false" exported="true">
            <Item id="af5e4ef27214481f9864437a66932de0" title="Editor" itemType="Folder" selected="false" exported="false">
              <Item id="82ed224eceb54857b45f54fcb58e3e02" title="Schemas" itemType="Folder" selected="false" exported="false">
                <Item id="e37cd5bcb0804b6399ba57e10ba1188f" title="ECommerce%20-%20Cart%20Widget" extension="xsd" itemType="Schema" selected="false" exported="false" />
                <Item id="6fdfa68ace25440e89cadc59eb8a1210" title="ECommerce%20-%20Search%20Box" extension="xsd" itemType="Schema" selected="false" exported="false" />
              </Item>
            </Item>
            <Item id="tcm:85-1494-2" title="Site%20Manager" itemType="Folder" blueprintStatus="LocalItem" selected="false" exported="true">
              <Item id="tcm:85-1498-2" title="Default%20Widgets" itemType="Folder" blueprintStatus="LocalItem" selected="false" exported="true">
                <Item id="tcm:85-5784" title="Cart" extension="xml" itemType="Component" blueprintStatus="LocalItem" selected="false" exported="true" />
                <Item id="tcm:85-5803" title="Search%20Box" extension="xml" itemType="Component" blueprintStatus="LocalItem" selected="false" exported="true" />
              </Item>
            </Item>
          </Item>
        </Item>
        <Item id="tcm:85-1439-2" title="Settings" itemType="Folder" blueprintStatus="LocalItem" selected="false" exported="true">
          <Item id="tcm:85-1440-2" title="Core" itemType="Folder" blueprintStatus="LocalItem" selected="false" exported="true">
            <Item id="tcm:85-1446-2" title="Site%20Manager" itemType="Folder" blueprintStatus="LocalItem" selected="false" exported="true">
              <Item id="tcm:85-5575" title="Language%20Selector%20Configuration" extension="xml" itemType="Component" blueprintStatus="LocalItem" selected="false" exported="true" />
            </Item>
          </Item>
        </Item>
        <Item id="c58c25854c614b218f55701641691c5a" title="Default%20Multimedia%20Schema" extension="xsd" itemType="Schema" selected="false" exported="false" />
      </Item>
      <Item id="tcm:85-1421-4" title="Home" itemType="StructureGroup" blueprintStatus="SharedItem" selected="false" exported="true">
        <Item id="tcm:85-1442-4" title="_System" itemType="StructureGroup" blueprintStatus="LocalItem" selected="true" exported="true">
          <Item id="tcm:85-1445-4" title="include" itemType="StructureGroup" blueprintStatus="LocalItem" selected="true" exported="true" />
        </Item>
      </Item>
      <Item id="bb923864c58e41cbac1c988e9dd1c1c3" title="Task%20Process" extension="tpd" itemType="ProcessDefinition" selected="false" exported="false" />
    </Item>
    <Item id="tcm:0-86-1" title="110%20DXA%20Site%20Type" itemType="Publication" selected="false" exported="true">
      <ApplicationIds>
        <ApplicationId>SiteEdit</ApplicationId>
      </ApplicationIds>
      <Item id="tcm:86-1418-2" title="Building%20Blocks" itemType="Folder" blueprintStatus="SharedItem" selected="false" exported="true">
        <Item id="tcm:86-1452-2" title="Content" itemType="Folder" blueprintStatus="LocalizedItem" selected="true" exported="true">
          <Item id="e02a1fd095bb4ee7ab0e2954b420495a" title="Articles" itemType="Folder" selected="false" exported="false" />
          <Item id="tcm:86-1500-2" title="E-Commerce" itemType="Folder" blueprintStatus="LocalItem" selected="true" exported="true" />
          <Item id="tcm:86-1469-2" title="Images" itemType="Folder" blueprintStatus="LocalItem" selected="false" exported="true" />
          <Item id="tcm:86-1461-2" title="Video" itemType="Folder" blueprintStatus="LocalItem" selected="false" exported="true" />
          <Item id="8999a1fbdb384db3bd1d1f15110b09f8" title="_Cloneable%20Content" itemType="Folder" selected="false" exported="false">
            <Item id="4713cf31d04044d9880f431eb9549a73" title="Article" extension="xml" itemType="Component" selected="false" exported="false" />
            <Item id="6a945d45401f4745b9308a68ddb736b5" title="Content%20List" extension="xml" itemType="Component" selected="false" exported="false" />
            <Item id="06ff10405cff430290a96e4036df04f3" title="Content%20Query" extension="xml" itemType="Component" selected="false" exported="false" />
            <Item id="7358d0f52df44c3d9b1923c454436880" title="Image%20List" extension="xml" itemType="Component" selected="false" exported="false" />
            <Item id="1925109db3a949828a7363b414dd0ae5" title="Large%20Image" extension="jpg" itemType="Component" selected="false" exported="false" />
            <Item id="dd42182713f240eeb2911be959af4a3f" title="News%20Article" extension="xml" itemType="Component" selected="false" exported="false" />
            <Item id="5ea83bbb6155477eb2eecb5c5886765e" title="Place" extension="xml" itemType="Component" selected="false" exported="false" />
            <Item id="73392b4b392046d091ed466d669a5e5d" title="YouTube%20Video" extension="jpg" itemType="Component" selected="false" exported="false" />
          </Item>
          <Item id="tcm:86-1460-2" title="_Structure" itemType="Folder" blueprintStatus="LocalItem" selected="false" exported="true">
            <Item id="tcm:86-1462-2" title="Header" itemType="Folder" blueprintStatus="LocalItem" selected="false" exported="true">
              <Item id="tcm:86-5692" title="Old%20Browser%20bar" extension="xml" itemType="Component" blueprintStatus="LocalItem" selected="false" exported="true" />
            </Item>
            <Item id="tcm:86-1503-2" title="MegaNavigation" itemType="Folder" blueprintStatus="LocalItem" selected="false" exported="true" />
          </Item>
        </Item>
        <Item id="e273c52c5bc1481db60bb754cdead3ca" title="Default%20Templates" itemType="Folder" selected="false" exported="false">
          <Item id="fddedf4ef3ee4d6da4851d95387c9b5f" title="Default%20Component%20Template" extension="tctcmp" itemType="ComponentTemplate" selected="false" exported="false" />
          <Item id="7483ca2160d84681adc54150770210e9" title="Default%20Dreamweaver%20Page%20Design" extension="dwt" itemType="TemplateBuildingBlock" selected="false" exported="false" />
        </Item>
        <Item id="0635b3b666974125844c89270dfcd69b" title="Modules" itemType="Folder" selected="false" exported="false">
          <Item id="06f73dc553224533b6889261944974a0" title="Core" itemType="Folder" selected="false" exported="false">
            <Item id="805cf683866c4e5d9a2d21c0c87e240d" title="Editor" itemType="Folder" selected="false" exported="false">
              <Item id="21b08dfd72134b5b8661cf36624710e9" title="Schemas" itemType="Folder" selected="false" exported="false">
                <Item id="497bcef1d69b4cecb66ee7d231617758" title="Image" extension="xsd" itemType="Schema" selected="false" exported="false" />
                <Item id="2e9ff788033c4a00a7d8a1c31914b5be" title="YouTube%20Video" extension="xsd" itemType="Schema" selected="false" exported="false" />
              </Item>
              <Item id="159923253bb34dc198210fea92247a5e" title="Templates" itemType="Folder" selected="false" exported="false">
                <Item id="b669ede712c9413b92af092a28360e14" title="Accordion" extension="tctcmp" itemType="ComponentTemplate" selected="false" exported="false" />
                <Item id="ba3da14271b941009283c25d2ff0aae1" title="Article" extension="tctcmp" itemType="ComponentTemplate" selected="false" exported="false" />
                <Item id="865e3120868b456cb4074672adaa045a" title="Content%20Page%20Without%20Navigation" extension="tptcmp" itemType="PageTemplate" selected="false" exported="false" />
                <Item id="3e65a490a8164aaa9f837bdf71720eec" title="Content%20Page" extension="tptcmp" itemType="PageTemplate" selected="false" exported="false" />
                <Item id="efc04d842a50449a922f1579f57a826c" title="Download" extension="tctcmp" itemType="ComponentTemplate" selected="false" exported="false" />
                <Item id="3de8c329b8d5441390bfbf3a3486ce0a" title="Home%20Page" extension="tptcmp" itemType="PageTemplate" selected="false" exported="false" />
                <Item id="0f2cc959812e4af9af651ff02f267c50" title="Paged%20List" extension="tctcmp" itemType="ComponentTemplate" selected="false" exported="false" />
                <Item id="5e3a79639a3f42c380d3cc4594534683" title="Place" extension="tctcmp" itemType="ComponentTemplate" selected="false" exported="false" />
                <Item id="e7a840b2167e4819ae09ea6e043737f1" title="Redirect%20Page" extension="tptcmp" itemType="PageTemplate" selected="false" exported="false" />
                <Item id="85098682d1bd42af82535c3f280c6f41" title="Section%20Page" extension="tptcmp" itemType="PageTemplate" selected="false" exported="false" />
                <Item id="186f4b012c2d4caf944c17763d18beb8" title="Thumbnail%20List" extension="tctcmp" itemType="ComponentTemplate" selected="false" exported="false" />
                <Item id="3e3a02acd84c4626a513477a75707eae" title="YouTube%20Video" extension="tctcmp" itemType="ComponentTemplate" selected="false" exported="false" />
              </Item>
            </Item>
            <Item id="a1ed999b763e40aa9956ec19f31c2f73" title="Site%20Manager" itemType="Folder" selected="false" exported="false">
              <Item id="3779f8c3bda34bcbbc542adb56a68c56" title="Schemas" itemType="Folder" selected="false" exported="false">
                <Item id="3b742e3c41644408914b70385d42128e" title="Notification%20Bar" extension="xsd" itemType="Schema" selected="false" exported="false" />
              </Item>
            </Item>
          </Item>
        </Item>
        <Item id="8dd91f7d893a4d1bbe569c5066077799" title="Default%20Multimedia%20Schema" extension="xsd" itemType="Schema" selected="false" exported="false" />
      </Item>
      <Item id="e98ff948fe27481f828a65fcd8091245" title="Task%20Process" extension="tpd" itemType="ProcessDefinition" selected="false" exported="false" />
    </Item>
    <Item id="tcm:0-87-1" title="200%20Example%20Content" itemType="Publication" selected="true" exported="true">
      <Item id="tcm:87-1418-2" title="Building%20Blocks" itemType="Folder" blueprintStatus="SharedItem" selected="true" exported="true">
        <Item id="tcm:87-1452-2" title="Content" itemType="Folder" blueprintStatus="SharedItem" selected="true" exported="true">
          <Item id="tcm:87-1473-2" title="About" itemType="Folder" blueprintStatus="LocalItem" selected="false" exported="true">
            <Item id="tcm:87-5710" title="Company%20Information" extension="xml" itemType="Component" blueprintStatus="LocalItem" selected="false" exported="true" />
            <Item id="tcm:87-5707" title="Contact%20Tab%20Content" extension="xml" itemType="Component" blueprintStatus="LocalItem" selected="false" exported="true" />
            <Item id="tcm:87-5736" title="Privacy%20Policy" extension="xml" itemType="Component" blueprintStatus="LocalItem" selected="false" exported="true" />
          </Item>
          <Item id="tcm:87-1500-2" title="E-Commerce" itemType="Folder" blueprintStatus="SharedItem" selected="true" exported="true">
            <Item id="tcm:87-1508-2" title="Mega%20Navigation" itemType="Folder" blueprintStatus="LocalItem" selected="true" exported="true">
              <Item id="tcm:87-1512-2" title="Hybris" itemType="Folder" blueprintStatus="LocalItem" selected="true" exported="true">
                <Item id="tcm:87-5844" title="Accessories%20Section" extension="xml" itemType="Component" blueprintStatus="LocalItem" selected="true" exported="true" />
                <Item id="tcm:87-5843" title="Accessories%20women%20Section" extension="xml" itemType="Component" blueprintStatus="LocalItem" selected="true" exported="true" />
                <Item id="tcm:87-5842" title="Cameras%20Section" extension="xml" itemType="Component" blueprintStatus="LocalItem" selected="true" exported="true" />
                <Item id="tcm:87-5846" title="Clothes%20Section" extension="xml" itemType="Component" blueprintStatus="LocalItem" selected="true" exported="true" />
                <Item id="tcm:87-5845" title="Data%20storage%20Section" extension="xml" itemType="Component" blueprintStatus="LocalItem" selected="true" exported="true" />
              </Item>
            </Item>
          </Item>
          <Item id="tcm:87-1477-2" title="Homepage" itemType="Folder" blueprintStatus="LocalItem" selected="false" exported="true">
            <Item id="tcm:87-5733" title="Homepage%20Welcome" extension="xml" itemType="Component" blueprintStatus="LocalItem" selected="false" exported="true" />
          </Item>
          <Item id="tcm:87-1469-2" title="Images" itemType="Folder" blueprintStatus="SharedItem" selected="false" exported="true">
            <Item id="tcm:87-1474-2" title="Large" itemType="Folder" blueprintStatus="LocalItem" selected="false" exported="true">
              <Item id="tcm:87-5709" title="planes" extension="jpg" itemType="Component" subtype="1" blueprintStatus="LocalItem" selected="false" exported="true" />
            </Item>
          </Item>
          <Item id="tcm:87-1461-2" title="Video" itemType="Folder" blueprintStatus="SharedItem" selected="false" exported="true">
            <Item id="tcm:87-5708" title="Company%20News%20Media%20Manager%20Video" extension="png" itemType="Component" subtype="1" blueprintStatus="LocalItem" selected="false" exported="true" />
          </Item>
          <Item id="1ed7194b8e264482939b277fbc2f4a84" title="_Structure" itemType="Folder" selected="false" exported="false">
            <Item id="tcm:87-1462-2" title="Header" itemType="Folder" blueprintStatus="SharedItem" selected="false" exported="true">
              <Item id="tcm:87-5726" title="Company%20Logo%20540%20px" extension="png" itemType="Component" subtype="1" blueprintStatus="LocalItem" selected="false" exported="true" />
            </Item>
            <Item id="tcm:87-1503-2" title="MegaNavigation" itemType="Folder" blueprintStatus="SharedItem" selected="false" exported="true">
              <Item id="tcm:87-5823" title="Home%20Section" extension="xml" itemType="Component" blueprintStatus="LocalItem" selected="false" exported="true" />
            </Item>
          </Item>
        </Item>
        <Item id="b74e3fcd15734f4bb09fe9e23b2f050a" title="Default%20Templates" itemType="Folder" selected="false" exported="false">
          <Item id="1872ae70838649a69b2b566862ddab67" title="Default%20Component%20Template" extension="tctcmp" itemType="ComponentTemplate" selected="false" exported="false" />
          <Item id="67549e3976b94f989e26ba6c0258c896" title="Default%20Dreamweaver%20Page%20Design" extension="dwt" itemType="TemplateBuildingBlock" selected="false" exported="false" />
          <Item id="f2eecd37b08341cbb65a77a4517ad984" title="Default%20Page%20Template" extension="tptcmp" itemType="PageTemplate" selected="false" exported="false" />
        </Item>
        <Item id="47cce162b0e74ad0bff6dac47080d563" title="Modules" itemType="Folder" selected="false" exported="false">
          <Item id="4ce4ee69330841be8de6ade2215df244" title="Core" itemType="Folder" selected="false" exported="false">
            <Item id="cdb508456a604c19a02d8473bcc86475" title="Editor" itemType="Folder" selected="false" exported="false">
              <Item id="a6f43a73f02b4a4d88617207c1953aa1" title="Schemas" itemType="Folder" selected="false" exported="false">
                <Item id="ec96aa38429d4304ace2e0ab31cc1e01" title="Article" extension="xsd" itemType="Schema" selected="false" exported="false" />
                <Item id="74065f19911d40608d4f75192b53a148" title="Image" extension="xsd" itemType="Schema" selected="false" exported="false" />
                <Item id="7074b10153de4aeab2a92ee3d90a689b" title="Item%20List" extension="xsd" itemType="Schema" selected="false" exported="false" />
                <Item id="d6e95b8c31904870a94c26bb6ef016e1" title="YouTube%20Video" extension="xsd" itemType="Schema" selected="false" exported="false" />
              </Item>
            </Item>
          </Item>
          <Item id="739aea888cdb47b0aaa62d2b3ca42fc5" title="E-Commerce" itemType="Folder" selected="false" exported="false">
            <Item id="2a99b04bef4441edb74703ec6df7a94d" title="Editor" itemType="Folder" selected="false" exported="false">
              <Item id="9d489e501edd4ae49ebdf720c307ebb3" title="Schemas" itemType="Folder" selected="false" exported="false">
                <Item id="6ad0941a56d845a89e41fc811db86a49" title="ECommerce%20-%20Facets%20Widget" extension="xsd" itemType="Schema" selected="false" exported="false" />
              </Item>
            </Item>
          </Item>
          <Item id="29608f6d4eb248e7973233e1af0e0ec6" title="Navigation" itemType="Folder" selected="false" exported="false">
            <Item id="6d68241292b641b78703e9448d35080a" title="Site%20Manager" itemType="Folder" selected="false" exported="false">
              <Item id="98c9b4268c2e450a84c9bbdda3a9e786" title="Schemas" itemType="Folder" selected="false" exported="false">
                <Item id="2ef22ee0c8654009baf03c64c0165ae4" title="Navigation%20Section" extension="xsd" itemType="Schema" selected="false" exported="false" />
              </Item>
            </Item>
          </Item>
        </Item>
        <Item id="2a43dc2a4bfc4832823659d7418027cc" title="Default%20Multimedia%20Schema" extension="xsd" itemType="Schema" selected="false" exported="false" />
      </Item>
      <Item id="8d182d6084aa4f278aee3d3bacccd3e6" title="Task%20Process" extension="tpd" itemType="ProcessDefinition" selected="false" exported="false" />
    </Item>
    <Item id="tcm:0-88-1" title="400%20Example%20Site" itemType="Publication" selected="true" exported="true">
      <ApplicationIds>
        <ApplicationId>SiteEdit</ApplicationId>
      </ApplicationIds>
      <Item id="0abd3be4bfb440eea9e5a5ea81d147e9" title="Building%20Blocks" itemType="Folder" selected="false" exported="false">
        <Item id="5ddacb3ba901451da3620c208492dca7" title="Content" itemType="Folder" selected="false" exported="false">
          <Item id="487df2f9711948c493912e591208846f" title="About" itemType="Folder" selected="false" exported="false">
            <Item id="tcm:88-5710" title="Company%20Information" extension="xml" itemType="Component" blueprintStatus="SharedItem" selected="false" exported="true" />
            <Item id="tcm:88-5707" title="Contact%20Tab%20Content" extension="xml" itemType="Component" blueprintStatus="SharedItem" selected="false" exported="true" />
            <Item id="tcm:88-5736" title="Privacy%20Policy" extension="xml" itemType="Component" blueprintStatus="SharedItem" selected="false" exported="true" />
          </Item>
          <Item id="26c219c62de1450ab18aa4e43bdd281b" title="E-Commerce" itemType="Folder" selected="false" exported="false">
            <Item id="44a168e71f044d6d97a206639f7c08d3" title="Mega%20Navigation" itemType="Folder" selected="false" exported="false">
              <Item id="68f7809f358a49d7be83c18e8663fb85" title="Hybris" itemType="Folder" selected="false" exported="false">
                <Item id="tcm:88-5844" title="Accessories%20Section" extension="xml" itemType="Component" blueprintStatus="SharedItem" selected="false" exported="true" />
                <Item id="tcm:88-5842" title="Cameras%20Section" extension="xml" itemType="Component" blueprintStatus="SharedItem" selected="false" exported="true" />
                <Item id="tcm:88-5846" title="Clothes%20Section" extension="xml" itemType="Component" blueprintStatus="SharedItem" selected="false" exported="true" />
              </Item>
            </Item>
          </Item>
          <Item id="336e2732106f4da3807a2d00ecd2a10e" title="Homepage" itemType="Folder" selected="false" exported="false">
            <Item id="tcm:88-5733" title="Homepage%20Welcome" extension="xml" itemType="Component" blueprintStatus="SharedItem" selected="false" exported="true" />
          </Item>
          <Item id="61218c64466e45cc8042fb3114722c36" title="_Structure" itemType="Folder" selected="false" exported="false">
            <Item id="tcm:88-1462-2" title="Header" itemType="Folder" blueprintStatus="SharedItem" selected="false" exported="true">
              <Item id="tcm:88-5726" title="Company%20Logo%20540%20px" extension="png" itemType="Component" subtype="1" blueprintStatus="SharedItem" selected="false" exported="true" />
              <Item id="tcm:88-5749" title="Cookie%20bar" extension="xml" itemType="Component" blueprintStatus="LocalItem" selected="false" exported="true" />
              <Item id="tcm:88-5751" title="Header%20Links" extension="xml" itemType="Component" blueprintStatus="LocalItem" selected="false" exported="true" />
              <Item id="tcm:88-5750" title="Header" extension="xml" itemType="Component" blueprintStatus="LocalItem" selected="false" exported="true" />
              <Item id="tcm:88-5692" title="Old%20Browser%20bar" extension="xml" itemType="Component" blueprintStatus="SharedItem" selected="false" exported="true" />
            </Item>
            <Item id="7e86d748242a4c34805d8422786a93b4" title="MegaNavigation" itemType="Folder" selected="false" exported="false">
              <Item id="tcm:88-5823" title="Home%20Section" extension="xml" itemType="Component" blueprintStatus="SharedItem" selected="false" exported="true" />
            </Item>
          </Item>
        </Item>
        <Item id="705c779d780449baa63657520ea80857" title="Default%20Templates" itemType="Folder" selected="false" exported="false">
          <Item id="688aae4888d94a7ca1c4b9ecaac38ffb" title="Default%20Component%20Template" extension="tctcmp" itemType="ComponentTemplate" selected="false" exported="false" />
          <Item id="3ef2f86bf636491ba49aaaf5f346f0ce" title="Default%20Dreamweaver%20Page%20Design" extension="dwt" itemType="TemplateBuildingBlock" selected="false" exported="false" />
        </Item>
        <Item id="aa199ce723a842ecb9fded6ba41f1b9d" title="Framework" itemType="Folder" selected="false" exported="false">
          <Item id="9723cd79acec4daebfc428e13fba2617" title="Site%20Manager" itemType="Folder" selected="false" exported="false">
            <Item id="1462bcc5f9e5444c820773ed5bbd433e" title="Schemas" itemType="Folder" selected="false" exported="false">
              <Item id="d814598bde554d1fb1fdf6400862db2e" title="Publication%20Metadata" extension="xsd" itemType="Schema" selected="false" exported="false" />
            </Item>
          </Item>
        </Item>
        <Item id="19b4786594114581882a17cb8ebac167" title="Modules" itemType="Folder" selected="false" exported="false">
          <Item id="c627c0df6a254e6aa35ee87f280dc22b" title="Core" itemType="Folder" selected="false" exported="false">
            <Item id="479409d58358409f94f4ae350e7302e9" title="Editor" itemType="Folder" selected="false" exported="false">
              <Item id="d6761832ab284726a0b265509be82ab7" title="Schemas" itemType="Folder" selected="false" exported="false">
                <Item id="e03e0d3f773f4952966db1e1497ddf2f" title="Link%20List" extension="xsd" itemType="Schema" selected="false" exported="false" />
                <Item id="9ca387add2fe44d787b2aac0def571b0" title="Teaser" extension="xsd" itemType="Schema" selected="false" exported="false" />
              </Item>
              <Item id="ec4adfab4c0a4377a7c0ac97a279d008" title="Templates" itemType="Folder" selected="false" exported="false">
                <Item id="5412f365c48143a7a31861b39b40931d" title="Content%20Page" extension="tptcmp" itemType="PageTemplate" selected="false" exported="false" />
              </Item>
            </Item>
            <Item id="cdc31e5e703244fc9781098047fbd82c" title="Site%20Manager" itemType="Folder" selected="false" exported="false">
              <Item id="d6ec4f9756cc48d089143acf3698814c" title="Schemas" itemType="Folder" selected="false" exported="false">
                <Item id="41821c4272de410ea83b1c32c924cc1f" title="Notification%20Bar" extension="xsd" itemType="Schema" selected="false" exported="false" />
              </Item>
              <Item id="f1e4881f8c1e4bf59417a761bb759081" title="Templates" itemType="Folder" selected="false" exported="false">
                <Item id="bccff9a1c9b74f14a37ca9dd21fe2cf8" title="Cookie%20Notification%20Bar%20%5BInfo%5D" extension="tctcmp" itemType="ComponentTemplate" selected="false" exported="false" />
                <Item id="5f67931c20a0452994dc6a2f81481517" title="Header%20Links%20%5BNav%5D" extension="tctcmp" itemType="ComponentTemplate" selected="false" exported="false" />
                <Item id="927e6e7023b84524a5b98d4b28ff8ffe" title="Header%20Logo%20%5BLogo%5D" extension="tctcmp" itemType="ComponentTemplate" selected="false" exported="false" />
                <Item id="cf1a9d9f24db46e6be5cf730b550ff41" title="Language%20Selector%20%5BNav%5D" extension="tctcmp" itemType="ComponentTemplate" selected="false" exported="false" />
                <Item id="c4d4802a8a8d43f4bbe266979a155969" title="Old%20Browser%20Notification%20Bar%20%5BInfo%5D" extension="tctcmp" itemType="ComponentTemplate" selected="false" exported="false" />
              </Item>
            </Item>
          </Item>
          <Item id="228f704d080e4d33a33c41e811df4be8" title="E-Commerce" itemType="Folder" selected="false" exported="false">
            <Item id="137700caf9ba4741a873722a60ff16dd" title="Editor" itemType="Folder" selected="false" exported="false">
              <Item id="d3e0caed812e4d85ad1bc3c7a45403b2" title="Default%20Templates" itemType="Folder" selected="false" exported="false">
                <Item id="6b2051a39300438e887f6bbd0dd07640" title="Cart%20%5BNav%5D" extension="tctcmp" itemType="ComponentTemplate" selected="false" exported="false" />
                <Item id="7a9abfe5cc754c47a4b0d5842244a681" title="Facets%20Widget%20%5BMegaNavigation%5D" extension="tctcmp" itemType="ComponentTemplate" selected="false" exported="false" />
                <Item id="403dc78ce36a48a88557c11f4c14b4d5" title="Search%20Box%20%5BNav%5D" extension="tctcmp" itemType="ComponentTemplate" selected="false" exported="false" />
              </Item>
            </Item>
            <Item id="bc81a0def0314d4a98b4f190592bce05" title="Site%20Manager" itemType="Folder" selected="false" exported="false">
              <Item id="d256f954de3747ec8c84035ba9d419ee" title="Default%20Widgets" itemType="Folder" selected="false" exported="false">
                <Item id="tcm:88-5784" title="Cart" extension="xml" itemType="Component" blueprintStatus="SharedItem" selected="false" exported="true" />
                <Item id="tcm:88-5803" title="Search%20Box" extension="xml" itemType="Component" blueprintStatus="SharedItem" selected="false" exported="true" />
              </Item>
            </Item>
          </Item>
          <Item id="186f2c474a5545c788b1982c4e9f7b12" title="Navigation" itemType="Folder" selected="false" exported="false">
            <Item id="3b5de687ea614225b0f01c8c27da0cbf" title="Site%20Manager" itemType="Folder" selected="false" exported="false">
              <Item id="935b1e5a58e24139aaf0e6a2ea13e48a" title="Templates" itemType="Folder" selected="false" exported="false">
                <Item id="d073a975cf1744e19d4505dce740a982" title="Navigation%20Section%20%5BMegaNavigation%5D" extension="tctcmp" itemType="ComponentTemplate" selected="false" exported="false" />
              </Item>
            </Item>
          </Item>
        </Item>
        <Item id="50f88a39022b4d7fa8776b07aff927ed" title="Settings" itemType="Folder" selected="false" exported="false">
          <Item id="4c1c67940693487f8c47f6b524164739" title="Core" itemType="Folder" selected="false" exported="false">
            <Item id="d283684d3d4d45fe97181cfb9956ad86" title="Site%20Manager" itemType="Folder" selected="false" exported="false">
              <Item id="tcm:88-5575" title="Language%20Selector%20Configuration" extension="xml" itemType="Component" blueprintStatus="SharedItem" selected="false" exported="true" />
            </Item>
          </Item>
        </Item>
        <Item id="faf9f908156f4b8798b70a990c82746f" title="Default%20Multimedia%20Schema" extension="xsd" itemType="Schema" selected="false" exported="false" />
      </Item>
      <Item id="tcm:88-1421-4" title="Home" itemType="StructureGroup" blueprintStatus="SharedItem" selected="true" exported="true">
        <Item id="tcm:88-1442-4" title="_System" itemType="StructureGroup" blueprintStatus="SharedItem" selected="true" exported="true">
          <Item id="tcm:88-1445-4" title="include" itemType="StructureGroup" blueprintStatus="SharedItem" selected="true" exported="true">
            <Item id="tcm:88-5693-64" title="Header" extension="tpg" itemType="Page" blueprintStatus="LocalizedItem" selected="true" exported="true" />
          </Item>
        </Item>
      </Item>
      <Item id="51ecfcc9903f41acbbcb6093114ecc28" title="Task%20Process" extension="tpd" itemType="ProcessDefinition" selected="false" exported="false" />
    </Item>
    <Item id="tcm:0-2-65544" title="Jpeg%20image" extension="tmt" itemType="MultimediaType" selected="false" exported="true" />
    <Item id="tcm:0-3-65544" title="Png%20image" extension="tmt" itemType="MultimediaType" selected="false" exported="true" />
  </Item>
</Index>