<Index dataContractVersion="2013" xmlns="http://www.sdltridion.com/ContentManager/ImportExport/Package/2013">
  <Item id="tcm:0-0-0" selected="false" exported="true">
    <ApplicationIds>
      <ApplicationId>http://www.sdl.com/tridion/SemanticMapping/vocabularies</ApplicationId>
    </ApplicationIds>
    <Item id="tcm:0-1047-1" title="000%20Empty" itemType="Publication" selected="false" exported="true">
      <Item id="tcm:1047-3461-2" title="Building%20Blocks" itemType="Folder" blueprintStatus="LocalItem" selected="true" exported="true">
        <Item id="19b7b5229e1c437fb79c74453e012294" title="Default%20Templates" itemType="Folder" selected="false" exported="false">
          <Item id="0bb77b73b3154868aade44a0756675bd" title="Default%20Component%20Template" extension="tctcmp" itemType="ComponentTemplate" selected="false" exported="false" />
          <Item id="c6678eb2a2ef41349dcad96badf58f1a" title="Default%20Dreamweaver%20Page%20Design" extension="dwt" itemType="TemplateBuildingBlock" selected="false" exported="false" />
          <Item id="225b8854716d4769b6389c1ab925fe0d" title="Default%20Page%20Template" extension="tptcmp" itemType="PageTemplate" selected="false" exported="false" />
        </Item>
        <Item id="8dd1503ccc0a4dc0842ea6b84750ca53" title="Default%20Multimedia%20Schema" extension="xsd" itemType="Schema" selected="false" exported="false" />
      </Item>
      <Item id="3b250b9e552d4529a83945d459a5786b" title="Task%20Process" extension="tpd" itemType="ProcessDefinition" selected="false" exported="false" />
    </Item>
    <Item id="tcm:0-4114-1" title="100%20Master" itemType="Publication" selected="true" exported="true">
      <Item id="tcm:4114-3461-2" title="Building%20Blocks" itemType="Folder" blueprintStatus="SharedItem" selected="true" exported="true">
        <Item id="4649bea9d37744e794a7471954b3ec9b" title="Default%20Templates" itemType="Folder" selected="false" exported="false">
          <Item id="55c5fff4a80c440a98c99c42d7cb4c01" title="Default%20Component%20Template" extension="tctcmp" itemType="ComponentTemplate" selected="false" exported="false" />
          <Item id="9b036d5f4a134bb1bafdb41b61aa9433" title="Default%20Dreamweaver%20Page%20Design" extension="dwt" itemType="TemplateBuildingBlock" selected="false" exported="false" />
          <Item id="f5914c51f54d472395dff06c9ac1b5fc" title="Default%20Page%20Template" extension="tptcmp" itemType="PageTemplate" selected="false" exported="false" />
        </Item>
        <Item id="tcm:4114-18904-2" title="Modules" itemType="Folder" blueprintStatus="LocalItem" selected="true" exported="true">
          <Item id="tcm:4114-18905-2" title="Core" itemType="Folder" blueprintStatus="LocalItem" selected="true" exported="true">
            <Item id="tcm:4114-18911-2" title="Admin" itemType="Folder" blueprintStatus="LocalItem" selected="true" exported="true">
              <Item id="a41c19566bb94053ae75f1baa5f030a4" title="Schemas" itemType="Folder" selected="false" exported="false">
                <Item id="5f4fd785b66b4c8f82e3a17b7ecb3aa8" title="Module%20Configuration" extension="xsd" itemType="Schema" selected="false" exported="false" />
              </Item>
              <Item id="tcm:4114-27375" title="Build%20Files" extension="zip" itemType="Component" subtype="1" blueprintStatus="LocalItem" selected="false" exported="true" />
              <Item id="tcm:4114-27384" title="Core" extension="xml" itemType="Component" blueprintStatus="LocalItem" selected="false" exported="true" />
              <Item id="tcm:4114-27304" title="HTML%20Design" extension="zip" itemType="Component" subtype="1" blueprintStatus="LocalItem" selected="true" exported="true" />
            </Item>
            <Item id="e3192a8366884058870d6eadb08917b3" title="Developer" itemType="Folder" selected="false" exported="false">
              <Item id="971605a4cf9841af83224d2de528e321" title="Core%20Template%20Building%20Blocks" itemType="Folder" selected="false" exported="false">
                <Item id="5d6dbafa7a464fc0aa1b6f196771a62e" title="Default%20Component%20Template%20Finish%20Actions" extension="tbbcmp" itemType="TemplateBuildingBlock" selected="false" exported="false" />
                <Item id="96c4ab88403643fc9b7a922862693dbc" title="Render%20Component%20Content" extension="tbbcmp" itemType="TemplateBuildingBlock" selected="false" exported="false" />
              </Item>
              <Item id="b2d349d4a84647ec9480ce0b731272b9" title="Schemas" itemType="Folder" selected="false" exported="false">
                <Item id="a787c9dae05f4729ae18facf947e264c" title="Metadata" itemType="Folder" selected="false" exported="false">
                  <Item id="4fca6db35d3b47c48b97cf6d5feb4ab5" title="Component%20Template%20Metadata" extension="xsd" itemType="Schema" selected="false" exported="false" />
                </Item>
                <Item id="20b3287f14d64d4c8f0fe8a3695a246f" title="ZIP%20file" extension="xsd" itemType="Schema" selected="false" exported="false" />
              </Item>
            </Item>
            <Item id="d721da290fd243db83b47a3cc0c35669" title="Editor" itemType="Folder" selected="false" exported="false">
              <Item id="4a27f54f5315427e8658e355080e6d1f" title="Schemas" itemType="Folder" selected="false" exported="false">
                <Item id="444c184098ad48e6b013b3ff05ba7472" title="Embedded" itemType="Folder" selected="false" exported="false">
                  <Item id="e4ee86d7b04f4deba411617160f4d26d" title="Link" extension="xsd" itemType="Schema" selected="false" exported="false" />
                </Item>
                <Item id="1a12abf1b7b94490aab3983c1135f21e" title="Image" extension="xsd" itemType="Schema" selected="false" exported="false" />
              </Item>
            </Item>
            <Item id="3d1a0449400f4a6e9b0bef30d2c17fd7" title="Site%20Manager" itemType="Folder" selected="false" exported="false">
              <Item id="7c18a31b8d08410290160be2d5bd6c11" title="Schemas" itemType="Folder" selected="false" exported="false">
                <Item id="1130bedf58954309929595c53d47c121" title="Metadata" itemType="Folder" selected="false" exported="false">
                  <Item id="8af569d3142f4891bfd028659a5a5cda" title="Publication%20Metadata" extension="xsd" itemType="Schema" selected="false" exported="false" />
                </Item>
                <Item id="9792e5e5178f43bb8de512c6ecf3aebe" title="Bootstrap%20Configuration" extension="xsd" itemType="Schema" selected="false" exported="false" />
                <Item id="72622315d3e94cb18fcc99f81e336927" title="Favicon" extension="xsd" itemType="Schema" selected="false" exported="false" />
                <Item id="1a2efdee126646f5b63fae9378f7edc7" title="General%20Configuration" extension="xsd" itemType="Schema" selected="false" exported="false" />
                <Item id="315b31dc7a94448aa4b96dd3e4728dba" title="HTML%20Design%20Configuration" extension="xsd" itemType="Schema" selected="false" exported="false" />
                <Item id="c8132964f2034dcaa6850aacd3c068f3" title="Resources%20-%20Core" extension="xsd" itemType="Schema" selected="false" exported="false" />
                <Item id="68e15fb39dd14d9f801fe403971b718a" title="Resources%20-%20Custom" extension="xsd" itemType="Schema" selected="false" exported="false" />
              </Item>
            </Item>
          </Item>
          <Item id="tcm:4114-19977-2" title="E-Commerce" itemType="Folder" blueprintStatus="LocalItem" selected="true" exported="true">
            <Item id="tcm:4114-22010-2" title="Admin" itemType="Folder" blueprintStatus="LocalItem" selected="true" exported="true">
              <Item id="tcm:4114-31772" title="E-Commerce" extension="xml" itemType="Component" blueprintStatus="LocalItem" selected="true" exported="true" />
            </Item>
            <Item id="tcm:4114-19978-2" title="Editor" itemType="Folder" blueprintStatus="LocalItem" selected="true" exported="true">
              <Item id="tcm:4114-19979-2" title="Schemas" itemType="Folder" blueprintStatus="LocalItem" selected="true" exported="true">
                <Item id="tcm:4114-22014-2" title="Default%20Images" itemType="Folder" blueprintStatus="LocalItem" selected="true" exported="true">
                  <Item id="tcm:4114-29594" title="Empty%20Image" extension="png" itemType="Component" subtype="1" blueprintStatus="LocalItem" selected="true" exported="true" />
                </Item>
                <Item id="tcm:4114-22013-2" title="Embedded" itemType="Folder" blueprintStatus="LocalItem" selected="true" exported="true">
                  <Item id="tcm:4114-31753-8" title="E-Commerce%20Category" extension="xsd" itemType="Schema" subtype="2" blueprintStatus="LocalItem" selected="true" exported="true" />
                  <Item id="tcm:4114-32831-8" title="E-Commerce%20Filter%20Attribute" extension="xsd" itemType="Schema" subtype="2" blueprintStatus="LocalItem" selected="true" exported="true" />
                  <Item id="tcm:4114-32776-8" title="E-Commerce%20Product" extension="xsd" itemType="Schema" subtype="2" blueprintStatus="LocalItem" selected="true" exported="true" />
                </Item>
                <Item id="tcm:4114-28596-8" title="ECommerce%20-%20Breadcrumb%20Widget" extension="xsd" itemType="Schema" blueprintStatus="LocalItem" selected="true" exported="true" />
                <Item id="tcm:4114-31736-8" title="ECommerce%20-%20Cart%20Widget" extension="xsd" itemType="Schema" blueprintStatus="LocalItem" selected="true" exported="true" />
                <Item id="tcm:4114-28598-8" title="ECommerce%20-%20Facets%20Widget" extension="xsd" itemType="Schema" blueprintStatus="LocalItem" selected="true" exported="true" />
                <Item id="tcm:4114-28605-8" title="ECommerce%20-%20Navigation%20Metadata" extension="xsd" itemType="Schema" subtype="3" blueprintStatus="LocalItem" selected="true" exported="true" />
                <Item id="tcm:4114-28589-8" title="ECommerce%20-%20Product%20Detail%20Widget" extension="xsd" itemType="Schema" blueprintStatus="LocalItem" selected="true" exported="true" />
                <Item id="tcm:4114-28608-8" title="ECommerce%20-%20Product%20Lister%20Widget" extension="xsd" itemType="Schema" blueprintStatus="LocalItem" selected="true" exported="true" />
                <Item id="tcm:4114-28601-8" title="ECommerce%20-%20Promotions%20Widget" extension="xsd" itemType="Schema" blueprintStatus="LocalItem" selected="true" exported="true" />
                <Item id="tcm:4114-28590-8" title="ECommerce%20-%20Search%20Box" extension="xsd" itemType="Schema" blueprintStatus="LocalItem" selected="true" exported="true" />
                <Item id="tcm:4114-28644-8" title="ECommerce%20-%20Search%20Feedback" extension="xsd" itemType="Schema" blueprintStatus="LocalItem" selected="true" exported="true" />
              </Item>
              <Item id="tcm:4114-19980-2" title="Templates" itemType="Folder" blueprintStatus="LocalItem" selected="true" exported="true">
                <Item id="tcm:4114-28610-32" title="Breadcrumb" extension="tctcmp" itemType="ComponentTemplate" blueprintStatus="LocalItem" selected="true" exported="true" />
                <Item id="tcm:4114-31738-32" title="Cart%20%5BNav%5D" extension="tctcmp" itemType="ComponentTemplate" blueprintStatus="LocalItem" selected="true" exported="true" />
                <Item id="tcm:4114-31737-32" title="Cart" extension="tctcmp" itemType="ComponentTemplate" blueprintStatus="LocalItem" selected="true" exported="true" />
                <Item id="tcm:4114-28603-32" title="Detail%20Breadcrumb" extension="tctcmp" itemType="ComponentTemplate" blueprintStatus="LocalItem" selected="true" exported="true" />
                <Item id="tcm:4114-28613-32" title="Facets%20Widget%20%5BLeft%5D" extension="tctcmp" itemType="ComponentTemplate" blueprintStatus="LocalItem" selected="true" exported="true" />
                <Item id="tcm:4114-28652-32" title="Facets%20Widget%20%5BMegaNavigation%5D" extension="tctcmp" itemType="ComponentTemplate" blueprintStatus="LocalItem" selected="true" exported="true" />
                <Item id="tcm:4114-28607-32" title="Facets%20Widget%20%5BRight%5D" extension="tctcmp" itemType="ComponentTemplate" blueprintStatus="LocalItem" selected="true" exported="true" />
                <Item id="tcm:4114-28592-32" title="Product%20Detail%20Widget" extension="tctcmp" itemType="ComponentTemplate" blueprintStatus="LocalItem" selected="true" exported="true" />
                <Item id="tcm:4114-28611-32" title="Product%20Lister%20Widget" extension="tctcmp" itemType="ComponentTemplate" blueprintStatus="LocalItem" selected="true" exported="true" />
                <Item id="tcm:4114-28602-32" title="Promotions%20Widget" extension="tctcmp" itemType="ComponentTemplate" blueprintStatus="LocalItem" selected="true" exported="true" />
                <Item id="tcm:4114-28591-32" title="Search%20Box%20%5BNav%5D" extension="tctcmp" itemType="ComponentTemplate" blueprintStatus="LocalItem" selected="true" exported="true" />
                <Item id="tcm:4114-28645-32" title="Search%20Feedback%20%5BTools%5D" extension="tctcmp" itemType="ComponentTemplate" blueprintStatus="LocalItem" selected="true" exported="true" />
              </Item>
            </Item>
            <Item id="tcm:4114-19981-2" title="Site%20Manager" itemType="Folder" blueprintStatus="LocalItem" selected="true" exported="true">
              <Item id="tcm:4114-19982-2" title="Default%20Widgets" itemType="Folder" blueprintStatus="LocalItem" selected="true" exported="true">
                <Item id="tcm:4114-28597" title="Breadcrumb" extension="xml" itemType="Component" blueprintStatus="LocalItem" selected="true" exported="true" />
                <Item id="tcm:4114-31739" title="Cart" extension="xml" itemType="Component" blueprintStatus="LocalItem" selected="true" exported="true" />
                <Item id="tcm:4114-28599" title="Facets" extension="xml" itemType="Component" blueprintStatus="LocalItem" selected="true" exported="true" />
                <Item id="tcm:4114-28593" title="Product%20Detail" extension="xml" itemType="Component" blueprintStatus="LocalItem" selected="true" exported="true" />
                <Item id="tcm:4114-28609" title="Product%20Lister" extension="xml" itemType="Component" blueprintStatus="LocalItem" selected="true" exported="true" />
                <Item id="tcm:4114-28612" title="Promotions" extension="xml" itemType="Component" blueprintStatus="LocalItem" selected="true" exported="true" />
                <Item id="tcm:4114-28600" title="Search%20Box" extension="xml" itemType="Component" blueprintStatus="LocalItem" selected="true" exported="true" />
              </Item>
              <Item id="tcm:4114-22012-2" title="Schemas" itemType="Folder" blueprintStatus="LocalItem" selected="true" exported="true">
                <Item id="tcm:4114-31773-8" title="E-Commerce%20-%20Resources" extension="xsd" itemType="Schema" blueprintStatus="LocalItem" selected="true" exported="true" />
              </Item>
            </Item>
          </Item>
          <Item id="tcm:4114-19994-2" title="Navigation" itemType="Folder" blueprintStatus="LocalItem" selected="true" exported="true">
            <Item id="tcm:4114-19995-2" title="Site%20Manager" itemType="Folder" blueprintStatus="LocalItem" selected="true" exported="true">
              <Item id="tcm:4114-19996-2" title="Schemas" itemType="Folder" blueprintStatus="LocalItem" selected="true" exported="true">
                <Item id="tcm:4114-28648-8" title="Navigation%20Item" extension="xsd" itemType="Schema" subtype="2" blueprintStatus="LocalItem" selected="true" exported="true" />
                <Item id="tcm:4114-28647-8" title="Navigation%20Section" extension="xsd" itemType="Schema" blueprintStatus="LocalItem" selected="true" exported="true" />
              </Item>
              <Item id="tcm:4114-19997-2" title="Templates" itemType="Folder" blueprintStatus="LocalItem" selected="true" exported="true">
                <Item id="tcm:4114-28649-32" title="Navigation%20Section%20%5BMegaNavigation%5D" extension="tctcmp" itemType="ComponentTemplate" blueprintStatus="LocalItem" selected="true" exported="true" />
              </Item>
            </Item>
          </Item>
        </Item>
        <Item id="tcm:4114-18922-2" title="Settings" itemType="Folder" blueprintStatus="LocalItem" selected="true" exported="true">
          <Item id="tcm:4114-18923-2" title="Core" itemType="Folder" blueprintStatus="LocalItem" selected="false" exported="true">
            <Item id="tcm:4114-18924-2" title="Admin" itemType="Folder" blueprintStatus="LocalItem" selected="false" exported="true">
              <Item id="tcm:4114-27344" title="Environment%20Configuration" extension="xml" itemType="Component" blueprintStatus="LocalItem" selected="false" exported="true" />
            </Item>
            <Item id="tcm:4114-18929-2" title="Site%20Manager" itemType="Folder" blueprintStatus="LocalItem" selected="false" exported="true">
              <Item id="tcm:4114-27378" title="Bootstrap%20Configuration" extension="xml" itemType="Component" blueprintStatus="LocalItem" selected="false" exported="true" />
              <Item id="tcm:4114-27372" title="Core%20Resources" extension="xml" itemType="Component" blueprintStatus="LocalItem" selected="false" exported="true" />
              <Item id="tcm:4114-27374" title="Custom%20Resources" extension="xml" itemType="Component" blueprintStatus="LocalItem" selected="false" exported="true" />
              <Item id="tcm:4114-27377" title="Favicon" extension="ico" itemType="Component" subtype="1" blueprintStatus="LocalItem" selected="false" exported="true" />
              <Item id="tcm:4114-27380" title="HTML%20Design%20Configuration" extension="xml" itemType="Component" blueprintStatus="LocalItem" selected="false" exported="true" />
              <Item id="tcm:4114-27370" title="Localization%20Configuration" extension="xml" itemType="Component" blueprintStatus="LocalItem" selected="false" exported="true" />
              <Item id="tcm:4114-27369" title="Site%20Configuration" extension="xml" itemType="Component" blueprintStatus="LocalItem" selected="false" exported="true" />
            </Item>
          </Item>
          <Item id="tcm:4114-21992-2" title="E-Commerce" itemType="Folder" blueprintStatus="LocalItem" selected="true" exported="true">
            <Item id="tcm:4114-22011-2" title="Site%20Manager" itemType="Folder" blueprintStatus="LocalItem" selected="true" exported="true">
              <Item id="tcm:4114-31770" title="Demandware%20Localization%20Configuration" extension="xml" itemType="Component" blueprintStatus="LocalItem" selected="true" exported="true" />
              <Item id="tcm:4114-31774" title="E-Commerce%20Resources" extension="xml" itemType="Component" blueprintStatus="LocalItem" selected="true" exported="true" />
              <Item id="tcm:4114-31769" title="Fredhopper%20Localization%20Configuration" extension="xml" itemType="Component" blueprintStatus="LocalItem" selected="true" exported="true" />
              <Item id="tcm:4114-31771" title="Hybris%20Localization%20Configuration" extension="xml" itemType="Component" blueprintStatus="LocalItem" selected="true" exported="true" />
            </Item>
          </Item>
        </Item>
        <Item id="4009d75f74d64749a7bd23904e08f8d2" title="Default%20Multimedia%20Schema" extension="xsd" itemType="Schema" selected="false" exported="false" />
      </Item>
      <Item id="eea50a6ad04f467db223fb85c2e0e29d" title="Task%20Process" extension="tpd" itemType="ProcessDefinition" selected="false" exported="false" />
    </Item>
    <Item id="tcm:0-28-65544" title="Favicon" extension="tmt" itemType="MultimediaType" selected="false" exported="true" />
    <Item id="tcm:0-3-65544" title="Png%20image" extension="tmt" itemType="MultimediaType" selected="false" exported="true" />
    <Item id="tcm:0-27-65544" title="Zip%20file" extension="tmt" itemType="MultimediaType" selected="false" exported="true" />
  </Item>
</Index>